date,o2_median,o2_n_points,o2_dist_min_km,o2_dist_median_km,o2_dist_max_km
2024-02-01,247.42559051513672,44,28.306411434744845,55.852195301984636,67.95450828154688
2024-02-02,247.36227416992188,44,28.306411434744845,55.852195301984636,67.95450828154688
2024-02-03,246.95382690429688,44,28.306411434744845,55.852195301984636,67.95450828154688
2024-02-04,246.9709701538086,44,28.306411434744845,55.852195301984636,67.95450828154688
2024-02-05,247.1214141845703,44,28.306411434744845,55.852195301984636,67.95450828154688
2024-02-06,247.11048889160156,44,28.306411434744845,55.852195301984636,67.95450828154688
2024-02-07,247.03164672851562,44,28.306411434744845,55.852195301984636,67.95450828154688
2024-02-08,247.2191925048828,44,28.306411434744845,55.852195301984636,67.95450828154688
2024-02-09,247.24103546142578,44,28.306411434744845,55.852195301984636,67.95450828154688
2024-02-10,246.29558563232422,44,28.306411434744845,55.852195301984636,67.95450828154688
2024-02-11,245.92303466796875,44,28.306411434744845,55.852195301984636,67.95450828154688
2024-02-12,246.24761199951172,44,28.306411434744845,55.852195301984636,67.95450828154688
2024-02-13,246.7456283569336,44,28.306411434744845,55.852195301984636,67.95450828154688
2024-02-14,247.88082885742188,44,28.306411434744845,55.852195301984636,67.95450828154688
2024-02-15,248.93760681152344,44,28.306411434744845,55.852195301984636,67.95450828154688
2024-02-16,248.97840881347656,44,28.306411434744845,55.852195301984636,67.95450828154688
2024-02-17,248.29476928710938,44,28.306411434744845,55.852195301984636,67.95450828154688
2024-02-18,248.3074722290039,44,28.306411434744845,55.852195301984636,67.95450828154688
2024-02-19,249.11795806884766,44,28.306411434744845,55.852195301984636,67.95450828154688
2024-02-20,250.19597625732422,44,28.306411434744845,55.852195301984636,67.95450828154688
2024-02-21,250.72154998779297,44,28.306411434744845,55.852195301984636,67.95450828154688
2024-02-22,250.44265747070312,44,28.306411434744845,55.852195301984636,67.95450828154688
2024-02-23,248.9413604736328,44,28.306411434744845,55.852195301984636,67.95450828154688
2024-02-24,248.23410034179688,44,28.306411434744845,55.852195301984636,67.95450828154688
2024-02-25,248.08816528320312,44,28.306411434744845,55.852195301984636,67.95450828154688
2024-02-26,247.8040771484375,44,28.306411434744845,55.852195301984636,67.95450828154688
2024-02-27,247.99459075927734,44,28.306411434744845,55.852195301984636,67.95450828154688
2024-02-28,247.8368148803711,44,28.306411434744845,55.852195301984636,67.95450828154688
2024-02-29,247.86758422851562,44,28.306411434744845,55.852195301984636,67.95450828154688
2024-03-01,247.40496063232422,44,28.306411434744845,55.852195301984636,67.95450828154688
2024-03-02,247.58112335205078,44,28.306411434744845,55.852195301984636,67.95450828154688
2024-03-03,247.2940902709961,44,28.306411434744845,55.852195301984636,67.95450828154688
2024-03-04,246.83220672607422,44,28.306411434744845,55.852195301984636,67.95450828154688
2024-03-05,246.6204833984375,44,28.306411434744845,55.852195301984636,67.95450828154688
2024-03-06,247.02581024169922,44,28.306411434744845,55.852195301984636,67.95450828154688
2024-03-07,247.32755279541016,44,28.306411434744845,55.852195301984636,67.95450828154688
2024-03-08,247.27777099609375,44,28.306411434744845,55.852195301984636,67.95450828154688
2024-03-09,247.43728637695312,44,28.306411434744845,55.852195301984636,67.95450828154688
2024-03-10,247.24365997314453,44,28.306411434744845,55.852195301984636,67.95450828154688
2024-03-11,247.4419403076172,44,28.306411434744845,55.852195301984636,67.95450828154688
2024-03-12,248.17632293701172,44,28.306411434744845,55.852195301984636,67.95450828154688
2024-03-13,249.13976287841797,44,28.306411434744845,55.852195301984636,67.95450828154688
2024-03-14,249.9292221069336,44,28.306411434744845,55.852195301984636,67.95450828154688
2024-03-15,250.42974090576172,44,28.306411434744845,55.852195301984636,67.95450828154688
2024-03-16,250.72246551513672,44,28.306411434744845,55.852195301984636,67.95450828154688
2024-03-17,250.82083892822266,44,28.306411434744845,55.852195301984636,67.95450828154688
2024-03-18,250.7960662841797,44,28.306411434744845,55.852195301984636,67.95450828154688
2024-03-19,250.8196563720703,44,28.306411434744845,55.852195301984636,67.95450828154688
2024-03-20,250.52861785888672,44,28.306411434744845,55.852195301984636,67.95450828154688
2024-03-21,249.98094177246094,44,28.306411434744845,55.852195301984636,67.95450828154688
2024-03-22,249.77373504638672,44,28.306411434744845,55.852195301984636,67.95450828154688
2024-03-23,249.46783447265625,44,28.306411434744845,55.852195301984636,67.95450828154688
2024-03-24,249.25936889648438,44,28.306411434744845,55.852195301984636,67.95450828154688
2024-03-25,249.15475463867188,44,28.306411434744845,55.852195301984636,67.95450828154688
2024-03-26,248.92892456054688,44,28.306411434744845,55.852195301984636,67.95450828154688
2024-03-27,248.2367935180664,44,28.306411434744845,55.852195301984636,67.95450828154688
2024-03-28,248.2923355102539,44,28.306411434744845,55.852195301984636,67.95450828154688
2024-03-29,249.12165069580078,44,28.306411434744845,55.852195301984636,67.95450828154688
2024-03-30,249.4254379272461,44,28.306411434744845,55.852195301984636,67.95450828154688
2024-03-31,249.4017791748047,44,28.306411434744845,55.852195301984636,67.95450828154688
2024-04-01,249.48340606689453,44,28.306411434744845,55.852195301984636,67.95450828154688
2024-04-02,249.5301055908203,44,28.306411434744845,55.852195301984636,67.95450828154688
2024-04-03,249.57372283935547,44,28.306411434744845,55.852195301984636,67.95450828154688
2024-04-04,249.42638397216797,44,28.306411434744845,55.852195301984636,67.95450828154688
2024-04-05,248.99354553222656,44,28.306411434744845,55.852195301984636,67.95450828154688
2024-04-06,248.4272918701172,44,28.306411434744845,55.852195301984636,67.95450828154688
2024-04-07,247.5493621826172,44,28.306411434744845,55.852195301984636,67.95450828154688
2024-04-08,247.0715560913086,44,28.306411434744845,55.852195301984636,67.95450828154688
2024-04-09,247.07720184326172,44,28.306411434744845,55.852195301984636,67.95450828154688
2024-04-10,247.05490112304688,44,28.306411434744845,55.852195301984636,67.95450828154688
2024-04-11,247.06495666503906,44,28.306411434744845,55.852195301984636,67.95450828154688
2024-04-12,246.95092010498047,44,28.306411434744845,55.852195301984636,67.95450828154688
2024-04-13,246.94005584716797,44,28.306411434744845,55.852195301984636,67.95450828154688
2024-04-14,246.62460327148438,44,28.306411434744845,55.852195301984636,67.95450828154688
2024-04-15,246.2851791381836,44,28.306411434744845,55.852195301984636,67.95450828154688
2024-04-16,246.42877960205078,44,28.306411434744845,55.852195301984636,67.95450828154688
2024-04-17,246.14500427246094,44,28.306411434744845,55.852195301984636,67.95450828154688
2024-04-18,245.5789566040039,44,28.306411434744845,55.852195301984636,67.95450828154688
2024-04-19,245.6075210571289,44,28.306411434744845,55.852195301984636,67.95450828154688
2024-04-20,246.00225067138672,44,28.306411434744845,55.852195301984636,67.95450828154688
2024-04-21,245.6570053100586,44,28.306411434744845,55.852195301984636,67.95450828154688
2024-04-22,245.45674896240234,44,28.306411434744845,55.852195301984636,67.95450828154688
2024-04-23,245.47701263427734,44,28.306411434744845,55.852195301984636,67.95450828154688
2024-04-24,245.7439956665039,44,28.306411434744845,55.852195301984636,67.95450828154688
2024-04-25,245.94344329833984,44,28.306411434744845,55.852195301984636,67.95450828154688
2024-04-26,245.79881286621094,44,28.306411434744845,55.852195301984636,67.95450828154688
2024-04-27,245.60906982421875,44,28.306411434744845,55.852195301984636,67.95450828154688
2024-04-28,245.35511779785156,44,28.306411434744845,55.852195301984636,67.95450828154688
2024-04-29,244.88311004638672,44,28.306411434744845,55.852195301984636,67.95450828154688
2024-04-30,244.28953552246094,44,28.306411434744845,55.852195301984636,67.95450828154688
2024-05-01,243.8930892944336,44,28.306411434744845,55.852195301984636,67.95450828154688
2024-05-02,243.5539779663086,44,28.306411434744845,55.852195301984636,67.95450828154688
2024-05-03,243.5483169555664,44,28.306411434744845,55.852195301984636,67.95450828154688
2024-05-04,243.49353790283203,44,28.306411434744845,55.852195301984636,67.95450828154688
2024-05-05,243.39588165283203,44,28.306411434744845,55.852195301984636,67.95450828154688
2024-05-06,243.08567810058594,44,28.306411434744845,55.852195301984636,67.95450828154688
2024-05-07,242.62020874023438,44,28.306411434744845,55.852195301984636,67.95450828154688
2024-05-08,242.212158203125,44,28.306411434744845,55.852195301984636,67.95450828154688
2024-05-09,241.99542236328125,44,28.306411434744845,55.852195301984636,67.95450828154688
2024-05-10,241.5782699584961,44,28.306411434744845,55.852195301984636,67.95450828154688
2024-05-11,240.8401107788086,44,28.306411434744845,55.852195301984636,67.95450828154688
2024-05-12,240.1397933959961,44,28.306411434744845,55.852195301984636,67.95450828154688
2024-05-13,239.65166473388672,44,28.306411434744845,55.852195301984636,67.95450828154688
2024-05-14,239.4173812866211,44,28.306411434744845,55.852195301984636,67.95450828154688
2024-05-15,239.30843353271484,44,28.306411434744845,55.852195301984636,67.95450828154688
2024-05-16,238.80026245117188,44,28.306411434744845,55.852195301984636,67.95450828154688
2024-05-17,238.4917755126953,44,28.306411434744845,55.852195301984636,67.95450828154688
2024-05-18,238.14678192138672,44,28.306411434744845,55.852195301984636,67.95450828154688
2024-05-19,237.63336944580078,44,28.306411434744845,55.852195301984636,67.95450828154688
2024-05-20,236.73542022705078,44,28.306411434744845,55.852195301984636,67.95450828154688
2024-05-21,236.01949310302734,44,28.306411434744845,55.852195301984636,67.95450828154688
2024-05-22,235.825927734375,44,28.306411434744845,55.852195301984636,67.95450828154688
2024-05-23,235.45552825927734,44,28.306411434744845,55.852195301984636,67.95450828154688
2024-05-24,234.95293426513672,44,28.306411434744845,55.852195301984636,67.95450828154688
2024-05-25,234.63289642333984,44,28.306411434744845,55.852195301984636,67.95450828154688
2024-05-26,234.13673400878906,44,28.306411434744845,55.852195301984636,67.95450828154688
2024-05-27,233.21282196044922,44,28.306411434744845,55.852195301984636,67.95450828154688
2024-05-28,232.35189056396484,44,28.306411434744845,55.852195301984636,67.95450828154688
2024-05-29,231.87102508544922,44,28.306411434744845,55.852195301984636,67.95450828154688
2024-05-30,231.46551513671875,44,28.306411434744845,55.852195301984636,67.95450828154688
2024-05-31,232.65125274658203,44,28.306411434744845,55.852195301984636,67.95450828154688
2024-06-01,233.17144012451172,44,28.306411434744845,55.852195301984636,67.95450828154688
2024-06-02,232.58236694335938,44,28.306411434744845,55.852195301984636,67.95450828154688
2024-06-03,232.19995880126953,44,28.306411434744845,55.852195301984636,67.95450828154688
2024-06-04,232.121826171875,44,28.306411434744845,55.852195301984636,67.95450828154688
2024-06-05,231.7797622680664,44,28.306411434744845,55.852195301984636,67.95450828154688
2024-06-06,231.25692749023438,44,28.306411434744845,55.852195301984636,67.95450828154688
2024-06-07,230.58343505859375,44,28.306411434744845,55.852195301984636,67.95450828154688
2024-06-08,230.0448226928711,44,28.306411434744845,55.852195301984636,67.95450828154688
2024-06-09,229.95619201660156,44,28.306411434744845,55.852195301984636,67.95450828154688
2024-06-10,229.40638732910156,44,28.306411434744845,55.852195301984636,67.95450828154688
2024-06-11,228.7859115600586,44,28.306411434744845,55.852195301984636,67.95450828154688
2024-06-12,228.0711669921875,44,28.306411434744845,55.852195301984636,67.95450828154688
2024-06-13,227.66897583007812,44,28.306411434744845,55.852195301984636,67.95450828154688
2024-06-14,227.11884307861328,44,28.306411434744845,55.852195301984636,67.95450828154688
2024-06-15,226.3043670654297,44,28.306411434744845,55.852195301984636,67.95450828154688
2024-06-16,226.06533813476562,44,28.306411434744845,55.852195301984636,67.95450828154688
2024-06-17,225.98726654052734,44,28.306411434744845,55.852195301984636,67.95450828154688
2024-06-18,225.47747039794922,44,28.306411434744845,55.852195301984636,67.95450828154688
2024-06-19,225.1602325439453,44,28.306411434744845,55.852195301984636,67.95450828154688
2024-06-20,225.07057189941406,44,28.306411434744845,55.852195301984636,67.95450828154688
2024-06-21,224.94429779052734,44,28.306411434744845,55.852195301984636,67.95450828154688
2024-06-22,224.86504364013672,44,28.306411434744845,55.852195301984636,67.95450828154688
2024-06-23,224.41927337646484,44,28.306411434744845,55.852195301984636,67.95450828154688
2024-06-24,224.2297134399414,44,28.306411434744845,55.852195301984636,67.95450828154688
2024-06-25,223.7291488647461,44,28.306411434744845,55.852195301984636,67.95450828154688
2024-06-26,224.08623504638672,44,28.306411434744845,55.852195301984636,67.95450828154688
2024-06-27,224.0483856201172,44,28.306411434744845,55.852195301984636,67.95450828154688
2024-06-28,223.49613189697266,44,28.306411434744845,55.852195301984636,67.95450828154688
2024-06-29,222.83917999267578,44,28.306411434744845,55.852195301984636,67.95450828154688
2024-06-30,222.25072479248047,44,28.306411434744845,55.852195301984636,67.95450828154688
2024-07-01,221.57916259765625,44,28.306411434744845,55.852195301984636,67.95450828154688
2024-07-02,221.066650390625,44,28.306411434744845,55.852195301984636,67.95450828154688
2024-07-03,221.03731536865234,44,28.306411434744845,55.852195301984636,67.95450828154688
2024-07-04,221.018310546875,44,28.306411434744845,55.852195301984636,67.95450828154688
2024-07-05,221.00493621826172,44,28.306411434744845,55.852195301984636,67.95450828154688
2024-07-06,220.14873504638672,44,28.306411434744845,55.852195301984636,67.95450828154688
2024-07-07,219.9644775390625,44,28.306411434744845,55.852195301984636,67.95450828154688
2024-07-08,219.2739486694336,44,28.306411434744845,55.852195301984636,67.95450828154688
2024-07-09,218.62954711914062,44,28.306411434744845,55.852195301984636,67.95450828154688
2024-07-10,217.91736602783203,44,28.306411434744845,55.852195301984636,67.95450828154688
2024-07-11,217.2616195678711,44,28.306411434744845,55.852195301984636,67.95450828154688
2024-07-12,216.9409942626953,44,28.306411434744845,55.852195301984636,67.95450828154688
2024-07-13,216.39332580566406,44,28.306411434744845,55.852195301984636,67.95450828154688
2024-07-14,215.69505310058594,44,28.306411434744845,55.852195301984636,67.95450828154688
2024-07-15,215.623291015625,44,28.306411434744845,55.852195301984636,67.95450828154688
2024-07-16,215.44607543945312,44,28.306411434744845,55.852195301984636,67.95450828154688
2024-07-17,214.80902862548828,44,28.306411434744845,55.852195301984636,67.95450828154688
2024-07-18,213.0712890625,44,28.306411434744845,55.852195301984636,67.95450828154688
2024-07-19,212.5572738647461,44,28.306411434744845,55.852195301984636,67.95450828154688
2024-07-20,212.3691177368164,44,28.306411434744845,55.852195301984636,67.95450828154688
2024-07-21,212.63214111328125,44,28.306411434744845,55.852195301984636,67.95450828154688
2024-07-22,212.22376251220703,44,28.306411434744845,55.852195301984636,67.95450828154688
2024-07-23,211.94207000732422,44,28.306411434744845,55.852195301984636,67.95450828154688
2024-07-24,211.51687622070312,44,28.306411434744845,55.852195301984636,67.95450828154688
2024-07-25,210.96485137939453,44,28.306411434744845,55.852195301984636,67.95450828154688
2024-07-26,210.85784912109375,44,28.306411434744845,55.852195301984636,67.95450828154688
2024-07-27,211.0221176147461,44,28.306411434744845,55.852195301984636,67.95450828154688
2024-07-28,210.64382934570312,44,28.306411434744845,55.852195301984636,67.95450828154688
2024-07-29,210.697509765625,44,28.306411434744845,55.852195301984636,67.95450828154688
2024-07-30,210.57650756835938,44,28.306411434744845,55.852195301984636,67.95450828154688
2024-07-31,210.35276794433594,44,28.306411434744845,55.852195301984636,67.95450828154688
2024-08-01,209.59999084472656,44,28.306411434744845,55.852195301984636,67.95450828154688
2024-08-02,208.78984832763672,44,28.306411434744845,55.852195301984636,67.95450828154688
2024-08-03,208.31517028808594,44,28.306411434744845,55.852195301984636,67.95450828154688
2024-08-04,208.11566162109375,44,28.306411434744845,55.852195301984636,67.95450828154688
2024-08-05,207.70915985107422,44,28.306411434744845,55.852195301984636,67.95450828154688
2024-08-06,207.2648696899414,44,28.306411434744845,55.852195301984636,67.95450828154688
2024-08-07,207.58108520507812,44,28.306411434744845,55.852195301984636,67.95450828154688
2024-08-08,207.50008392333984,44,28.306411434744845,55.852195301984636,67.95450828154688
2024-08-09,207.69940948486328,44,28.306411434744845,55.852195301984636,67.95450828154688
2024-08-10,209.40916442871094,44,28.306411434744845,55.852195301984636,67.95450828154688
2024-08-11,209.41482543945312,44,28.306411434744845,55.852195301984636,67.95450828154688
2024-08-12,208.7713623046875,44,28.306411434744845,55.852195301984636,67.95450828154688
2024-08-13,207.94403839111328,44,28.306411434744845,55.852195301984636,67.95450828154688
2024-08-14,207.41803741455078,44,28.306411434744845,55.852195301984636,67.95450828154688
2024-08-15,206.94464874267578,44,28.306411434744845,55.852195301984636,67.95450828154688
2024-08-16,206.1942138671875,44,28.306411434744845,55.852195301984636,67.95450828154688
2024-08-17,205.90727996826172,44,28.306411434744845,55.852195301984636,67.95450828154688
2024-08-18,205.6316680908203,44,28.306411434744845,55.852195301984636,67.95450828154688
2024-08-19,205.35047912597656,44,28.306411434744845,55.852195301984636,67.95450828154688
2024-08-20,205.35690307617188,44,28.306411434744845,55.852195301984636,67.95450828154688
2024-08-21,205.8086929321289,44,28.306411434744845,55.852195301984636,67.95450828154688
2024-08-22,205.731201171875,44,28.306411434744845,55.852195301984636,67.95450828154688
2024-08-23,205.24021911621094,44,28.306411434744845,55.852195301984636,67.95450828154688
2024-08-24,205.06417083740234,44,28.306411434744845,55.852195301984636,67.95450828154688
2024-08-25,205.23741149902344,44,28.306411434744845,55.852195301984636,67.95450828154688
2024-08-26,205.82515716552734,44,28.306411434744845,55.852195301984636,67.95450828154688
2024-08-27,206.89630126953125,44,28.306411434744845,55.852195301984636,67.95450828154688
2024-08-28,208.52628326416016,44,28.306411434744845,55.852195301984636,67.95450828154688
2024-08-29,210.1850128173828,44,28.306411434744845,55.852195301984636,67.95450828154688
2024-08-30,211.27652740478516,44,28.306411434744845,55.852195301984636,67.95450828154688
2024-08-31,211.13106536865234,44,28.306411434744845,55.852195301984636,67.95450828154688
2024-09-01,209.3597869873047,44,28.306411434744845,55.852195301984636,67.95450828154688
2024-09-02,208.303466796875,44,28.306411434744845,55.852195301984636,67.95450828154688
2024-09-03,208.86870574951172,44,28.306411434744845,55.852195301984636,67.95450828154688
2024-09-04,210.09415435791016,44,28.306411434744845,55.852195301984636,67.95450828154688
2024-09-05,212.197509765625,44,28.306411434744845,55.852195301984636,67.95450828154688
2024-09-06,212.15770721435547,44,28.306411434744845,55.852195301984636,67.95450828154688
2024-09-07,213.13681030273438,44,28.306411434744845,55.852195301984636,67.95450828154688
2024-09-08,212.82657623291016,44,28.306411434744845,55.852195301984636,67.95450828154688
2024-09-09,213.12933349609375,44,28.306411434744845,55.852195301984636,67.95450828154688
2024-09-10,212.6542510986328,44,28.306411434744845,55.852195301984636,67.95450828154688
2024-09-11,212.39803314208984,44,28.306411434744845,55.852195301984636,67.95450828154688
2024-09-12,212.53156280517578,44,28.306411434744845,55.852195301984636,67.95450828154688
2024-09-13,212.5707550048828,44,28.306411434744845,55.852195301984636,67.95450828154688
2024-09-14,213.45491790771484,44,28.306411434744845,55.852195301984636,67.95450828154688
2024-09-15,214.01248168945312,44,28.306411434744845,55.852195301984636,67.95450828154688
2024-09-16,214.07003784179688,44,28.306411434744845,55.852195301984636,67.95450828154688
2024-09-17,214.83512115478516,44,28.306411434744845,55.852195301984636,67.95450828154688
2024-09-18,214.99539947509766,44,28.306411434744845,55.852195301984636,67.95450828154688
2024-09-19,215.62061309814453,44,28.306411434744845,55.852195301984636,67.95450828154688
2024-09-20,216.07394409179688,44,28.306411434744845,55.852195301984636,67.95450828154688
2024-09-21,215.83814239501953,44,28.306411434744845,55.852195301984636,67.95450828154688
2024-09-22,215.4849624633789,44,28.306411434744845,55.852195301984636,67.95450828154688
2024-09-23,215.43506622314453,44,28.306411434744845,55.852195301984636,67.95450828154688
2024-09-24,214.03141021728516,44,28.306411434744845,55.852195301984636,67.95450828154688
2024-09-25,215.40643310546875,44,28.306411434744845,55.852195301984636,67.95450828154688
2024-09-26,215.96703338623047,44,28.306411434744845,55.852195301984636,67.95450828154688
2024-09-27,216.81272888183594,44,28.306411434744845,55.852195301984636,67.95450828154688
2024-09-28,217.13548278808594,44,28.306411434744845,55.852195301984636,67.95450828154688
2024-09-29,217.57386016845703,44,28.306411434744845,55.852195301984636,67.95450828154688
2024-09-30,217.66244506835938,44,28.306411434744845,55.852195301984636,67.95450828154688
2024-10-01,217.60189056396484,44,28.306411434744845,55.852195301984636,67.95450828154688
2024-10-02,217.1651611328125,44,28.306411434744845,55.852195301984636,67.95450828154688
2024-10-03,217.35301971435547,44,28.306411434744845,55.852195301984636,67.95450828154688
2024-10-04,217.97061920166016,44,28.306411434744845,55.852195301984636,67.95450828154688
2024-10-05,218.3683319091797,44,28.306411434744845,55.852195301984636,67.95450828154688
2024-10-06,218.57611083984375,44,28.306411434744845,55.852195301984636,67.95450828154688
2024-10-07,218.41786193847656,44,28.306411434744845,55.852195301984636,67.95450828154688
2024-10-08,219.08860778808594,44,28.306411434744845,55.852195301984636,67.95450828154688
2024-10-09,219.30571746826172,44,28.306411434744845,55.852195301984636,67.95450828154688
2024-10-10,219.21717071533203,44,28.306411434744845,55.852195301984636,67.95450828154688
2024-10-11,219.58729553222656,44,28.306411434744845,55.852195301984636,67.95450828154688
2024-10-12,219.51162719726562,44,28.306411434744845,55.852195301984636,67.95450828154688
2024-10-13,219.46807098388672,44,28.306411434744845,55.852195301984636,67.95450828154688
2024-10-14,219.2560806274414,44,28.306411434744845,55.852195301984636,67.95450828154688
2024-10-15,219.20986938476562,44,28.306411434744845,55.852195301984636,67.95450828154688
2024-10-16,219.0814971923828,44,28.306411434744845,55.852195301984636,67.95450828154688
2024-10-17,219.1416778564453,44,28.306411434744845,55.852195301984636,67.95450828154688
2024-10-18,219.72728729248047,44,28.306411434744845,55.852195301984636,67.95450828154688
2024-10-19,220.00879669189453,44,28.306411434744845,55.852195301984636,67.95450828154688
2024-10-20,220.33900451660156,44,28.306411434744845,55.852195301984636,67.95450828154688
2024-10-21,220.83797454833984,44,28.306411434744845,55.852195301984636,67.95450828154688
2024-10-22,221.163818359375,44,28.306411434744845,55.852195301984636,67.95450828154688
2024-10-23,221.35889434814453,44,28.306411434744845,55.852195301984636,67.95450828154688
2024-10-24,221.53807067871094,44,28.306411434744845,55.852195301984636,67.95450828154688
2024-10-25,221.78302764892578,44,28.306411434744845,55.852195301984636,67.95450828154688
2024-10-26,222.08116149902344,44,28.306411434744845,55.852195301984636,67.95450828154688
2024-10-27,222.6029815673828,44,28.306411434744845,55.852195301984636,67.95450828154688
2024-10-28,222.66867065429688,44,28.306411434744845,55.852195301984636,67.95450828154688
2024-10-29,222.96160888671875,44,28.306411434744845,55.852195301984636,67.95450828154688
2024-10-30,222.94072723388672,44,28.306411434744845,55.852195301984636,67.95450828154688
2024-10-31,222.9640884399414,44,28.306411434744845,55.852195301984636,67.95450828154688
2024-11-01,223.27195739746094,44,28.306411434744845,55.852195301984636,67.95450828154688
2024-11-02,223.5192642211914,44,28.306411434744845,55.852195301984636,67.95450828154688
2024-11-03,223.66837310791016,44,28.306411434744845,55.852195301984636,67.95450828154688
2024-11-04,223.82820892333984,44,28.306411434744845,55.852195301984636,67.95450828154688
2024-11-05,224.47560119628906,44,28.306411434744845,55.852195301984636,67.95450828154688
2024-11-06,224.90753173828125,44,28.306411434744845,55.852195301984636,67.95450828154688
2024-11-07,225.27301025390625,44,28.306411434744845,55.852195301984636,67.95450828154688
2024-11-08,225.77071380615234,44,28.306411434744845,55.852195301984636,67.95450828154688
2024-11-09,226.3126220703125,44,28.306411434744845,55.852195301984636,67.95450828154688
2024-11-10,226.39376068115234,44,28.306411434744845,55.852195301984636,67.95450828154688
2024-11-11,226.67056274414062,44,28.306411434744845,55.852195301984636,67.95450828154688
2024-11-12,227.13418579101562,44,28.306411434744845,55.852195301984636,67.95450828154688
2024-11-13,227.37725067138672,44,28.306411434744845,55.852195301984636,67.95450828154688
2024-11-14,227.43374633789062,44,28.306411434744845,55.852195301984636,67.95450828154688
2024-11-15,227.6615219116211,44,28.306411434744845,55.852195301984636,67.95450828154688
2024-11-16,227.84374237060547,44,28.306411434744845,55.852195301984636,67.95450828154688
2024-11-17,228.0582733154297,44,28.306411434744845,55.852195301984636,67.95450828154688
2024-11-18,228.51363372802734,44,28.306411434744845,55.852195301984636,67.95450828154688
2024-11-19,229.16393280029297,44,28.306411434744845,55.852195301984636,67.95450828154688
2024-11-20,229.96031951904297,44,28.306411434744845,55.852195301984636,67.95450828154688
2024-11-21,230.3433074951172,44,28.306411434744845,55.852195301984636,67.95450828154688
2024-11-22,230.6068572998047,44,28.306411434744845,55.852195301984636,67.95450828154688
2024-11-23,231.48854064941406,44,28.306411434744845,55.852195301984636,67.95450828154688
2024-11-24,232.95101928710938,44,28.306411434744845,55.852195301984636,67.95450828154688
2024-11-25,234.4066925048828,44,28.306411434744845,55.852195301984636,67.95450828154688
2024-11-26,235.75988006591797,44,28.306411434744845,55.852195301984636,67.95450828154688
2024-11-27,237.0951919555664,44,28.306411434744845,55.852195301984636,67.95450828154688
2024-11-28,237.63800811767578,44,28.306411434744845,55.852195301984636,67.95450828154688
2024-11-29,237.79126739501953,44,28.306411434744845,55.852195301984636,67.95450828154688
2024-11-30,237.73139190673828,44,28.306411434744845,55.852195301984636,67.95450828154688
2024-12-01,237.94427490234375,44,28.306411434744845,55.852195301984636,67.95450828154688
2024-12-02,238.15306854248047,44,28.306411434744845,55.852195301984636,67.95450828154688
2024-12-03,238.11492156982422,44,28.306411434744845,55.852195301984636,67.95450828154688
2024-12-04,236.87632751464844,44,28.306411434744845,55.852195301984636,67.95450828154688
2024-12-05,236.2189178466797,44,28.306411434744845,55.852195301984636,67.95450828154688
2024-12-06,236.4359130859375,44,28.306411434744845,55.852195301984636,67.95450828154688
2024-12-07,236.54266357421875,44,28.306411434744845,55.852195301984636,67.95450828154688
2024-12-08,236.25463104248047,44,28.306411434744845,55.852195301984636,67.95450828154688
2024-12-09,236.1784210205078,44,28.306411434744845,55.852195301984636,67.95450828154688
2024-12-10,236.4573745727539,44,28.306411434744845,55.852195301984636,67.95450828154688
2024-12-11,236.9637451171875,44,28.306411434744845,55.852195301984636,67.95450828154688
2024-12-12,237.40372467041016,44,28.306411434744845,55.852195301984636,67.95450828154688
2024-12-13,237.85067749023438,44,28.306411434744845,55.852195301984636,67.95450828154688
2024-12-14,237.99459838867188,44,28.306411434744845,55.852195301984636,67.95450828154688
2024-12-15,238.07940673828125,44,28.306411434744845,55.852195301984636,67.95450828154688
2024-12-16,238.10247802734375,44,28.306411434744845,55.852195301984636,67.95450828154688
2024-12-17,238.2997817993164,44,28.306411434744845,55.852195301984636,67.95450828154688
2024-12-18,238.52452850341797,44,28.306411434744845,55.852195301984636,67.95450828154688
2024-12-19,238.55322265625,44,28.306411434744845,55.852195301984636,67.95450828154688
2024-12-20,238.63077545166016,44,28.306411434744845,55.852195301984636,67.95450828154688
2024-12-21,238.64949798583984,44,28.306411434744845,55.852195301984636,67.95450828154688
2024-12-22,238.74867248535156,44,28.306411434744845,55.852195301984636,67.95450828154688
2024-12-23,238.6432113647461,44,28.306411434744845,55.852195301984636,67.95450828154688
2024-12-24,238.45620727539062,44,28.306411434744845,55.852195301984636,67.95450828154688
2024-12-25,238.55078887939453,44,28.306411434744845,55.852195301984636,67.95450828154688
2024-12-26,238.86132049560547,44,28.306411434744845,55.852195301984636,67.95450828154688
2024-12-27,239.1219024658203,44,28.306411434744845,55.852195301984636,67.95450828154688
2024-12-28,239.40582275390625,44,28.306411434744845,55.852195301984636,67.95450828154688
2024-12-29,239.7250747680664,44,28.306411434744845,55.852195301984636,67.95450828154688
2024-12-30,239.9689712524414,44,28.306411434744845,55.852195301984636,67.95450828154688
2024-12-31,240.08487701416016,44,28.306411434744845,55.852195301984636,67.95450828154688
2025-01-01,240.33769989013672,44,28.306411434744845,55.852195301984636,67.95450828154688
2025-01-02,240.60076141357422,44,28.306411434744845,55.852195301984636,67.95450828154688
2025-01-03,240.53812408447266,44,28.306411434744845,55.852195301984636,67.95450828154688
2025-01-04,240.57709503173828,44,28.306411434744845,55.852195301984636,67.95450828154688
2025-01-05,240.74020385742188,44,28.306411434744845,55.852195301984636,67.95450828154688
2025-01-06,240.57030487060547,44,28.306411434744845,55.852195301984636,67.95450828154688
2025-01-07,240.35059356689453,44,28.306411434744845,55.852195301984636,67.95450828154688
2025-01-08,240.41294860839844,44,28.306411434744845,55.852195301984636,67.95450828154688
2025-01-09,240.74769592285156,44,28.306411434744845,55.852195301984636,67.95450828154688
2025-01-10,241.150390625,44,28.306411434744845,55.852195301984636,67.95450828154688
2025-01-11,241.5224838256836,44,28.306411434744845,55.852195301984636,67.95450828154688
2025-01-12,241.9030990600586,44,28.306411434744845,55.852195301984636,67.95450828154688
2025-01-13,241.96925354003906,44,28.306411434744845,55.852195301984636,67.95450828154688
2025-01-14,242.18047332763672,44,28.306411434744845,55.852195301984636,67.95450828154688
2025-01-15,242.2647705078125,44,28.306411434744845,55.852195301984636,67.95450828154688
2025-01-16,242.2006607055664,44,28.306411434744845,55.852195301984636,67.95450828154688
2025-01-17,242.22315216064453,44,28.306411434744845,55.852195301984636,67.95450828154688
2025-01-18,241.86004638671875,44,28.306411434744845,55.852195301984636,67.95450828154688
2025-01-19,241.5348129272461,44,28.306411434744845,55.852195301984636,67.95450828154688
2025-01-20,242.01250457763672,44,28.306411434744845,55.852195301984636,67.95450828154688
2025-01-21,242.87925720214844,44,28.306411434744845,55.852195301984636,67.95450828154688
2025-01-22,243.80257415771484,44,28.306411434744845,55.852195301984636,67.95450828154688
2025-01-23,244.8935089111328,44,28.306411434744845,55.852195301984636,67.95450828154688
2025-01-24,246.29595184326172,44,28.306411434744845,55.852195301984636,67.95450828154688
2025-01-25,247.2973861694336,44,28.306411434744845,55.852195301984636,67.95450828154688
2025-01-26,247.70915985107422,44,28.306411434744845,55.852195301984636,67.95450828154688
2025-01-27,247.12618255615234,44,28.306411434744845,55.852195301984636,67.95450828154688
2025-01-28,245.50206756591797,44,28.306411434744845,55.852195301984636,67.95450828154688
2025-01-29,245.01780700683594,44,28.306411434744845,55.852195301984636,67.95450828154688
2025-01-30,244.98121643066406,44,28.306411434744845,55.852195301984636,67.95450828154688
2025-01-31,245.36075592041016,44,28.306411434744845,55.852195301984636,67.95450828154688
2025-02-01,245.82598876953125,44,28.306411434744845,55.852195301984636,67.95450828154688
2025-02-02,245.92095947265625,44,28.306411434744845,55.852195301984636,67.95450828154688
2025-02-03,245.98037719726562,44,28.306411434744845,55.852195301984636,67.95450828154688
2025-02-04,246.5245361328125,44,28.306411434744845,55.852195301984636,67.95450828154688
2025-02-05,247.2667694091797,44,28.306411434744845,55.852195301984636,67.95450828154688
2025-02-06,247.8182373046875,44,28.306411434744845,55.852195301984636,67.95450828154688
2025-02-07,248.1564712524414,44,28.306411434744845,55.852195301984636,67.95450828154688
2025-02-08,248.09514617919922,44,28.306411434744845,55.852195301984636,67.95450828154688
2025-02-09,248.57183074951172,44,28.306411434744845,55.852195301984636,67.95450828154688
2025-02-10,249.27120971679688,44,28.306411434744845,55.852195301984636,67.95450828154688
2025-02-11,250.05406188964844,44,28.306411434744845,55.852195301984636,67.95450828154688
2025-02-12,250.7847900390625,44,28.306411434744845,55.852195301984636,67.95450828154688
2025-02-13,250.86283111572266,44,28.306411434744845,55.852195301984636,67.95450828154688
2025-02-14,250.91580200195312,44,28.306411434744845,55.852195301984636,67.95450828154688
2025-02-15,251.66962432861328,44,28.306411434744845,55.852195301984636,67.95450828154688
2025-02-16,252.3692398071289,44,28.306411434744845,55.852195301984636,67.95450828154688
2025-02-17,252.90583038330078,44,28.306411434744845,55.852195301984636,67.95450828154688
2025-02-18,253.18144989013672,44,28.306411434744845,55.852195301984636,67.95450828154688
2025-02-19,253.41150665283203,44,28.306411434744845,55.852195301984636,67.95450828154688
2025-02-20,253.62084197998047,44,28.306411434744845,55.852195301984636,67.95450828154688
2025-02-21,253.7016143798828,44,28.306411434744845,55.852195301984636,67.95450828154688
2025-02-22,253.49496459960938,44,28.306411434744845,55.852195301984636,67.95450828154688
2025-02-23,253.28752899169922,44,28.306411434744845,55.852195301984636,67.95450828154688
2025-02-24,253.29591369628906,44,28.306411434744845,55.852195301984636,67.95450828154688
2025-02-25,253.06814575195312,44,28.306411434744845,55.852195301984636,67.95450828154688
2025-02-26,252.73997497558594,44,28.306411434744845,55.852195301984636,67.95450828154688
2025-02-27,253.00531768798828,44,28.306411434744845,55.852195301984636,67.95450828154688
2025-02-28,252.82526397705078,44,28.306411434744845,55.852195301984636,67.95450828154688
