date,uo_median,uo_n_points,uo_dist_min_km,uo_dist_median_km,uo_dist_max_km,vo_median,vo_n_points,vo_dist_min_km,vo_dist_median_km,vo_dist_max_km
2024-02-01,0.1408766210079193,52,2.0797980279792667,18.649134501336313,22.49864944036456,-0.009550400078296661,52,2.0797980279792667,18.649134501336313,22.49864944036456
2024-02-02,0.038365162909030914,52,2.0797980279792667,18.649134501336313,22.49864944036456,-0.030878489837050438,52,2.0797980279792667,18.649134501336313,22.49864944036456
2024-02-03,-0.0665840320289135,52,2.0797980279792667,18.649134501336313,22.49864944036456,0.004890206037089229,52,2.0797980279792667,18.649134501336313,22.49864944036456
2024-02-04,-0.04967443272471428,52,2.0797980279792667,18.649134501336313,22.49864944036456,0.013216476421803236,52,2.0797980279792667,18.649134501336313,22.49864944036456
2024-02-05,0.007046026643365622,52,2.0797980279792667,18.649134501336313,22.49864944036456,0.008973216637969017,52,2.0797980279792667,18.649134501336313,22.49864944036456
2024-02-06,0.11786914616823196,52,2.0797980279792667,18.649134501336313,22.49864944036456,0.0027669540140777826,52,2.0797980279792667,18.649134501336313,22.49864944036456
2024-02-07,0.21323449909687042,52,2.0797980279792667,18.649134501336313,22.49864944036456,-0.0007930784486234188,52,2.0797980279792667,18.649134501336313,22.49864944036456
2024-02-08,0.2005944848060608,52,2.0797980279792667,18.649134501336313,22.49864944036456,0.006374898366630077,52,2.0797980279792667,18.649134501336313,22.49864944036456
2024-02-09,0.21678125113248825,52,2.0797980279792667,18.649134501336313,22.49864944036456,0.01916704699397087,52,2.0797980279792667,18.649134501336313,22.49864944036456
2024-02-10,0.36005236208438873,52,2.0797980279792667,18.649134501336313,22.49864944036456,-0.026355737820267677,52,2.0797980279792667,18.649134501336313,22.49864944036456
2024-02-11,0.49474622309207916,52,2.0797980279792667,18.649134501336313,22.49864944036456,-0.03139877691864967,52,2.0797980279792667,18.649134501336313,22.49864944036456
2024-02-12,0.5207051336765289,52,2.0797980279792667,18.649134501336313,22.49864944036456,0.0014372165314853191,52,2.0797980279792667,18.649134501336313,22.49864944036456
2024-02-13,0.5103691220283508,52,2.0797980279792667,18.649134501336313,22.49864944036456,-0.006411491893231869,52,2.0797980279792667,18.649134501336313,22.49864944036456
2024-02-14,0.3571862131357193,52,2.0797980279792667,18.649134501336313,22.49864944036456,0.05169531889259815,52,2.0797980279792667,18.649134501336313,22.49864944036456
2024-02-15,0.3059198707342148,52,2.0797980279792667,18.649134501336313,22.49864944036456,0.08873714506626129,52,2.0797980279792667,18.649134501336313,22.49864944036456
2024-02-16,0.2922763079404831,52,2.0797980279792667,18.649134501336313,22.49864944036456,0.024962086230516434,52,2.0797980279792667,18.649134501336313,22.49864944036456
2024-02-17,0.14732345193624496,52,2.0797980279792667,18.649134501336313,22.49864944036456,0.05572398751974106,52,2.0797980279792667,18.649134501336313,22.49864944036456
2024-02-18,0.0928608775138855,52,2.0797980279792667,18.649134501336313,22.49864944036456,0.09588379040360451,52,2.0797980279792667,18.649134501336313,22.49864944036456
2024-02-19,0.04744138941168785,52,2.0797980279792667,18.649134501336313,22.49864944036456,0.04413691908121109,52,2.0797980279792667,18.649134501336313,22.49864944036456
2024-02-20,-0.005175480269826949,52,2.0797980279792667,18.649134501336313,22.49864944036456,0.023080289363861084,52,2.0797980279792667,18.649134501336313,22.49864944036456
2024-02-21,-0.12154155224561691,52,2.0797980279792667,18.649134501336313,22.49864944036456,0.0286167124286294,52,2.0797980279792667,18.649134501336313,22.49864944036456
2024-02-22,-0.17624317854642868,52,2.0797980279792667,18.649134501336313,22.49864944036456,0.02947151940315962,52,2.0797980279792667,18.649134501336313,22.49864944036456
2024-02-23,-0.08595358952879906,52,2.0797980279792667,18.649134501336313,22.49864944036456,0.001004917488899082,52,2.0797980279792667,18.649134501336313,22.49864944036456
2024-02-24,0.09599856287240982,52,2.0797980279792667,18.649134501336313,22.49864944036456,0.005084417760372162,52,2.0797980279792667,18.649134501336313,22.49864944036456
2024-02-25,0.2176579311490059,52,2.0797980279792667,18.649134501336313,22.49864944036456,0.006944688968360424,52,2.0797980279792667,18.649134501336313,22.49864944036456
2024-02-26,0.35696056485176086,52,2.0797980279792667,18.649134501336313,22.49864944036456,0.004084580112248659,52,2.0797980279792667,18.649134501336313,22.49864944036456
2024-02-27,0.5380241572856903,52,2.0797980279792667,18.649134501336313,22.49864944036456,-0.0016820847522467375,52,2.0797980279792667,18.649134501336313,22.49864944036456
2024-02-28,0.3590189814567566,52,2.0797980279792667,18.649134501336313,22.49864944036456,-0.012242558877915144,52,2.0797980279792667,18.649134501336313,22.49864944036456
2024-02-29,0.23300658911466599,52,2.0797980279792667,18.649134501336313,22.49864944036456,0.0896853655576706,52,2.0797980279792667,18.649134501336313,22.49864944036456
2024-03-01,0.20231341570615768,52,2.0797980279792667,18.649134501336313,22.49864944036456,0.10539399832487106,52,2.0797980279792667,18.649134501336313,22.49864944036456
2024-03-02,0.18410193175077438,52,2.0797980279792667,18.649134501336313,22.49864944036456,0.08510018140077591,52,2.0797980279792667,18.649134501336313,22.49864944036456
2024-03-03,0.202907994389534,52,2.0797980279792667,18.649134501336313,22.49864944036456,0.05243063159286976,52,2.0797980279792667,18.649134501336313,22.49864944036456
2024-03-04,0.25538407266139984,52,2.0797980279792667,18.649134501336313,22.49864944036456,0.0246660765260458,52,2.0797980279792667,18.649134501336313,22.49864944036456
2024-03-05,0.14203428477048874,52,2.0797980279792667,18.649134501336313,22.49864944036456,0.019313696771860123,52,2.0797980279792667,18.649134501336313,22.49864944036456
2024-03-06,0.01778787188231945,52,2.0797980279792667,18.649134501336313,22.49864944036456,0.08105095475912094,52,2.0797980279792667,18.649134501336313,22.49864944036456
2024-03-07,-0.10084322094917297,52,2.0797980279792667,18.649134501336313,22.49864944036456,0.053391577675938606,52,2.0797980279792667,18.649134501336313,22.49864944036456
2024-03-08,-0.0805571861565113,52,2.0797980279792667,18.649134501336313,22.49864944036456,0.01714756991714239,52,2.0797980279792667,18.649134501336313,22.49864944036456
2024-03-09,-0.11747508123517036,52,2.0797980279792667,18.649134501336313,22.49864944036456,0.017326881177723408,52,2.0797980279792667,18.649134501336313,22.49864944036456
2024-03-10,0.021282603964209557,52,2.0797980279792667,18.649134501336313,22.49864944036456,-0.02391590178012848,52,2.0797980279792667,18.649134501336313,22.49864944036456
2024-03-11,0.07468559220433235,52,2.0797980279792667,18.649134501336313,22.49864944036456,-0.046968238428235054,52,2.0797980279792667,18.649134501336313,22.49864944036456
2024-03-12,0.05565847083926201,52,2.0797980279792667,18.649134501336313,22.49864944036456,-0.03766573779284954,52,2.0797980279792667,18.649134501336313,22.49864944036456
2024-03-13,-0.005169822834432125,52,2.0797980279792667,18.649134501336313,22.49864944036456,0.01139574171975255,52,2.0797980279792667,18.649134501336313,22.49864944036456
2024-03-14,-0.032211193814873695,52,2.0797980279792667,18.649134501336313,22.49864944036456,-0.0332645196467638,52,2.0797980279792667,18.649134501336313,22.49864944036456
2024-03-15,-0.035266066901385784,52,2.0797980279792667,18.649134501336313,22.49864944036456,-0.017224027775228024,52,2.0797980279792667,18.649134501336313,22.49864944036456
2024-03-16,0.01195134362205863,52,2.0797980279792667,18.649134501336313,22.49864944036456,0.0005736055318266153,52,2.0797980279792667,18.649134501336313,22.49864944036456
2024-03-17,-0.03013117704540491,52,2.0797980279792667,18.649134501336313,22.49864944036456,0.04286868870258331,52,2.0797980279792667,18.649134501336313,22.49864944036456
2024-03-18,0.015107505954802036,52,2.0797980279792667,18.649134501336313,22.49864944036456,-0.010435010772198439,52,2.0797980279792667,18.649134501336313,22.49864944036456
2024-03-19,0.04052448831498623,52,2.0797980279792667,18.649134501336313,22.49864944036456,0.024841628037393093,52,2.0797980279792667,18.649134501336313,22.49864944036456
2024-03-20,0.028955889865756035,52,2.0797980279792667,18.649134501336313,22.49864944036456,0.03836699575185776,52,2.0797980279792667,18.649134501336313,22.49864944036456
2024-03-21,0.01287792343646288,52,2.0797980279792667,18.649134501336313,22.49864944036456,0.0381862036883831,52,2.0797980279792667,18.649134501336313,22.49864944036456
2024-03-22,-0.017820065841078758,52,2.0797980279792667,18.649134501336313,22.49864944036456,0.0636424869298935,52,2.0797980279792667,18.649134501336313,22.49864944036456
2024-03-23,-0.10083749517798424,52,2.0797980279792667,18.649134501336313,22.49864944036456,0.03572571277618408,52,2.0797980279792667,18.649134501336313,22.49864944036456
2024-03-24,-0.18985752016305923,52,2.0797980279792667,18.649134501336313,22.49864944036456,0.03347126767039299,52,2.0797980279792667,18.649134501336313,22.49864944036456
2024-03-25,-0.11130141466856003,52,2.0797980279792667,18.649134501336313,22.49864944036456,0.0001552352332510054,52,2.0797980279792667,18.649134501336313,22.49864944036456
2024-03-26,0.04838435910642147,52,2.0797980279792667,18.649134501336313,22.49864944036456,-0.001872885215561837,52,2.0797980279792667,18.649134501336313,22.49864944036456
2024-03-27,0.31243935227394104,52,2.0797980279792667,18.649134501336313,22.49864944036456,-0.0030734484316781163,52,2.0797980279792667,18.649134501336313,22.49864944036456
2024-03-28,0.44756266474723816,52,2.0797980279792667,18.649134501336313,22.49864944036456,-0.0038537979125976562,52,2.0797980279792667,18.649134501336313,22.49864944036456
2024-03-29,0.32368195056915283,52,2.0797980279792667,18.649134501336313,22.49864944036456,-0.02214101329445839,52,2.0797980279792667,18.649134501336313,22.49864944036456
2024-03-30,0.1689584031701088,52,2.0797980279792667,18.649134501336313,22.49864944036456,-0.013834680430591106,52,2.0797980279792667,18.649134501336313,22.49864944036456
2024-03-31,0.16132144629955292,52,2.0797980279792667,18.649134501336313,22.49864944036456,-0.008530954597517848,52,2.0797980279792667,18.649134501336313,22.49864944036456
2024-04-01,0.1820671185851097,52,2.0797980279792667,18.649134501336313,22.49864944036456,-0.07443683221936226,52,2.0797980279792667,18.649134501336313,22.49864944036456
2024-04-02,0.15866202861070633,52,2.0797980279792667,18.649134501336313,22.49864944036456,-0.019513561390340328,52,2.0797980279792667,18.649134501336313,22.49864944036456
2024-04-03,0.11255785822868347,52,2.0797980279792667,18.649134501336313,22.49864944036456,-0.04463483393192291,52,2.0797980279792667,18.649134501336313,22.49864944036456
2024-04-04,-0.00507212826050818,52,2.0797980279792667,18.649134501336313,22.49864944036456,0.02228150423616171,52,2.0797980279792667,18.649134501336313,22.49864944036456
2024-04-05,-0.07702725753188133,52,2.0797980279792667,18.649134501336313,22.49864944036456,0.05855710431933403,52,2.0797980279792667,18.649134501336313,22.49864944036456
2024-04-06,-0.07512727379798889,52,2.0797980279792667,18.649134501336313,22.49864944036456,0.05122056044638157,52,2.0797980279792667,18.649134501336313,22.49864944036456
2024-04-07,-0.15071739256381989,52,2.0797980279792667,18.649134501336313,22.49864944036456,0.032372163608670235,52,2.0797980279792667,18.649134501336313,22.49864944036456
2024-04-08,-0.20023983716964722,52,2.0797980279792667,18.649134501336313,22.49864944036456,0.016875281929969788,52,2.0797980279792667,18.649134501336313,22.49864944036456
2024-04-09,-0.046983761712908745,52,2.0797980279792667,18.649134501336313,22.49864944036456,-0.00848247017711401,52,2.0797980279792667,18.649134501336313,22.49864944036456
2024-04-10,0.068393025547266,52,2.0797980279792667,18.649134501336313,22.49864944036456,-0.028799320571124554,52,2.0797980279792667,18.649134501336313,22.49864944036456
2024-04-11,-0.02026466652750969,52,2.0797980279792667,18.649134501336313,22.49864944036456,-0.011187512427568436,52,2.0797980279792667,18.649134501336313,22.49864944036456
2024-04-12,-0.01683796476572752,52,2.0797980279792667,18.649134501336313,22.49864944036456,0.013930803630501032,52,2.0797980279792667,18.649134501336313,22.49864944036456
2024-04-13,-0.004678272642195225,52,2.0797980279792667,18.649134501336313,22.49864944036456,0.007265301188454032,52,2.0797980279792667,18.649134501336313,22.49864944036456
2024-04-14,-0.045817961916327477,52,2.0797980279792667,18.649134501336313,22.49864944036456,0.024034962058067322,52,2.0797980279792667,18.649134501336313,22.49864944036456
2024-04-15,0.006178871961310506,52,2.0797980279792667,18.649134501336313,22.49864944036456,0.017262091860175133,52,2.0797980279792667,18.649134501336313,22.49864944036456
2024-04-16,0.12711192667484283,52,2.0797980279792667,18.649134501336313,22.49864944036456,-0.007414134684950113,52,2.0797980279792667,18.649134501336313,22.49864944036456
2024-04-17,0.0999610424041748,52,2.0797980279792667,18.649134501336313,22.49864944036456,0.0554539579898119,52,2.0797980279792667,18.649134501336313,22.49864944036456
2024-04-18,0.04139934852719307,52,2.0797980279792667,18.649134501336313,22.49864944036456,0.035937219858169556,52,2.0797980279792667,18.649134501336313,22.49864944036456
2024-04-19,-0.06989594548940659,52,2.0797980279792667,18.649134501336313,22.49864944036456,0.029362698085606098,52,2.0797980279792667,18.649134501336313,22.49864944036456
2024-04-20,-0.09298975393176079,52,2.0797980279792667,18.649134501336313,22.49864944036456,0.027392739430069923,52,2.0797980279792667,18.649134501336313,22.49864944036456
2024-04-21,-0.16608494520187378,52,2.0797980279792667,18.649134501336313,22.49864944036456,0.021971283480525017,52,2.0797980279792667,18.649134501336313,22.49864944036456
2024-04-22,-0.2774457186460495,52,2.0797980279792667,18.649134501336313,22.49864944036456,0.04283570498228073,52,2.0797980279792667,18.649134501336313,22.49864944036456
2024-04-23,-0.4510793089866638,52,2.0797980279792667,18.649134501336313,22.49864944036456,-0.001974618760868907,52,2.0797980279792667,18.649134501336313,22.49864944036456
2024-04-24,-0.5354638695716858,52,2.0797980279792667,18.649134501336313,22.49864944036456,-0.02737687062472105,52,2.0797980279792667,18.649134501336313,22.49864944036456
2024-04-25,-0.5933746695518494,52,2.0797980279792667,18.649134501336313,22.49864944036456,-0.006471713073551655,52,2.0797980279792667,18.649134501336313,22.49864944036456
2024-04-26,-0.49816733598709106,52,2.0797980279792667,18.649134501336313,22.49864944036456,-0.05890965461730957,52,2.0797980279792667,18.649134501336313,22.49864944036456
2024-04-27,-0.3212540000677109,52,2.0797980279792667,18.649134501336313,22.49864944036456,-0.10030743107199669,52,2.0797980279792667,18.649134501336313,22.49864944036456
2024-04-28,-0.04965498298406601,52,2.0797980279792667,18.649134501336313,22.49864944036456,-0.046641210094094276,52,2.0797980279792667,18.649134501336313,22.49864944036456
2024-04-29,0.17068680375814438,52,2.0797980279792667,18.649134501336313,22.49864944036456,-0.06720877438783646,52,2.0797980279792667,18.649134501336313,22.49864944036456
2024-04-30,0.22218375653028488,52,2.0797980279792667,18.649134501336313,22.49864944036456,-0.031976666301488876,52,2.0797980279792667,18.649134501336313,22.49864944036456
2024-05-01,0.26902925968170166,52,2.0797980279792667,18.649134501336313,22.49864944036456,-0.0345302764326334,52,2.0797980279792667,18.649134501336313,22.49864944036456
2024-05-02,0.3296179324388504,52,2.0797980279792667,18.649134501336313,22.49864944036456,-0.02941838651895523,52,2.0797980279792667,18.649134501336313,22.49864944036456
2024-05-03,0.1765897274017334,52,2.0797980279792667,18.649134501336313,22.49864944036456,-0.01717966515570879,52,2.0797980279792667,18.649134501336313,22.49864944036456
2024-05-04,0.09699292853474617,52,2.0797980279792667,18.649134501336313,22.49864944036456,0.002279348613228649,52,2.0797980279792667,18.649134501336313,22.49864944036456
2024-05-05,0.06405983865261078,52,2.0797980279792667,18.649134501336313,22.49864944036456,-0.016977393068373203,52,2.0797980279792667,18.649134501336313,22.49864944036456
2024-05-06,0.04799068160355091,52,2.0797980279792667,18.649134501336313,22.49864944036456,-0.03098909091204405,52,2.0797980279792667,18.649134501336313,22.49864944036456
2024-05-07,0.008529516402631998,52,2.0797980279792667,18.649134501336313,22.49864944036456,0.004821604699827731,52,2.0797980279792667,18.649134501336313,22.49864944036456
2024-05-08,0.0011600223369896412,52,2.0797980279792667,18.649134501336313,22.49864944036456,-0.0015803425339981914,52,2.0797980279792667,18.649134501336313,22.49864944036456
2024-05-09,-0.02548087015748024,52,2.0797980279792667,18.649134501336313,22.49864944036456,-0.008740656077861786,52,2.0797980279792667,18.649134501336313,22.49864944036456
2024-05-10,-0.16011770069599152,52,2.0797980279792667,18.649134501336313,22.49864944036456,0.05109100788831711,52,2.0797980279792667,18.649134501336313,22.49864944036456
2024-05-11,-0.23268773406744003,52,2.0797980279792667,18.649134501336313,22.49864944036456,0.03002876602113247,52,2.0797980279792667,18.649134501336313,22.49864944036456
2024-05-12,-0.22721371799707413,52,2.0797980279792667,18.649134501336313,22.49864944036456,0.02537753526121378,52,2.0797980279792667,18.649134501336313,22.49864944036456
2024-05-13,-0.12981204688549042,52,2.0797980279792667,18.649134501336313,22.49864944036456,-0.06093594804406166,52,2.0797980279792667,18.649134501336313,22.49864944036456
2024-05-14,0.03296626824885607,52,2.0797980279792667,18.649134501336313,22.49864944036456,-0.04065573960542679,52,2.0797980279792667,18.649134501336313,22.49864944036456
2024-05-15,0.2142539769411087,52,2.0797980279792667,18.649134501336313,22.49864944036456,-0.05220828950405121,52,2.0797980279792667,18.649134501336313,22.49864944036456
2024-05-16,0.3655634671449661,52,2.0797980279792667,18.649134501336313,22.49864944036456,-0.03958544321358204,52,2.0797980279792667,18.649134501336313,22.49864944036456
2024-05-17,0.3122468590736389,52,2.0797980279792667,18.649134501336313,22.49864944036456,-0.027600130066275597,52,2.0797980279792667,18.649134501336313,22.49864944036456
2024-05-18,0.2752540558576584,52,2.0797980279792667,18.649134501336313,22.49864944036456,-0.053404415026307106,52,2.0797980279792667,18.649134501336313,22.49864944036456
2024-05-19,0.2445918247103691,52,2.0797980279792667,18.649134501336313,22.49864944036456,-0.05845609866082668,52,2.0797980279792667,18.649134501336313,22.49864944036456
2024-05-20,0.26473070681095123,52,2.0797980279792667,18.649134501336313,22.49864944036456,-0.08816846087574959,52,2.0797980279792667,18.649134501336313,22.49864944036456
2024-05-21,0.29345105588436127,52,2.0797980279792667,18.649134501336313,22.49864944036456,-0.05438855476677418,52,2.0797980279792667,18.649134501336313,22.49864944036456
2024-05-22,0.2536960542201996,52,2.0797980279792667,18.649134501336313,22.49864944036456,-0.047371162101626396,52,2.0797980279792667,18.649134501336313,22.49864944036456
2024-05-23,0.10142644867300987,52,2.0797980279792667,18.649134501336313,22.49864944036456,-0.018726696260273457,52,2.0797980279792667,18.649134501336313,22.49864944036456
2024-05-24,0.02739093266427517,52,2.0797980279792667,18.649134501336313,22.49864944036456,-0.029117013327777386,52,2.0797980279792667,18.649134501336313,22.49864944036456
2024-05-25,0.10287940874695778,52,2.0797980279792667,18.649134501336313,22.49864944036456,-0.05241859145462513,52,2.0797980279792667,18.649134501336313,22.49864944036456
2024-05-26,0.09711511060595512,52,2.0797980279792667,18.649134501336313,22.49864944036456,-0.018685467541217804,52,2.0797980279792667,18.649134501336313,22.49864944036456
2024-05-27,0.18469544500112534,52,2.0797980279792667,18.649134501336313,22.49864944036456,-0.07545582950115204,52,2.0797980279792667,18.649134501336313,22.49864944036456
2024-05-28,0.1195298284292221,52,2.0797980279792667,18.649134501336313,22.49864944036456,-0.038678646087646484,52,2.0797980279792667,18.649134501336313,22.49864944036456
2024-05-29,0.04442468285560608,52,2.0797980279792667,18.649134501336313,22.49864944036456,-0.012469128705561161,52,2.0797980279792667,18.649134501336313,22.49864944036456
2024-05-30,0.0043366767931729555,52,2.0797980279792667,18.649134501336313,22.49864944036456,-0.011338353157043457,52,2.0797980279792667,18.649134501336313,22.49864944036456
2024-05-31,-0.10759676247835159,52,2.0797980279792667,18.649134501336313,22.49864944036456,-0.008866586722433567,52,2.0797980279792667,18.649134501336313,22.49864944036456
2024-06-01,-0.2221149057149887,52,2.0797980279792667,18.649134501336313,22.49864944036456,-0.016775737516582012,52,2.0797980279792667,18.649134501336313,22.49864944036456
2024-06-02,-0.31610530614852905,52,2.0797980279792667,18.649134501336313,22.49864944036456,-0.022658303380012512,52,2.0797980279792667,18.649134501336313,22.49864944036456
2024-06-03,-0.3418652415275574,52,2.0797980279792667,18.649134501336313,22.49864944036456,-0.016302446834743023,52,2.0797980279792667,18.649134501336313,22.49864944036456
2024-06-04,-0.27184219658374786,52,2.0797980279792667,18.649134501336313,22.49864944036456,-0.008322597481310368,52,2.0797980279792667,18.649134501336313,22.49864944036456
2024-06-05,-0.18866011500358582,52,2.0797980279792667,18.649134501336313,22.49864944036456,-0.028946188278496265,52,2.0797980279792667,18.649134501336313,22.49864944036456
2024-06-06,0.04092315025627613,52,2.0797980279792667,18.649134501336313,22.49864944036456,-0.0011580655118450522,52,2.0797980279792667,18.649134501336313,22.49864944036456
2024-06-07,0.04192194528877735,52,2.0797980279792667,18.649134501336313,22.49864944036456,-0.018878242000937462,52,2.0797980279792667,18.649134501336313,22.49864944036456
2024-06-08,0.05486608296632767,52,2.0797980279792667,18.649134501336313,22.49864944036456,-0.09135992079973221,52,2.0797980279792667,18.649134501336313,22.49864944036456
2024-06-09,0.12635893747210503,52,2.0797980279792667,18.649134501336313,22.49864944036456,-0.1039375551044941,52,2.0797980279792667,18.649134501336313,22.49864944036456
2024-06-10,0.16551179438829422,52,2.0797980279792667,18.649134501336313,22.49864944036456,-0.045237546786665916,52,2.0797980279792667,18.649134501336313,22.49864944036456
2024-06-11,0.08210024610161781,52,2.0797980279792667,18.649134501336313,22.49864944036456,-0.07762013003230095,52,2.0797980279792667,18.649134501336313,22.49864944036456
2024-06-12,0.06598152592778206,52,2.0797980279792667,18.649134501336313,22.49864944036456,-0.06482697650790215,52,2.0797980279792667,18.649134501336313,22.49864944036456
2024-06-13,0.029750973917543888,52,2.0797980279792667,18.649134501336313,22.49864944036456,-0.019085844047367573,52,2.0797980279792667,18.649134501336313,22.49864944036456
2024-06-14,0.02804577723145485,52,2.0797980279792667,18.649134501336313,22.49864944036456,0.0077092028222978115,52,2.0797980279792667,18.649134501336313,22.49864944036456
2024-06-15,0.10941465198993683,52,2.0797980279792667,18.649134501336313,22.49864944036456,-0.04231100715696812,52,2.0797980279792667,18.649134501336313,22.49864944036456
2024-06-16,0.09449850767850876,52,2.0797980279792667,18.649134501336313,22.49864944036456,-0.028921828605234623,52,2.0797980279792667,18.649134501336313,22.49864944036456
2024-06-17,0.08829694986343384,52,2.0797980279792667,18.649134501336313,22.49864944036456,-0.004480902571231127,52,2.0797980279792667,18.649134501336313,22.49864944036456
2024-06-18,0.1177585981786251,52,2.0797980279792667,18.649134501336313,22.49864944036456,-0.04513775371015072,52,2.0797980279792667,18.649134501336313,22.49864944036456
2024-06-19,0.2362765148282051,52,2.0797980279792667,18.649134501336313,22.49864944036456,-0.05050257220864296,52,2.0797980279792667,18.649134501336313,22.49864944036456
2024-06-20,0.3397803455591202,52,2.0797980279792667,18.649134501336313,22.49864944036456,-0.06781741604208946,52,2.0797980279792667,18.649134501336313,22.49864944036456
2024-06-21,0.4176621437072754,52,2.0797980279792667,18.649134501336313,22.49864944036456,-0.04099000804126263,52,2.0797980279792667,18.649134501336313,22.49864944036456
2024-06-22,0.3450174480676651,52,2.0797980279792667,18.649134501336313,22.49864944036456,-0.005094969877973199,52,2.0797980279792667,18.649134501336313,22.49864944036456
2024-06-23,0.21659980714321136,52,2.0797980279792667,18.649134501336313,22.49864944036456,0.011602578219026327,52,2.0797980279792667,18.649134501336313,22.49864944036456
2024-06-24,0.0010391536634415388,52,2.0797980279792667,18.649134501336313,22.49864944036456,0.0460942555218935,52,2.0797980279792667,18.649134501336313,22.49864944036456
2024-06-25,-0.1498490869998932,52,2.0797980279792667,18.649134501336313,22.49864944036456,0.02549058571457863,52,2.0797980279792667,18.649134501336313,22.49864944036456
2024-06-26,-0.2401658594608307,52,2.0797980279792667,18.649134501336313,22.49864944036456,0.037830621004104614,52,2.0797980279792667,18.649134501336313,22.49864944036456
2024-06-27,-0.12680422514677048,52,2.0797980279792667,18.649134501336313,22.49864944036456,-0.02319577056914568,52,2.0797980279792667,18.649134501336313,22.49864944036456
2024-06-28,0.17767224460840225,52,2.0797980279792667,18.649134501336313,22.49864944036456,-0.05693758837878704,52,2.0797980279792667,18.649134501336313,22.49864944036456
2024-06-29,0.2391444593667984,52,2.0797980279792667,18.649134501336313,22.49864944036456,-0.08149702847003937,52,2.0797980279792667,18.649134501336313,22.49864944036456
2024-06-30,0.19803202897310257,52,2.0797980279792667,18.649134501336313,22.49864944036456,-0.006697031436488032,52,2.0797980279792667,18.649134501336313,22.49864944036456
2024-07-01,0.20796243846416473,52,2.0797980279792667,18.649134501336313,22.49864944036456,-0.07527248188853264,52,2.0797980279792667,18.649134501336313,22.49864944036456
2024-07-02,0.10155873000621796,52,2.0797980279792667,18.649134501336313,22.49864944036456,-0.03090396337211132,52,2.0797980279792667,18.649134501336313,22.49864944036456
2024-07-03,0.05563941039144993,52,2.0797980279792667,18.649134501336313,22.49864944036456,-0.009327939711511135,52,2.0797980279792667,18.649134501336313,22.49864944036456
2024-07-04,-0.01219563651829958,52,2.0797980279792667,18.649134501336313,22.49864944036456,-0.0006870749348308891,52,2.0797980279792667,18.649134501336313,22.49864944036456
2024-07-05,-0.16775650531053543,52,2.0797980279792667,18.649134501336313,22.49864944036456,0.012950691394507885,52,2.0797980279792667,18.649134501336313,22.49864944036456
2024-07-06,-0.13285429775714874,52,2.0797980279792667,18.649134501336313,22.49864944036456,-0.0348176434636116,52,2.0797980279792667,18.649134501336313,22.49864944036456
2024-07-07,-0.03992240130901337,52,2.0797980279792667,18.649134501336313,22.49864944036456,0.010937295854091644,52,2.0797980279792667,18.649134501336313,22.49864944036456
2024-07-08,0.03469507209956646,52,2.0797980279792667,18.649134501336313,22.49864944036456,0.03510051593184471,52,2.0797980279792667,18.649134501336313,22.49864944036456
2024-07-09,0.12104534357786179,52,2.0797980279792667,18.649134501336313,22.49864944036456,0.030472871847450733,52,2.0797980279792667,18.649134501336313,22.49864944036456
2024-07-10,0.15702331066131592,52,2.0797980279792667,18.649134501336313,22.49864944036456,-0.007329277694225311,52,2.0797980279792667,18.649134501336313,22.49864944036456
2024-07-11,0.1284923404455185,52,2.0797980279792667,18.649134501336313,22.49864944036456,0.038831278681755066,52,2.0797980279792667,18.649134501336313,22.49864944036456
2024-07-12,0.10703535750508308,52,2.0797980279792667,18.649134501336313,22.49864944036456,0.006878256797790527,52,2.0797980279792667,18.649134501336313,22.49864944036456
2024-07-13,0.07108183950185776,52,2.0797980279792667,18.649134501336313,22.49864944036456,0.05298603139817715,52,2.0797980279792667,18.649134501336313,22.49864944036456
2024-07-14,0.06924963742494583,52,2.0797980279792667,18.649134501336313,22.49864944036456,0.006049057701602578,52,2.0797980279792667,18.649134501336313,22.49864944036456
2024-07-15,0.1344924122095108,52,2.0797980279792667,18.649134501336313,22.49864944036456,0.028237350285053253,52,2.0797980279792667,18.649134501336313,22.49864944036456
2024-07-16,0.11758978292346,52,2.0797980279792667,18.649134501336313,22.49864944036456,0.014171538408845663,52,2.0797980279792667,18.649134501336313,22.49864944036456
2024-07-17,-0.001542461512144655,52,2.0797980279792667,18.649134501336313,22.49864944036456,0.055275093764066696,52,2.0797980279792667,18.649134501336313,22.49864944036456
2024-07-18,0.01328153908252716,52,2.0797980279792667,18.649134501336313,22.49864944036456,0.049509359523653984,52,2.0797980279792667,18.649134501336313,22.49864944036456
2024-07-19,0.03056705091148615,52,2.0797980279792667,18.649134501336313,22.49864944036456,-0.0018530276138335466,52,2.0797980279792667,18.649134501336313,22.49864944036456
2024-07-20,-0.0121879861690104,52,2.0797980279792667,18.649134501336313,22.49864944036456,0.029096371494233608,52,2.0797980279792667,18.649134501336313,22.49864944036456
2024-07-21,-0.023838983848690987,52,2.0797980279792667,18.649134501336313,22.49864944036456,-0.06471242383122444,52,2.0797980279792667,18.649134501336313,22.49864944036456
2024-07-22,-0.07053958252072334,52,2.0797980279792667,18.649134501336313,22.49864944036456,0.06290067173540592,52,2.0797980279792667,18.649134501336313,22.49864944036456
2024-07-23,-0.05011117272078991,52,2.0797980279792667,18.649134501336313,22.49864944036456,0.040128154680132866,52,2.0797980279792667,18.649134501336313,22.49864944036456
2024-07-24,0.043742746114730835,52,2.0797980279792667,18.649134501336313,22.49864944036456,0.030480370856821537,52,2.0797980279792667,18.649134501336313,22.49864944036456
2024-07-25,0.051998445764184,52,2.0797980279792667,18.649134501336313,22.49864944036456,0.022689773701131344,52,2.0797980279792667,18.649134501336313,22.49864944036456
2024-07-26,0.036520302295684814,52,2.0797980279792667,18.649134501336313,22.49864944036456,0.03080802597105503,52,2.0797980279792667,18.649134501336313,22.49864944036456
2024-07-27,0.0927678756415844,52,2.0797980279792667,18.649134501336313,22.49864944036456,0.013412391766905785,52,2.0797980279792667,18.649134501336313,22.49864944036456
2024-07-28,0.12667964398860931,52,2.0797980279792667,18.649134501336313,22.49864944036456,-0.0047568767331540585,52,2.0797980279792667,18.649134501336313,22.49864944036456
2024-07-29,0.07006362453103065,52,2.0797980279792667,18.649134501336313,22.49864944036456,0.020335642620921135,52,2.0797980279792667,18.649134501336313,22.49864944036456
2024-07-30,-0.0010513047454878688,52,2.0797980279792667,18.649134501336313,22.49864944036456,0.027194103226065636,52,2.0797980279792667,18.649134501336313,22.49864944036456
2024-07-31,0.016559076495468616,52,2.0797980279792667,18.649134501336313,22.49864944036456,-0.03146995138376951,52,2.0797980279792667,18.649134501336313,22.49864944036456
2024-08-01,0.0737912580370903,52,2.0797980279792667,18.649134501336313,22.49864944036456,-0.03477274440228939,52,2.0797980279792667,18.649134501336313,22.49864944036456
2024-08-02,0.043162256479263306,52,2.0797980279792667,18.649134501336313,22.49864944036456,-0.046741217374801636,52,2.0797980279792667,18.649134501336313,22.49864944036456
2024-08-03,0.006939095910638571,52,2.0797980279792667,18.649134501336313,22.49864944036456,-0.024798749014735222,52,2.0797980279792667,18.649134501336313,22.49864944036456
2024-08-04,0.0313795143738389,52,2.0797980279792667,18.649134501336313,22.49864944036456,0.03187424875795841,52,2.0797980279792667,18.649134501336313,22.49864944036456
2024-08-05,0.06787034496665001,52,2.0797980279792667,18.649134501336313,22.49864944036456,0.03714224509894848,52,2.0797980279792667,18.649134501336313,22.49864944036456
2024-08-06,0.04869837686419487,52,2.0797980279792667,18.649134501336313,22.49864944036456,0.022973177023231983,52,2.0797980279792667,18.649134501336313,22.49864944036456
2024-08-07,0.06528131663799286,52,2.0797980279792667,18.649134501336313,22.49864944036456,0.03994608856737614,52,2.0797980279792667,18.649134501336313,22.49864944036456
2024-08-08,0.1378823220729828,52,2.0797980279792667,18.649134501336313,22.49864944036456,-0.0440337210893631,52,2.0797980279792667,18.649134501336313,22.49864944036456
2024-08-09,0.08074775710701942,52,2.0797980279792667,18.649134501336313,22.49864944036456,-0.05216040834784508,52,2.0797980279792667,18.649134501336313,22.49864944036456
2024-08-10,0.030671521089971066,52,2.0797980279792667,18.649134501336313,22.49864944036456,0.03157528676092625,52,2.0797980279792667,18.649134501336313,22.49864944036456
2024-08-11,0.10712235793471336,52,2.0797980279792667,18.649134501336313,22.49864944036456,0.021412824280560017,52,2.0797980279792667,18.649134501336313,22.49864944036456
2024-08-12,0.09789283573627472,52,2.0797980279792667,18.649134501336313,22.49864944036456,-0.04038908705115318,52,2.0797980279792667,18.649134501336313,22.49864944036456
2024-08-13,0.07815239205956459,52,2.0797980279792667,18.649134501336313,22.49864944036456,-0.00921561848372221,52,2.0797980279792667,18.649134501336313,22.49864944036456
2024-08-14,0.11024124175310135,52,2.0797980279792667,18.649134501336313,22.49864944036456,-0.025433631613850594,52,2.0797980279792667,18.649134501336313,22.49864944036456
2024-08-15,0.24457888305187225,52,2.0797980279792667,18.649134501336313,22.49864944036456,-0.03640498220920563,52,2.0797980279792667,18.649134501336313,22.49864944036456
2024-08-16,0.2523672580718994,52,2.0797980279792667,18.649134501336313,22.49864944036456,-0.029097389429807663,52,2.0797980279792667,18.649134501336313,22.49864944036456
2024-08-17,0.19501140713691711,52,2.0797980279792667,18.649134501336313,22.49864944036456,-0.03159316908568144,52,2.0797980279792667,18.649134501336313,22.49864944036456
2024-08-18,0.056693000718951225,52,2.0797980279792667,18.649134501336313,22.49864944036456,0.025712781585752964,52,2.0797980279792667,18.649134501336313,22.49864944036456
2024-08-19,-0.04636051133275032,52,2.0797980279792667,18.649134501336313,22.49864944036456,0.06475625932216644,52,2.0797980279792667,18.649134501336313,22.49864944036456
2024-08-20,-0.09868685528635979,52,2.0797980279792667,18.649134501336313,22.49864944036456,0.07036472111940384,52,2.0797980279792667,18.649134501336313,22.49864944036456
2024-08-21,-0.12942150980234146,52,2.0797980279792667,18.649134501336313,22.49864944036456,0.1031232438981533,52,2.0797980279792667,18.649134501336313,22.49864944036456
2024-08-22,0.01279918709769845,52,2.0797980279792667,18.649134501336313,22.49864944036456,0.06921064481139183,52,2.0797980279792667,18.649134501336313,22.49864944036456
2024-08-23,0.11443444713950157,52,2.0797980279792667,18.649134501336313,22.49864944036456,0.004601243766956031,52,2.0797980279792667,18.649134501336313,22.49864944036456
2024-08-24,0.15123873203992844,52,2.0797980279792667,18.649134501336313,22.49864944036456,0.012611029669642448,52,2.0797980279792667,18.649134501336313,22.49864944036456
2024-08-25,0.13127512484788895,52,2.0797980279792667,18.649134501336313,22.49864944036456,0.031228303909301758,52,2.0797980279792667,18.649134501336313,22.49864944036456
2024-08-26,0.08703923225402832,52,2.0797980279792667,18.649134501336313,22.49864944036456,0.04859791323542595,52,2.0797980279792667,18.649134501336313,22.49864944036456
2024-08-27,0.04270180128514767,52,2.0797980279792667,18.649134501336313,22.49864944036456,0.01892200391739607,52,2.0797980279792667,18.649134501336313,22.49864944036456
2024-08-28,0.03204510919749737,52,2.0797980279792667,18.649134501336313,22.49864944036456,0.00553353875875473,52,2.0797980279792667,18.649134501336313,22.49864944036456
2024-08-29,0.01853342168033123,52,2.0797980279792667,18.649134501336313,22.49864944036456,0.0010769835789687932,52,2.0797980279792667,18.649134501336313,22.49864944036456
2024-08-30,-0.0019195463974028826,52,2.0797980279792667,18.649134501336313,22.49864944036456,-0.030301728285849094,52,2.0797980279792667,18.649134501336313,22.49864944036456
2024-08-31,-0.07893509790301323,52,2.0797980279792667,18.649134501336313,22.49864944036456,-0.022861122153699398,52,2.0797980279792667,18.649134501336313,22.49864944036456
2024-09-01,-0.010711031500250101,52,2.0797980279792667,18.649134501336313,22.49864944036456,-0.06679357215762138,52,2.0797980279792667,18.649134501336313,22.49864944036456
2024-09-02,0.05855839140713215,52,2.0797980279792667,18.649134501336313,22.49864944036456,-0.028023090213537216,52,2.0797980279792667,18.649134501336313,22.49864944036456
2024-09-03,0.10765360668301582,52,2.0797980279792667,18.649134501336313,22.49864944036456,0.0014656283892691135,52,2.0797980279792667,18.649134501336313,22.49864944036456
2024-09-04,0.1629631370306015,52,2.0797980279792667,18.649134501336313,22.49864944036456,-0.00696677784435451,52,2.0797980279792667,18.649134501336313,22.49864944036456
2024-09-05,0.07665764167904854,52,2.0797980279792667,18.649134501336313,22.49864944036456,0.12402381747961044,52,2.0797980279792667,18.649134501336313,22.49864944036456
2024-09-06,0.23899158835411072,52,2.0797980279792667,18.649134501336313,22.49864944036456,0.049592236056923866,52,2.0797980279792667,18.649134501336313,22.49864944036456
2024-09-07,0.24819117784500122,52,2.0797980279792667,18.649134501336313,22.49864944036456,0.005477979313582182,52,2.0797980279792667,18.649134501336313,22.49864944036456
2024-09-08,0.26076914370059967,52,2.0797980279792667,18.649134501336313,22.49864944036456,-0.03551697917282581,52,2.0797980279792667,18.649134501336313,22.49864944036456
2024-09-09,0.2696121782064438,52,2.0797980279792667,18.649134501336313,22.49864944036456,-0.04596974141895771,52,2.0797980279792667,18.649134501336313,22.49864944036456
2024-09-10,0.2989266812801361,52,2.0797980279792667,18.649134501336313,22.49864944036456,0.026260352693498135,52,2.0797980279792667,18.649134501336313,22.49864944036456
2024-09-11,0.3114580512046814,52,2.0797980279792667,18.649134501336313,22.49864944036456,0.017018068581819534,52,2.0797980279792667,18.649134501336313,22.49864944036456
2024-09-12,0.3276577442884445,52,2.0797980279792667,18.649134501336313,22.49864944036456,0.012571956496685743,52,2.0797980279792667,18.649134501336313,22.49864944036456
2024-09-13,0.17713109403848648,52,2.0797980279792667,18.649134501336313,22.49864944036456,0.027960067614912987,52,2.0797980279792667,18.649134501336313,22.49864944036456
2024-09-14,-0.20714344084262848,52,2.0797980279792667,18.649134501336313,22.49864944036456,0.023848899640142918,52,2.0797980279792667,18.649134501336313,22.49864944036456
2024-09-15,-0.3098292797803879,52,2.0797980279792667,18.649134501336313,22.49864944036456,-0.0008831983432173729,52,2.0797980279792667,18.649134501336313,22.49864944036456
2024-09-16,-0.34833450615406036,52,2.0797980279792667,18.649134501336313,22.49864944036456,-0.0026483526453375816,52,2.0797980279792667,18.649134501336313,22.49864944036456
2024-09-17,-0.422774076461792,52,2.0797980279792667,18.649134501336313,22.49864944036456,0.05675576068460941,52,2.0797980279792667,18.649134501336313,22.49864944036456
2024-09-18,-0.48765408992767334,52,2.0797980279792667,18.649134501336313,22.49864944036456,0.0562418382614851,52,2.0797980279792667,18.649134501336313,22.49864944036456
2024-09-19,-0.46321840584278107,52,2.0797980279792667,18.649134501336313,22.49864944036456,0.07800915092229843,52,2.0797980279792667,18.649134501336313,22.49864944036456
2024-09-20,-0.25473861396312714,52,2.0797980279792667,18.649134501336313,22.49864944036456,0.03615863434970379,52,2.0797980279792667,18.649134501336313,22.49864944036456
2024-09-21,0.07354236766695976,52,2.0797980279792667,18.649134501336313,22.49864944036456,0.04581193998456001,52,2.0797980279792667,18.649134501336313,22.49864944036456
2024-09-22,0.2787802219390869,52,2.0797980279792667,18.649134501336313,22.49864944036456,0.06359581649303436,52,2.0797980279792667,18.649134501336313,22.49864944036456
2024-09-23,0.4163663685321808,52,2.0797980279792667,18.649134501336313,22.49864944036456,-0.05765717104077339,52,2.0797980279792667,18.649134501336313,22.49864944036456
2024-09-24,0.4464929550886154,52,2.0797980279792667,18.649134501336313,22.49864944036456,-0.044798754155635834,52,2.0797980279792667,18.649134501336313,22.49864944036456
2024-09-25,0.4774724692106247,52,2.0797980279792667,18.649134501336313,22.49864944036456,-0.031144133768975735,52,2.0797980279792667,18.649134501336313,22.49864944036456
2024-09-26,0.4272625297307968,52,2.0797980279792667,18.649134501336313,22.49864944036456,-0.02312142588198185,52,2.0797980279792667,18.649134501336313,22.49864944036456
2024-09-27,0.3816543072462082,52,2.0797980279792667,18.649134501336313,22.49864944036456,-0.001035148510709405,52,2.0797980279792667,18.649134501336313,22.49864944036456
2024-09-28,0.3200686573982239,52,2.0797980279792667,18.649134501336313,22.49864944036456,0.06948969885706902,52,2.0797980279792667,18.649134501336313,22.49864944036456
2024-09-29,0.19162793457508087,52,2.0797980279792667,18.649134501336313,22.49864944036456,0.1363077312707901,52,2.0797980279792667,18.649134501336313,22.49864944036456
2024-09-30,0.036277858540415764,52,2.0797980279792667,18.649134501336313,22.49864944036456,0.08105259761214256,52,2.0797980279792667,18.649134501336313,22.49864944036456
2024-10-01,0.030934219248592854,52,2.0797980279792667,18.649134501336313,22.49864944036456,0.058217376470565796,52,2.0797980279792667,18.649134501336313,22.49864944036456
2024-10-02,0.09859651327133179,52,2.0797980279792667,18.649134501336313,22.49864944036456,-0.001970528333913535,52,2.0797980279792667,18.649134501336313,22.49864944036456
2024-10-03,0.17315727472305298,52,2.0797980279792667,18.649134501336313,22.49864944036456,0.0039382255636155605,52,2.0797980279792667,18.649134501336313,22.49864944036456
2024-10-04,0.2083595171570778,52,2.0797980279792667,18.649134501336313,22.49864944036456,-0.01006035041064024,52,2.0797980279792667,18.649134501336313,22.49864944036456
2024-10-05,0.20902474224567413,52,2.0797980279792667,18.649134501336313,22.49864944036456,0.007370568346232176,52,2.0797980279792667,18.649134501336313,22.49864944036456
2024-10-06,0.24091093987226486,52,2.0797980279792667,18.649134501336313,22.49864944036456,-0.022536883130669594,52,2.0797980279792667,18.649134501336313,22.49864944036456
2024-10-07,0.19663112610578537,52,2.0797980279792667,18.649134501336313,22.49864944036456,-0.012691352050751448,52,2.0797980279792667,18.649134501336313,22.49864944036456
2024-10-08,0.08705741912126541,52,2.0797980279792667,18.649134501336313,22.49864944036456,-0.0652037002146244,52,2.0797980279792667,18.649134501336313,22.49864944036456
2024-10-09,0.029974491335451603,52,2.0797980279792667,18.649134501336313,22.49864944036456,-0.004069933667778969,52,2.0797980279792667,18.649134501336313,22.49864944036456
2024-10-10,0.16798128932714462,52,2.0797980279792667,18.649134501336313,22.49864944036456,0.018219176679849625,52,2.0797980279792667,18.649134501336313,22.49864944036456
2024-10-11,0.16477465629577637,52,2.0797980279792667,18.649134501336313,22.49864944036456,0.018178402446210384,52,2.0797980279792667,18.649134501336313,22.49864944036456
2024-10-12,-0.04939150996506214,52,2.0797980279792667,18.649134501336313,22.49864944036456,0.010024486109614372,52,2.0797980279792667,18.649134501336313,22.49864944036456
2024-10-13,-0.1958659067749977,52,2.0797980279792667,18.649134501336313,22.49864944036456,0.023540162481367588,52,2.0797980279792667,18.649134501336313,22.49864944036456
2024-10-14,-0.3028867840766907,52,2.0797980279792667,18.649134501336313,22.49864944036456,0.019075862132012844,52,2.0797980279792667,18.649134501336313,22.49864944036456
2024-10-15,-0.3342951536178589,52,2.0797980279792667,18.649134501336313,22.49864944036456,0.02238420583307743,52,2.0797980279792667,18.649134501336313,22.49864944036456
2024-10-16,-0.3408270329236984,52,2.0797980279792667,18.649134501336313,22.49864944036456,-0.009105491451919079,52,2.0797980279792667,18.649134501336313,22.49864944036456
2024-10-17,-0.21753031015396118,52,2.0797980279792667,18.649134501336313,22.49864944036456,-0.032927997410297394,52,2.0797980279792667,18.649134501336313,22.49864944036456
2024-10-18,-0.045422596856951714,52,2.0797980279792667,18.649134501336313,22.49864944036456,0.004999382887035608,52,2.0797980279792667,18.649134501336313,22.49864944036456
2024-10-19,-0.02127668261528015,52,2.0797980279792667,18.649134501336313,22.49864944036456,0.009116309229284525,52,2.0797980279792667,18.649134501336313,22.49864944036456
2024-10-20,0.020782219246029854,52,2.0797980279792667,18.649134501336313,22.49864944036456,-0.0076862722635269165,52,2.0797980279792667,18.649134501336313,22.49864944036456
2024-10-21,0.08149203658103943,52,2.0797980279792667,18.649134501336313,22.49864944036456,-0.02829890977591276,52,2.0797980279792667,18.649134501336313,22.49864944036456
2024-10-22,-0.0253115426748991,52,2.0797980279792667,18.649134501336313,22.49864944036456,-0.06098746135830879,52,2.0797980279792667,18.649134501336313,22.49864944036456
2024-10-23,-0.11030647531151772,52,2.0797980279792667,18.649134501336313,22.49864944036456,-0.0457342304289341,52,2.0797980279792667,18.649134501336313,22.49864944036456
2024-10-24,-0.1606307104229927,52,2.0797980279792667,18.649134501336313,22.49864944036456,0.007379366783425212,52,2.0797980279792667,18.649134501336313,22.49864944036456
2024-10-25,-0.10621348768472672,52,2.0797980279792667,18.649134501336313,22.49864944036456,0.030440187081694603,52,2.0797980279792667,18.649134501336313,22.49864944036456
2024-10-26,-0.012104218825697899,52,2.0797980279792667,18.649134501336313,22.49864944036456,0.0098367421887815,52,2.0797980279792667,18.649134501336313,22.49864944036456
2024-10-27,0.09978063404560089,52,2.0797980279792667,18.649134501336313,22.49864944036456,0.09490801021456718,52,2.0797980279792667,18.649134501336313,22.49864944036456
2024-10-28,0.18682169914245605,52,2.0797980279792667,18.649134501336313,22.49864944036456,0.0823821872472763,52,2.0797980279792667,18.649134501336313,22.49864944036456
2024-10-29,0.1273333877325058,52,2.0797980279792667,18.649134501336313,22.49864944036456,0.08234552294015884,52,2.0797980279792667,18.649134501336313,22.49864944036456
2024-10-30,0.12027881667017937,52,2.0797980279792667,18.649134501336313,22.49864944036456,0.06372786685824394,52,2.0797980279792667,18.649134501336313,22.49864944036456
2024-10-31,0.13580457121133804,52,2.0797980279792667,18.649134501336313,22.49864944036456,0.04310297407209873,52,2.0797980279792667,18.649134501336313,22.49864944036456
2024-11-01,0.1500570923089981,52,2.0797980279792667,18.649134501336313,22.49864944036456,0.07699399814009666,52,2.0797980279792667,18.649134501336313,22.49864944036456
2024-11-02,0.12530922889709473,52,2.0797980279792667,18.649134501336313,22.49864944036456,0.08719795569777489,52,2.0797980279792667,18.649134501336313,22.49864944036456
2024-11-03,0.1542663872241974,52,2.0797980279792667,18.649134501336313,22.49864944036456,0.07877864688634872,52,2.0797980279792667,18.649134501336313,22.49864944036456
2024-11-04,0.20688435435295105,52,2.0797980279792667,18.649134501336313,22.49864944036456,0.05981772020459175,52,2.0797980279792667,18.649134501336313,22.49864944036456
2024-11-05,0.30751433968544006,52,2.0797980279792667,18.649134501336313,22.49864944036456,-0.0015950317028909922,52,2.0797980279792667,18.649134501336313,22.49864944036456
2024-11-06,0.32387712597846985,52,2.0797980279792667,18.649134501336313,22.49864944036456,0.03095906972885132,52,2.0797980279792667,18.649134501336313,22.49864944036456
2024-11-07,0.3314242660999298,52,2.0797980279792667,18.649134501336313,22.49864944036456,0.05462574400007725,52,2.0797980279792667,18.649134501336313,22.49864944036456
2024-11-08,0.41226014494895935,52,2.0797980279792667,18.649134501336313,22.49864944036456,0.0394524522125721,52,2.0797980279792667,18.649134501336313,22.49864944036456
2024-11-09,0.45612020790576935,52,2.0797980279792667,18.649134501336313,22.49864944036456,0.03371420502662659,52,2.0797980279792667,18.649134501336313,22.49864944036456
2024-11-10,0.45872762799263,52,2.0797980279792667,18.649134501336313,22.49864944036456,0.009299772325903177,52,2.0797980279792667,18.649134501336313,22.49864944036456
2024-11-11,0.4209729880094528,52,2.0797980279792667,18.649134501336313,22.49864944036456,0.009007410146296024,52,2.0797980279792667,18.649134501336313,22.49864944036456
2024-11-12,0.4000600725412369,52,2.0797980279792667,18.649134501336313,22.49864944036456,0.02743159979581833,52,2.0797980279792667,18.649134501336313,22.49864944036456
2024-11-13,0.4106259346008301,52,2.0797980279792667,18.649134501336313,22.49864944036456,0.026140810921788216,52,2.0797980279792667,18.649134501336313,22.49864944036456
2024-11-14,0.3780022859573364,52,2.0797980279792667,18.649134501336313,22.49864944036456,-0.009153181686997414,52,2.0797980279792667,18.649134501336313,22.49864944036456
2024-11-15,0.20572084933519363,52,2.0797980279792667,18.649134501336313,22.49864944036456,-0.0033113015815615654,52,2.0797980279792667,18.649134501336313,22.49864944036456
2024-11-16,0.23970520496368408,52,2.0797980279792667,18.649134501336313,22.49864944036456,-0.014317356515675783,52,2.0797980279792667,18.649134501336313,22.49864944036456
2024-11-17,0.2432948797941208,52,2.0797980279792667,18.649134501336313,22.49864944036456,-0.04509578086435795,52,2.0797980279792667,18.649134501336313,22.49864944036456
2024-11-18,0.19079040735960007,52,2.0797980279792667,18.649134501336313,22.49864944036456,-0.055336739867925644,52,2.0797980279792667,18.649134501336313,22.49864944036456
2024-11-19,0.17483527213335037,52,2.0797980279792667,18.649134501336313,22.49864944036456,-0.0382209625095129,52,2.0797980279792667,18.649134501336313,22.49864944036456
2024-11-20,0.2228451818227768,52,2.0797980279792667,18.649134501336313,22.49864944036456,-0.036002328619360924,52,2.0797980279792667,18.649134501336313,22.49864944036456
2024-11-21,0.3094872534275055,52,2.0797980279792667,18.649134501336313,22.49864944036456,-0.014660656452178955,52,2.0797980279792667,18.649134501336313,22.49864944036456
2024-11-22,0.3917693495750427,52,2.0797980279792667,18.649134501336313,22.49864944036456,-0.024864553473889828,52,2.0797980279792667,18.649134501336313,22.49864944036456
2024-11-23,0.27912458777427673,52,2.0797980279792667,18.649134501336313,22.49864944036456,0.013317143078893423,52,2.0797980279792667,18.649134501336313,22.49864944036456
2024-11-24,0.28568799793720245,52,2.0797980279792667,18.649134501336313,22.49864944036456,0.06482741236686707,52,2.0797980279792667,18.649134501336313,22.49864944036456
2024-11-25,0.2285149171948433,52,2.0797980279792667,18.649134501336313,22.49864944036456,0.0308747086673975,52,2.0797980279792667,18.649134501336313,22.49864944036456
2024-11-26,0.15401436388492584,52,2.0797980279792667,18.649134501336313,22.49864944036456,-0.02179624605923891,52,2.0797980279792667,18.649134501336313,22.49864944036456
2024-11-27,0.05154143087565899,52,2.0797980279792667,18.649134501336313,22.49864944036456,-0.014984652400016785,52,2.0797980279792667,18.649134501336313,22.49864944036456
2024-11-28,-0.03771634213626385,52,2.0797980279792667,18.649134501336313,22.49864944036456,-0.02630281914025545,52,2.0797980279792667,18.649134501336313,22.49864944036456
2024-11-29,-0.06848318874835968,52,2.0797980279792667,18.649134501336313,22.49864944036456,-0.02380584552884102,52,2.0797980279792667,18.649134501336313,22.49864944036456
2024-11-30,-0.0562972966581583,52,2.0797980279792667,18.649134501336313,22.49864944036456,-0.013412541709840298,52,2.0797980279792667,18.649134501336313,22.49864944036456
2024-12-01,-0.020663082599639893,52,2.0797980279792667,18.649134501336313,22.49864944036456,-0.006276302970945835,52,2.0797980279792667,18.649134501336313,22.49864944036456
2024-12-02,-0.02944230567663908,52,2.0797980279792667,18.649134501336313,22.49864944036456,-0.0012708493159152567,52,2.0797980279792667,18.649134501336313,22.49864944036456
2024-12-03,-0.06461693346500397,52,2.0797980279792667,18.649134501336313,22.49864944036456,-0.01503759529441595,52,2.0797980279792667,18.649134501336313,22.49864944036456
2024-12-04,-0.02923474833369255,52,2.0797980279792667,18.649134501336313,22.49864944036456,-0.04393693059682846,52,2.0797980279792667,18.649134501336313,22.49864944036456
2024-12-05,0.022122135385870934,52,2.0797980279792667,18.649134501336313,22.49864944036456,-0.042739348486065865,52,2.0797980279792667,18.649134501336313,22.49864944036456
2024-12-06,0.09224722534418106,52,2.0797980279792667,18.649134501336313,22.49864944036456,-0.013820672407746315,52,2.0797980279792667,18.649134501336313,22.49864944036456
2024-12-07,0.14468403160572052,52,2.0797980279792667,18.649134501336313,22.49864944036456,-0.0204059649258852,52,2.0797980279792667,18.649134501336313,22.49864944036456
2024-12-08,0.0645725354552269,52,2.0797980279792667,18.649134501336313,22.49864944036456,-0.057520417496562004,52,2.0797980279792667,18.649134501336313,22.49864944036456
2024-12-09,0.04505249299108982,52,2.0797980279792667,18.649134501336313,22.49864944036456,-0.014225291553884745,52,2.0797980279792667,18.649134501336313,22.49864944036456
2024-12-10,0.061947811394929886,52,2.0797980279792667,18.649134501336313,22.49864944036456,-0.014020091854035854,52,2.0797980279792667,18.649134501336313,22.49864944036456
2024-12-11,0.013146267738193274,52,2.0797980279792667,18.649134501336313,22.49864944036456,0.002779012080281973,52,2.0797980279792667,18.649134501336313,22.49864944036456
2024-12-12,0.05362818203866482,52,2.0797980279792667,18.649134501336313,22.49864944036456,-0.01632207166403532,52,2.0797980279792667,18.649134501336313,22.49864944036456
2024-12-13,0.04432898387312889,52,2.0797980279792667,18.649134501336313,22.49864944036456,-0.020359478890895844,52,2.0797980279792667,18.649134501336313,22.49864944036456
2024-12-14,0.03315712511539459,52,2.0797980279792667,18.649134501336313,22.49864944036456,-0.02721336856484413,52,2.0797980279792667,18.649134501336313,22.49864944036456
2024-12-15,0.020506962202489376,52,2.0797980279792667,18.649134501336313,22.49864944036456,-0.025970241986215115,52,2.0797980279792667,18.649134501336313,22.49864944036456
2024-12-16,0.04076885059475899,52,2.0797980279792667,18.649134501336313,22.49864944036456,-0.0070393625646829605,52,2.0797980279792667,18.649134501336313,22.49864944036456
2024-12-17,0.04489035718142986,52,2.0797980279792667,18.649134501336313,22.49864944036456,-0.013485317584127188,52,2.0797980279792667,18.649134501336313,22.49864944036456
2024-12-18,0.03335506469011307,52,2.0797980279792667,18.649134501336313,22.49864944036456,-0.017076777294278145,52,2.0797980279792667,18.649134501336313,22.49864944036456
2024-12-19,0.00033914971572812647,52,2.0797980279792667,18.649134501336313,22.49864944036456,-0.01178681943565607,52,2.0797980279792667,18.649134501336313,22.49864944036456
2024-12-20,-0.04119021259248257,52,2.0797980279792667,18.649134501336313,22.49864944036456,-0.016484618186950684,52,2.0797980279792667,18.649134501336313,22.49864944036456
2024-12-21,0.0022705894662067294,52,2.0797980279792667,18.649134501336313,22.49864944036456,0.0010582815448287874,52,2.0797980279792667,18.649134501336313,22.49864944036456
2024-12-22,0.04080589674413204,52,2.0797980279792667,18.649134501336313,22.49864944036456,0.01803346909582615,52,2.0797980279792667,18.649134501336313,22.49864944036456
2024-12-23,0.10715270414948463,52,2.0797980279792667,18.649134501336313,22.49864944036456,-0.0003536668373271823,52,2.0797980279792667,18.649134501336313,22.49864944036456
2024-12-24,0.07484092190861702,52,2.0797980279792667,18.649134501336313,22.49864944036456,0.010425987653434277,52,2.0797980279792667,18.649134501336313,22.49864944036456
2024-12-25,0.041197529062628746,52,2.0797980279792667,18.649134501336313,22.49864944036456,0.053281981498003006,52,2.0797980279792667,18.649134501336313,22.49864944036456
2024-12-26,0.08529551327228546,52,2.0797980279792667,18.649134501336313,22.49864944036456,0.045921122655272484,52,2.0797980279792667,18.649134501336313,22.49864944036456
2024-12-27,0.08225192129611969,52,2.0797980279792667,18.649134501336313,22.49864944036456,0.03878888487815857,52,2.0797980279792667,18.649134501336313,22.49864944036456
2024-12-28,0.07387864217162132,52,2.0797980279792667,18.649134501336313,22.49864944036456,0.031941795721650124,52,2.0797980279792667,18.649134501336313,22.49864944036456
2024-12-29,0.05568202957510948,52,2.0797980279792667,18.649134501336313,22.49864944036456,0.023985477164387703,52,2.0797980279792667,18.649134501336313,22.49864944036456
2024-12-30,0.03501899912953377,52,2.0797980279792667,18.649134501336313,22.49864944036456,0.017683629877865314,52,2.0797980279792667,18.649134501336313,22.49864944036456
2024-12-31,0.005798940779641271,52,2.0797980279792667,18.649134501336313,22.49864944036456,0.026863809674978256,52,2.0797980279792667,18.649134501336313,22.49864944036456
2025-01-01,0.03414170257747173,52,2.0797980279792667,18.649134501336313,22.49864944036456,0.021496888250112534,52,2.0797980279792667,18.649134501336313,22.49864944036456
2025-01-02,0.10525846853852272,52,2.0797980279792667,18.649134501336313,22.49864944036456,0.021120349876582623,52,2.0797980279792667,18.649134501336313,22.49864944036456
2025-01-03,0.20338308811187744,52,2.0797980279792667,18.649134501336313,22.49864944036456,0.017603631131350994,52,2.0797980279792667,18.649134501336313,22.49864944036456
2025-01-04,0.23522500693798065,52,2.0797980279792667,18.649134501336313,22.49864944036456,0.018149795942008495,52,2.0797980279792667,18.649134501336313,22.49864944036456
2025-01-05,0.261078342795372,52,2.0797980279792667,18.649134501336313,22.49864944036456,0.04708663001656532,52,2.0797980279792667,18.649134501336313,22.49864944036456
2025-01-06,0.33912263810634613,52,2.0797980279792667,18.649134501336313,22.49864944036456,0.06529298424720764,52,2.0797980279792667,18.649134501336313,22.49864944036456
2025-01-07,0.4286820888519287,52,2.0797980279792667,18.649134501336313,22.49864944036456,0.07431428506970406,52,2.0797980279792667,18.649134501336313,22.49864944036456
2025-01-08,0.4404442608356476,52,2.0797980279792667,18.649134501336313,22.49864944036456,0.0550961047410965,52,2.0797980279792667,18.649134501336313,22.49864944036456
2025-01-09,0.4518861621618271,52,2.0797980279792667,18.649134501336313,22.49864944036456,0.02179163321852684,52,2.0797980279792667,18.649134501336313,22.49864944036456
2025-01-10,0.36751869320869446,52,2.0797980279792667,18.649134501336313,22.49864944036456,0.02294258587062359,52,2.0797980279792667,18.649134501336313,22.49864944036456
2025-01-11,0.3044856935739517,52,2.0797980279792667,18.649134501336313,22.49864944036456,0.012355019804090261,52,2.0797980279792667,18.649134501336313,22.49864944036456
2025-01-12,0.17860078811645508,52,2.0797980279792667,18.649134501336313,22.49864944036456,0.008481338154524565,52,2.0797980279792667,18.649134501336313,22.49864944036456
2025-01-13,0.07319356873631477,52,2.0797980279792667,18.649134501336313,22.49864944036456,-0.0004623191198334098,52,2.0797980279792667,18.649134501336313,22.49864944036456
2025-01-14,0.05146060697734356,52,2.0797980279792667,18.649134501336313,22.49864944036456,0.008626596536487341,52,2.0797980279792667,18.649134501336313,22.49864944036456
2025-01-15,0.009680814575403929,52,2.0797980279792667,18.649134501336313,22.49864944036456,0.004756985232234001,52,2.0797980279792667,18.649134501336313,22.49864944036456
2025-01-16,-0.018554733134806156,52,2.0797980279792667,18.649134501336313,22.49864944036456,0.005428755655884743,52,2.0797980279792667,18.649134501336313,22.49864944036456
2025-01-17,-0.041975947096943855,52,2.0797980279792667,18.649134501336313,22.49864944036456,-0.003908739658072591,52,2.0797980279792667,18.649134501336313,22.49864944036456
2025-01-18,-0.08907650783658028,52,2.0797980279792667,18.649134501336313,22.49864944036456,-0.02810733485966921,52,2.0797980279792667,18.649134501336313,22.49864944036456
2025-01-19,-0.01096027484163642,52,2.0797980279792667,18.649134501336313,22.49864944036456,-0.012569783721119165,52,2.0797980279792667,18.649134501336313,22.49864944036456
2025-01-20,-0.024169481359422207,52,2.0797980279792667,18.649134501336313,22.49864944036456,0.008043654961511493,52,2.0797980279792667,18.649134501336313,22.49864944036456
2025-01-21,0.0655994825065136,52,2.0797980279792667,18.649134501336313,22.49864944036456,0.011935035232454538,52,2.0797980279792667,18.649134501336313,22.49864944036456
2025-01-22,0.13513793796300888,52,2.0797980279792667,18.649134501336313,22.49864944036456,0.013587746769189835,52,2.0797980279792667,18.649134501336313,22.49864944036456
2025-01-23,0.1670582816004753,52,2.0797980279792667,18.649134501336313,22.49864944036456,0.008952057920396328,52,2.0797980279792667,18.649134501336313,22.49864944036456
2025-01-24,0.18990591913461685,52,2.0797980279792667,18.649134501336313,22.49864944036456,0.010641741566359997,52,2.0797980279792667,18.649134501336313,22.49864944036456
2025-01-25,0.21705643087625504,52,2.0797980279792667,18.649134501336313,22.49864944036456,-0.00566899636760354,52,2.0797980279792667,18.649134501336313,22.49864944036456
2025-01-26,0.26056183874607086,52,2.0797980279792667,18.649134501336313,22.49864944036456,0.003131146775558591,52,2.0797980279792667,18.649134501336313,22.49864944036456
2025-01-27,0.31523072719573975,52,2.0797980279792667,18.649134501336313,22.49864944036456,0.020368541590869427,52,2.0797980279792667,18.649134501336313,22.49864944036456
2025-01-28,0.4034257233142853,52,2.0797980279792667,18.649134501336313,22.49864944036456,0.01755022071301937,52,2.0797980279792667,18.649134501336313,22.49864944036456
2025-01-29,0.386832520365715,52,2.0797980279792667,18.649134501336313,22.49864944036456,0.02100348938256502,52,2.0797980279792667,18.649134501336313,22.49864944036456
2025-01-30,0.36757464706897736,52,2.0797980279792667,18.649134501336313,22.49864944036456,0.038987334817647934,52,2.0797980279792667,18.649134501336313,22.49864944036456
2025-01-31,0.33771929144859314,52,2.0797980279792667,18.649134501336313,22.49864944036456,0.052574397996068,52,2.0797980279792667,18.649134501336313,22.49864944036456
2025-02-01,0.2723029553890228,52,2.0797980279792667,18.649134501336313,22.49864944036456,0.01969087403267622,52,2.0797980279792667,18.649134501336313,22.49864944036456
2025-02-02,0.27477702498435974,52,2.0797980279792667,18.649134501336313,22.49864944036456,0.0376711692661047,52,2.0797980279792667,18.649134501336313,22.49864944036456
2025-02-03,0.23562438786029816,52,2.0797980279792667,18.649134501336313,22.49864944036456,0.0609075129032135,52,2.0797980279792667,18.649134501336313,22.49864944036456
2025-02-04,0.13841167092323303,52,2.0797980279792667,18.649134501336313,22.49864944036456,0.030414238572120667,52,2.0797980279792667,18.649134501336313,22.49864944036456
2025-02-05,0.04724751226603985,52,2.0797980279792667,18.649134501336313,22.49864944036456,0.008988678455352783,52,2.0797980279792667,18.649134501336313,22.49864944036456
2025-02-06,0.05245174467563629,52,2.0797980279792667,18.649134501336313,22.49864944036456,0.014297453220933676,52,2.0797980279792667,18.649134501336313,22.49864944036456
2025-02-07,0.0767960175871849,52,2.0797980279792667,18.649134501336313,22.49864944036456,0.015215871389955282,52,2.0797980279792667,18.649134501336313,22.49864944036456
2025-02-08,0.07616804540157318,52,2.0797980279792667,18.649134501336313,22.49864944036456,0.008444395381957293,52,2.0797980279792667,18.649134501336313,22.49864944036456
2025-02-09,0.061082545667886734,52,2.0797980279792667,18.649134501336313,22.49864944036456,0.0558339636772871,52,2.0797980279792667,18.649134501336313,22.49864944036456
2025-02-10,0.08497443795204163,52,2.0797980279792667,18.649134501336313,22.49864944036456,0.08818435668945312,52,2.0797980279792667,18.649134501336313,22.49864944036456
2025-02-11,0.16504497826099396,52,2.0797980279792667,18.649134501336313,22.49864944036456,0.04759163223206997,52,2.0797980279792667,18.649134501336313,22.49864944036456
2025-02-12,0.23122292757034302,52,2.0797980279792667,18.649134501336313,22.49864944036456,0.050302499905228615,52,2.0797980279792667,18.649134501336313,22.49864944036456
2025-02-13,0.297808974981308,52,2.0797980279792667,18.649134501336313,22.49864944036456,0.0018576565198600292,52,2.0797980279792667,18.649134501336313,22.49864944036456
2025-02-14,0.34735099971294403,52,2.0797980279792667,18.649134501336313,22.49864944036456,0.01614746544510126,52,2.0797980279792667,18.649134501336313,22.49864944036456
2025-02-15,0.31083962321281433,52,2.0797980279792667,18.649134501336313,22.49864944036456,0.08584962785243988,52,2.0797980279792667,18.649134501336313,22.49864944036456
2025-02-16,0.3063310533761978,52,2.0797980279792667,18.649134501336313,22.49864944036456,0.09717641770839691,52,2.0797980279792667,18.649134501336313,22.49864944036456
2025-02-17,0.35840047895908356,52,2.0797980279792667,18.649134501336313,22.49864944036456,0.0401579923927784,52,2.0797980279792667,18.649134501336313,22.49864944036456
2025-02-18,0.3493002951145172,52,2.0797980279792667,18.649134501336313,22.49864944036456,0.10746177285909653,52,2.0797980279792667,18.649134501336313,22.49864944036456
2025-02-19,0.38341763615608215,52,2.0797980279792667,18.649134501336313,22.49864944036456,0.06409741193056107,52,2.0797980279792667,18.649134501336313,22.49864944036456
2025-02-20,0.37740884721279144,52,2.0797980279792667,18.649134501336313,22.49864944036456,0.03477066569030285,52,2.0797980279792667,18.649134501336313,22.49864944036456
2025-02-21,0.3136180639266968,52,2.0797980279792667,18.649134501336313,22.49864944036456,0.10428345203399658,52,2.0797980279792667,18.649134501336313,22.49864944036456
2025-02-22,0.3240736126899719,52,2.0797980279792667,18.649134501336313,22.49864944036456,0.042652975767850876,52,2.0797980279792667,18.649134501336313,22.49864944036456
2025-02-23,0.25574201345443726,52,2.0797980279792667,18.649134501336313,22.49864944036456,0.06322585418820381,52,2.0797980279792667,18.649134501336313,22.49864944036456
2025-02-24,0.24939367920160294,52,2.0797980279792667,18.649134501336313,22.49864944036456,0.04929023049771786,52,2.0797980279792667,18.649134501336313,22.49864944036456
2025-02-25,0.3027721494436264,52,2.0797980279792667,18.649134501336313,22.49864944036456,0.026672801934182644,52,2.0797980279792667,18.649134501336313,22.49864944036456
2025-02-26,0.24492044746875763,52,2.0797980279792667,18.649134501336313,22.49864944036456,0.05450587160885334,52,2.0797980279792667,18.649134501336313,22.49864944036456
2025-02-27,0.20155548304319382,52,2.0797980279792667,18.649134501336313,22.49864944036456,0.062272973358631134,52,2.0797980279792667,18.649134501336313,22.49864944036456
2025-02-28,0.1943587362766266,52,2.0797980279792667,18.649134501336313,22.49864944036456,0.06584427505731583,52,2.0797980279792667,18.649134501336313,22.49864944036456
