date,ph_median,ph_n_points,ph_dist_min_km,ph_dist_median_km,ph_dist_max_km,dissic_median,dissic_n_points,dissic_dist_min_km,dissic_dist_median_km,dissic_dist_max_km
2024-02-01,8.108189582824707,44,28.306411434744845,55.852195301984636,67.95450828154688,2.2159507274627686,44,28.306411434744845,55.852195301984636,67.95450828154688
2024-02-02,8.107290267944336,44,28.306411434744845,55.852195301984636,67.95450828154688,2.2152175903320312,44,28.306411434744845,55.852195301984636,67.95450828154688
2024-02-03,8.107939720153809,44,28.306411434744845,55.852195301984636,67.95450828154688,2.215884804725647,44,28.306411434744845,55.852195301984636,67.95450828154688
2024-02-04,8.108309268951416,44,28.306411434744845,55.852195301984636,67.95450828154688,2.216373562812805,44,28.306411434744845,55.852195301984636,67.95450828154688
2024-02-05,8.108707427978516,44,28.306411434744845,55.852195301984636,67.95450828154688,2.216757893562317,44,28.306411434744845,55.852195301984636,67.95450828154688
2024-02-06,8.109685897827148,44,28.306411434744845,55.852195301984636,67.95450828154688,2.2159522771835327,44,28.306411434744845,55.852195301984636,67.95450828154688
2024-02-07,8.110572814941406,44,28.306411434744845,55.852195301984636,67.95450828154688,2.2149993181228638,44,28.306411434744845,55.852195301984636,67.95450828154688
2024-02-08,8.110679149627686,44,28.306411434744845,55.852195301984636,67.95450828154688,2.2146438360214233,44,28.306411434744845,55.852195301984636,67.95450828154688
2024-02-09,8.110620498657227,44,28.306411434744845,55.852195301984636,67.95450828154688,2.2144447565078735,44,28.306411434744845,55.852195301984636,67.95450828154688
2024-02-10,8.109479427337646,44,28.306411434744845,55.852195301984636,67.95450828154688,2.2149059772491455,44,28.306411434744845,55.852195301984636,67.95450828154688
2024-02-11,8.109550476074219,44,28.306411434744845,55.852195301984636,67.95450828154688,2.21443247795105,44,28.306411434744845,55.852195301984636,67.95450828154688
2024-02-12,8.110424518585205,44,28.306411434744845,55.852195301984636,67.95450828154688,2.2122256755828857,44,28.306411434744845,55.852195301984636,67.95450828154688
2024-02-13,8.110076904296875,44,28.306411434744845,55.852195301984636,67.95450828154688,2.209291934967041,44,28.306411434744845,55.852195301984636,67.95450828154688
2024-02-14,8.109780311584473,44,28.306411434744845,55.852195301984636,67.95450828154688,2.205702304840088,44,28.306411434744845,55.852195301984636,67.95450828154688
2024-02-15,8.110036373138428,44,28.306411434744845,55.852195301984636,67.95450828154688,2.2036430835723877,44,28.306411434744845,55.852195301984636,67.95450828154688
2024-02-16,8.110152244567871,44,28.306411434744845,55.852195301984636,67.95450828154688,2.2013672590255737,44,28.306411434744845,55.852195301984636,67.95450828154688
2024-02-17,8.109974384307861,44,28.306411434744845,55.852195301984636,67.95450828154688,2.20136559009552,44,28.306411434744845,55.852195301984636,67.95450828154688
2024-02-18,8.109911441802979,44,28.306411434744845,55.852195301984636,67.95450828154688,2.201244831085205,44,28.306411434744845,55.852195301984636,67.95450828154688
2024-02-19,8.110382080078125,44,28.306411434744845,55.852195301984636,67.95450828154688,2.202151298522949,44,28.306411434744845,55.852195301984636,67.95450828154688
2024-02-20,8.11064624786377,44,28.306411434744845,55.852195301984636,67.95450828154688,2.202791929244995,44,28.306411434744845,55.852195301984636,67.95450828154688
2024-02-21,8.111247062683105,44,28.306411434744845,55.852195301984636,67.95450828154688,2.2031290531158447,44,28.306411434744845,55.852195301984636,67.95450828154688
2024-02-22,8.11082649230957,44,28.306411434744845,55.852195301984636,67.95450828154688,2.203488349914551,44,28.306411434744845,55.852195301984636,67.95450828154688
2024-02-23,8.109720230102539,44,28.306411434744845,55.852195301984636,67.95450828154688,2.204150438308716,44,28.306411434744845,55.852195301984636,67.95450828154688
2024-02-24,8.110657215118408,44,28.306411434744845,55.852195301984636,67.95450828154688,2.2040497064590454,44,28.306411434744845,55.852195301984636,67.95450828154688
2024-02-25,8.11156415939331,44,28.306411434744845,55.852195301984636,67.95450828154688,2.203884243965149,44,28.306411434744845,55.852195301984636,67.95450828154688
2024-02-26,8.111618041992188,44,28.306411434744845,55.852195301984636,67.95450828154688,2.2048064470291138,44,28.306411434744845,55.852195301984636,67.95450828154688
2024-02-27,8.11152696609497,44,28.306411434744845,55.852195301984636,67.95450828154688,2.2051647901535034,44,28.306411434744845,55.852195301984636,67.95450828154688
2024-02-28,8.11228084564209,44,28.306411434744845,55.852195301984636,67.95450828154688,2.2029857635498047,44,28.306411434744845,55.852195301984636,67.95450828154688
2024-02-29,8.112267971038818,44,28.306411434744845,55.852195301984636,67.95450828154688,2.2026281356811523,44,28.306411434744845,55.852195301984636,67.95450828154688
2024-03-01,8.111266136169434,44,28.306411434744845,55.852195301984636,67.95450828154688,2.2032310962677,44,28.306411434744845,55.852195301984636,67.95450828154688
2024-03-02,8.111080646514893,44,28.306411434744845,55.852195301984636,67.95450828154688,2.203485608100891,44,28.306411434744845,55.852195301984636,67.95450828154688
2024-03-03,8.11048412322998,44,28.306411434744845,55.852195301984636,67.95450828154688,2.2050126791000366,44,28.306411434744845,55.852195301984636,67.95450828154688
2024-03-04,8.109877109527588,44,28.306411434744845,55.852195301984636,67.95450828154688,2.2072255611419678,44,28.306411434744845,55.852195301984636,67.95450828154688
2024-03-05,8.108598709106445,44,28.306411434744845,55.852195301984636,67.95450828154688,2.207733631134033,44,28.306411434744845,55.852195301984636,67.95450828154688
2024-03-06,8.10814094543457,44,28.306411434744845,55.852195301984636,67.95450828154688,2.2076817750930786,44,28.306411434744845,55.852195301984636,67.95450828154688
2024-03-07,8.108086109161377,44,28.306411434744845,55.852195301984636,67.95450828154688,2.20786452293396,44,28.306411434744845,55.852195301984636,67.95450828154688
2024-03-08,8.108285903930664,44,28.306411434744845,55.852195301984636,67.95450828154688,2.2085636854171753,44,28.306411434744845,55.852195301984636,67.95450828154688
2024-03-09,8.108289241790771,44,28.306411434744845,55.852195301984636,67.95450828154688,2.209009051322937,44,28.306411434744845,55.852195301984636,67.95450828154688
2024-03-10,8.108164310455322,44,28.306411434744845,55.852195301984636,67.95450828154688,2.2107248306274414,44,28.306411434744845,55.852195301984636,67.95450828154688
2024-03-11,8.108757972717285,44,28.306411434744845,55.852195301984636,67.95450828154688,2.2115925550460815,44,28.306411434744845,55.852195301984636,67.95450828154688
2024-03-12,8.108657836914062,44,28.306411434744845,55.852195301984636,67.95450828154688,2.2112350463867188,44,28.306411434744845,55.852195301984636,67.95450828154688
2024-03-13,8.109144687652588,44,28.306411434744845,55.852195301984636,67.95450828154688,2.210597038269043,44,28.306411434744845,55.852195301984636,67.95450828154688
2024-03-14,8.109584331512451,44,28.306411434744845,55.852195301984636,67.95450828154688,2.210172176361084,44,28.306411434744845,55.852195301984636,67.95450828154688
2024-03-15,8.10892629623413,44,28.306411434744845,55.852195301984636,67.95450828154688,2.209955930709839,44,28.306411434744845,55.852195301984636,67.95450828154688
2024-03-16,8.107260704040527,44,28.306411434744845,55.852195301984636,67.95450828154688,2.210116744041443,44,28.306411434744845,55.852195301984636,67.95450828154688
2024-03-17,8.105157852172852,44,28.306411434744845,55.852195301984636,67.95450828154688,2.2105441093444824,44,28.306411434744845,55.852195301984636,67.95450828154688
2024-03-18,8.104426383972168,44,28.306411434744845,55.852195301984636,67.95450828154688,2.212220788002014,44,28.306411434744845,55.852195301984636,67.95450828154688
2024-03-19,8.103183269500732,44,28.306411434744845,55.852195301984636,67.95450828154688,2.212494730949402,44,28.306411434744845,55.852195301984636,67.95450828154688
2024-03-20,8.10192060470581,44,28.306411434744845,55.852195301984636,67.95450828154688,2.2123836278915405,44,28.306411434744845,55.852195301984636,67.95450828154688
2024-03-21,8.102311134338379,44,28.306411434744845,55.852195301984636,67.95450828154688,2.2126976251602173,44,28.306411434744845,55.852195301984636,67.95450828154688
2024-03-22,8.102551460266113,44,28.306411434744845,55.852195301984636,67.95450828154688,2.2124969959259033,44,28.306411434744845,55.852195301984636,67.95450828154688
2024-03-23,8.102047443389893,44,28.306411434744845,55.852195301984636,67.95450828154688,2.212449789047241,44,28.306411434744845,55.852195301984636,67.95450828154688
2024-03-24,8.101678848266602,44,28.306411434744845,55.852195301984636,67.95450828154688,2.2132811546325684,44,28.306411434744845,55.852195301984636,67.95450828154688
2024-03-25,8.102130889892578,44,28.306411434744845,55.852195301984636,67.95450828154688,2.2137829065322876,44,28.306411434744845,55.852195301984636,67.95450828154688
2024-03-26,8.102707862854004,44,28.306411434744845,55.852195301984636,67.95450828154688,2.213261127471924,44,28.306411434744845,55.852195301984636,67.95450828154688
2024-03-27,8.103740215301514,44,28.306411434744845,55.852195301984636,67.95450828154688,2.213363528251648,44,28.306411434744845,55.852195301984636,67.95450828154688
2024-03-28,8.105703830718994,44,28.306411434744845,55.852195301984636,67.95450828154688,2.212640166282654,44,28.306411434744845,55.852195301984636,67.95450828154688
2024-03-29,8.106212139129639,44,28.306411434744845,55.852195301984636,67.95450828154688,2.2104907035827637,44,28.306411434744845,55.852195301984636,67.95450828154688
2024-03-30,8.106744766235352,44,28.306411434744845,55.852195301984636,67.95450828154688,2.2102208137512207,44,28.306411434744845,55.852195301984636,67.95450828154688
2024-03-31,8.106047630310059,44,28.306411434744845,55.852195301984636,67.95450828154688,2.2100837230682373,44,28.306411434744845,55.852195301984636,67.95450828154688
2024-04-01,8.106299877166748,44,28.306411434744845,55.852195301984636,67.95450828154688,2.209359288215637,44,28.306411434744845,55.852195301984636,67.95450828154688
2024-04-02,8.106363296508789,44,28.306411434744845,55.852195301984636,67.95450828154688,2.2086000442504883,44,28.306411434744845,55.852195301984636,67.95450828154688
2024-04-03,8.104891300201416,44,28.306411434744845,55.852195301984636,67.95450828154688,2.208246111869812,44,28.306411434744845,55.852195301984636,67.95450828154688
2024-04-04,8.10307264328003,44,28.306411434744845,55.852195301984636,67.95450828154688,2.2083288431167603,44,28.306411434744845,55.852195301984636,67.95450828154688
2024-04-05,8.101041793823242,44,28.306411434744845,55.852195301984636,67.95450828154688,2.2088502645492554,44,28.306411434744845,55.852195301984636,67.95450828154688
2024-04-06,8.099019527435303,44,28.306411434744845,55.852195301984636,67.95450828154688,2.209462881088257,44,28.306411434744845,55.852195301984636,67.95450828154688
2024-04-07,8.096964836120605,44,28.306411434744845,55.852195301984636,67.95450828154688,2.2104064226150513,44,28.306411434744845,55.852195301984636,67.95450828154688
2024-04-08,8.094841003417969,44,28.306411434744845,55.852195301984636,67.95450828154688,2.2112892866134644,44,28.306411434744845,55.852195301984636,67.95450828154688
2024-04-09,8.094233512878418,44,28.306411434744845,55.852195301984636,67.95450828154688,2.2119812965393066,44,28.306411434744845,55.852195301984636,67.95450828154688
2024-04-10,8.093852996826172,44,28.306411434744845,55.852195301984636,67.95450828154688,2.2123477458953857,44,28.306411434744845,55.852195301984636,67.95450828154688
2024-04-11,8.09431791305542,44,28.306411434744845,55.852195301984636,67.95450828154688,2.2124063968658447,44,28.306411434744845,55.852195301984636,67.95450828154688
2024-04-12,8.094449996948242,44,28.306411434744845,55.852195301984636,67.95450828154688,2.213082432746887,44,28.306411434744845,55.852195301984636,67.95450828154688
2024-04-13,8.093367099761963,44,28.306411434744845,55.852195301984636,67.95450828154688,2.2137482166290283,44,28.306411434744845,55.852195301984636,67.95450828154688
2024-04-14,8.091032981872559,44,28.306411434744845,55.852195301984636,67.95450828154688,2.214239716529846,44,28.306411434744845,55.852195301984636,67.95450828154688
2024-04-15,8.0882887840271,44,28.306411434744845,55.852195301984636,67.95450828154688,2.2143067121505737,44,28.306411434744845,55.852195301984636,67.95450828154688
2024-04-16,8.085465431213379,44,28.306411434744845,55.852195301984636,67.95450828154688,2.214257597923279,44,28.306411434744845,55.852195301984636,67.95450828154688
2024-04-17,8.084942817687988,44,28.306411434744845,55.852195301984636,67.95450828154688,2.2138670682907104,44,28.306411434744845,55.852195301984636,67.95450828154688
2024-04-18,8.086339473724365,44,28.306411434744845,55.852195301984636,67.95450828154688,2.213340640068054,44,28.306411434744845,55.852195301984636,67.95450828154688
2024-04-19,8.088445663452148,44,28.306411434744845,55.852195301984636,67.95450828154688,2.2133047580718994,44,28.306411434744845,55.852195301984636,67.95450828154688
2024-04-20,8.090399265289307,44,28.306411434744845,55.852195301984636,67.95450828154688,2.2133116722106934,44,28.306411434744845,55.852195301984636,67.95450828154688
2024-04-21,8.091323852539062,44,28.306411434744845,55.852195301984636,67.95450828154688,2.2151618003845215,44,28.306411434744845,55.852195301984636,67.95450828154688
2024-04-22,8.091236591339111,44,28.306411434744845,55.852195301984636,67.95450828154688,2.215601086616516,44,28.306411434744845,55.852195301984636,67.95450828154688
2024-04-23,8.091047286987305,44,28.306411434744845,55.852195301984636,67.95450828154688,2.2136706113815308,44,28.306411434744845,55.852195301984636,67.95450828154688
2024-04-24,8.090178489685059,44,28.306411434744845,55.852195301984636,67.95450828154688,2.21468186378479,44,28.306411434744845,55.852195301984636,67.95450828154688
2024-04-25,8.089636325836182,44,28.306411434744845,55.852195301984636,67.95450828154688,2.214630603790283,44,28.306411434744845,55.852195301984636,67.95450828154688
2024-04-26,8.088328838348389,44,28.306411434744845,55.852195301984636,67.95450828154688,2.214185953140259,44,28.306411434744845,55.852195301984636,67.95450828154688
2024-04-27,8.08519697189331,44,28.306411434744845,55.852195301984636,67.95450828154688,2.21297550201416,44,28.306411434744845,55.852195301984636,67.95450828154688
2024-04-28,8.082172393798828,44,28.306411434744845,55.852195301984636,67.95450828154688,2.211905002593994,44,28.306411434744845,55.852195301984636,67.95450828154688
2024-04-29,8.082161903381348,44,28.306411434744845,55.852195301984636,67.95450828154688,2.211805820465088,44,28.306411434744845,55.852195301984636,67.95450828154688
2024-04-30,8.083802223205566,44,28.306411434744845,55.852195301984636,67.95450828154688,2.212115526199341,44,28.306411434744845,55.852195301984636,67.95450828154688
2024-05-01,8.08452033996582,44,28.306411434744845,55.852195301984636,67.95450828154688,2.2128677368164062,44,28.306411434744845,55.852195301984636,67.95450828154688
2024-05-02,8.085007667541504,44,28.306411434744845,55.852195301984636,67.95450828154688,2.213512659072876,44,28.306411434744845,55.852195301984636,67.95450828154688
2024-05-03,8.084192752838135,44,28.306411434744845,55.852195301984636,67.95450828154688,2.2136555910110474,44,28.306411434744845,55.852195301984636,67.95450828154688
2024-05-04,8.081780433654785,44,28.306411434744845,55.852195301984636,67.95450828154688,2.2136765718460083,44,28.306411434744845,55.852195301984636,67.95450828154688
2024-05-05,8.079753875732422,44,28.306411434744845,55.852195301984636,67.95450828154688,2.2131564617156982,44,28.306411434744845,55.852195301984636,67.95450828154688
2024-05-06,8.077185153961182,44,28.306411434744845,55.852195301984636,67.95450828154688,2.212755799293518,44,28.306411434744845,55.852195301984636,67.95450828154688
2024-05-07,8.075531959533691,44,28.306411434744845,55.852195301984636,67.95450828154688,2.21242356300354,44,28.306411434744845,55.852195301984636,67.95450828154688
2024-05-08,8.073524951934814,44,28.306411434744845,55.852195301984636,67.95450828154688,2.2125505208969116,44,28.306411434744845,55.852195301984636,67.95450828154688
2024-05-09,8.071476936340332,44,28.306411434744845,55.852195301984636,67.95450828154688,2.212534546852112,44,28.306411434744845,55.852195301984636,67.95450828154688
2024-05-10,8.070854663848877,44,28.306411434744845,55.852195301984636,67.95450828154688,2.2124217748641968,44,28.306411434744845,55.852195301984636,67.95450828154688
2024-05-11,8.071784496307373,44,28.306411434744845,55.852195301984636,67.95450828154688,2.212913990020752,44,28.306411434744845,55.852195301984636,67.95450828154688
2024-05-12,8.07005262374878,44,28.306411434744845,55.852195301984636,67.95450828154688,2.2135528326034546,44,28.306411434744845,55.852195301984636,67.95450828154688
2024-05-13,8.067073822021484,44,28.306411434744845,55.852195301984636,67.95450828154688,2.2137163877487183,44,28.306411434744845,55.852195301984636,67.95450828154688
2024-05-14,8.06485366821289,44,28.306411434744845,55.852195301984636,67.95450828154688,2.214103102684021,44,28.306411434744845,55.852195301984636,67.95450828154688
2024-05-15,8.063698768615723,44,28.306411434744845,55.852195301984636,67.95450828154688,2.21416175365448,44,28.306411434744845,55.852195301984636,67.95450828154688
2024-05-16,8.064023971557617,44,28.306411434744845,55.852195301984636,67.95450828154688,2.2138593196868896,44,28.306411434744845,55.852195301984636,67.95450828154688
2024-05-17,8.061826229095459,44,28.306411434744845,55.852195301984636,67.95450828154688,2.2128432989120483,44,28.306411434744845,55.852195301984636,67.95450828154688
2024-05-18,8.05829906463623,44,28.306411434744845,55.852195301984636,67.95450828154688,2.2123541831970215,44,28.306411434744845,55.852195301984636,67.95450828154688
2024-05-19,8.05495023727417,44,28.306411434744845,55.852195301984636,67.95450828154688,2.2110646963119507,44,28.306411434744845,55.852195301984636,67.95450828154688
2024-05-20,8.054750919342041,44,28.306411434744845,55.852195301984636,67.95450828154688,2.210273504257202,44,28.306411434744845,55.852195301984636,67.95450828154688
2024-05-21,8.055766582489014,44,28.306411434744845,55.852195301984636,67.95450828154688,2.2096258401870728,44,28.306411434744845,55.852195301984636,67.95450828154688
2024-05-22,8.055011749267578,44,28.306411434744845,55.852195301984636,67.95450828154688,2.2075663805007935,44,28.306411434744845,55.852195301984636,67.95450828154688
2024-05-23,8.054252624511719,44,28.306411434744845,55.852195301984636,67.95450828154688,2.2061702013015747,44,28.306411434744845,55.852195301984636,67.95450828154688
2024-05-24,8.053771018981934,44,28.306411434744845,55.852195301984636,67.95450828154688,2.2041354179382324,44,28.306411434744845,55.852195301984636,67.95450828154688
2024-05-25,8.051787376403809,44,28.306411434744845,55.852195301984636,67.95450828154688,2.202767014503479,44,28.306411434744845,55.852195301984636,67.95450828154688
2024-05-26,8.048708438873291,44,28.306411434744845,55.852195301984636,67.95450828154688,2.2028281688690186,44,28.306411434744845,55.852195301984636,67.95450828154688
2024-05-27,8.0451340675354,44,28.306411434744845,55.852195301984636,67.95450828154688,2.202183961868286,44,28.306411434744845,55.852195301984636,67.95450828154688
2024-05-28,8.041851997375488,44,28.306411434744845,55.852195301984636,67.95450828154688,2.2016704082489014,44,28.306411434744845,55.852195301984636,67.95450828154688
2024-05-29,8.04060173034668,44,28.306411434744845,55.852195301984636,67.95450828154688,2.203085780143738,44,28.306411434744845,55.852195301984636,67.95450828154688
2024-05-30,8.039385318756104,44,28.306411434744845,55.852195301984636,67.95450828154688,2.204836368560791,44,28.306411434744845,55.852195301984636,67.95450828154688
2024-05-31,8.040648937225342,44,28.306411434744845,55.852195301984636,67.95450828154688,2.206874132156372,44,28.306411434744845,55.852195301984636,67.95450828154688
2024-06-01,8.045240879058838,44,28.306411434744845,55.852195301984636,67.95450828154688,2.208651900291443,44,28.306411434744845,55.852195301984636,67.95450828154688
2024-06-02,8.049030303955078,44,28.306411434744845,55.852195301984636,67.95450828154688,2.209854483604431,44,28.306411434744845,55.852195301984636,67.95450828154688
2024-06-03,8.05010986328125,44,28.306411434744845,55.852195301984636,67.95450828154688,2.210694432258606,44,28.306411434744845,55.852195301984636,67.95450828154688
2024-06-04,8.048913478851318,44,28.306411434744845,55.852195301984636,67.95450828154688,2.210897207260132,44,28.306411434744845,55.852195301984636,67.95450828154688
2024-06-05,8.046207427978516,44,28.306411434744845,55.852195301984636,67.95450828154688,2.210465669631958,44,28.306411434744845,55.852195301984636,67.95450828154688
2024-06-06,8.043927192687988,44,28.306411434744845,55.852195301984636,67.95450828154688,2.209107995033264,44,28.306411434744845,55.852195301984636,67.95450828154688
2024-06-07,8.042155265808105,44,28.306411434744845,55.852195301984636,67.95450828154688,2.2078022956848145,44,28.306411434744845,55.852195301984636,67.95450828154688
2024-06-08,8.041091918945312,44,28.306411434744845,55.852195301984636,67.95450828154688,2.207710027694702,44,28.306411434744845,55.852195301984636,67.95450828154688
2024-06-09,8.04073429107666,44,28.306411434744845,55.852195301984636,67.95450828154688,2.2068241834640503,44,28.306411434744845,55.852195301984636,67.95450828154688
2024-06-10,8.038372993469238,44,28.306411434744845,55.852195301984636,67.95450828154688,2.205512762069702,44,28.306411434744845,55.852195301984636,67.95450828154688
2024-06-11,8.033961296081543,44,28.306411434744845,55.852195301984636,67.95450828154688,2.2047570943832397,44,28.306411434744845,55.852195301984636,67.95450828154688
2024-06-12,8.030016899108887,44,28.306411434744845,55.852195301984636,67.95450828154688,2.2041996717453003,44,28.306411434744845,55.852195301984636,67.95450828154688
2024-06-13,8.026121139526367,44,28.306411434744845,55.852195301984636,67.95450828154688,2.204094648361206,44,28.306411434744845,55.852195301984636,67.95450828154688
2024-06-14,8.0248441696167,44,28.306411434744845,55.852195301984636,67.95450828154688,2.202859401702881,44,28.306411434744845,55.852195301984636,67.95450828154688
2024-06-15,8.024539470672607,44,28.306411434744845,55.852195301984636,67.95450828154688,2.201235055923462,44,28.306411434744845,55.852195301984636,67.95450828154688
2024-06-16,8.020318508148193,44,28.306411434744845,55.852195301984636,67.95450828154688,2.1989697217941284,44,28.306411434744845,55.852195301984636,67.95450828154688
2024-06-17,8.014483451843262,44,28.306411434744845,55.852195301984636,67.95450828154688,2.197733521461487,44,28.306411434744845,55.852195301984636,67.95450828154688
2024-06-18,8.010733604431152,44,28.306411434744845,55.852195301984636,67.95450828154688,2.1965678930282593,44,28.306411434744845,55.852195301984636,67.95450828154688
2024-06-19,8.010131359100342,44,28.306411434744845,55.852195301984636,67.95450828154688,2.1942412853240967,44,28.306411434744845,55.852195301984636,67.95450828154688
2024-06-20,8.012574672698975,44,28.306411434744845,55.852195301984636,67.95450828154688,2.1920617818832397,44,28.306411434744845,55.852195301984636,67.95450828154688
2024-06-21,8.015023708343506,44,28.306411434744845,55.852195301984636,67.95450828154688,2.1925954818725586,44,28.306411434744845,55.852195301984636,67.95450828154688
2024-06-22,8.013749599456787,44,28.306411434744845,55.852195301984636,67.95450828154688,2.1928277015686035,44,28.306411434744845,55.852195301984636,67.95450828154688
2024-06-23,8.012274265289307,44,28.306411434744845,55.852195301984636,67.95450828154688,2.1913119554519653,44,28.306411434744845,55.852195301984636,67.95450828154688
2024-06-24,8.012339115142822,44,28.306411434744845,55.852195301984636,67.95450828154688,2.1918554306030273,44,28.306411434744845,55.852195301984636,67.95450828154688
2024-06-25,8.014506340026855,44,28.306411434744845,55.852195301984636,67.95450828154688,2.192668318748474,44,28.306411434744845,55.852195301984636,67.95450828154688
2024-06-26,8.017451763153076,44,28.306411434744845,55.852195301984636,67.95450828154688,2.1931774616241455,44,28.306411434744845,55.852195301984636,67.95450828154688
2024-06-27,8.020472526550293,44,28.306411434744845,55.852195301984636,67.95450828154688,2.1940163373947144,44,28.306411434744845,55.852195301984636,67.95450828154688
2024-06-28,8.018415451049805,44,28.306411434744845,55.852195301984636,67.95450828154688,2.196143865585327,44,28.306411434744845,55.852195301984636,67.95450828154688
2024-06-29,8.013254642486572,44,28.306411434744845,55.852195301984636,67.95450828154688,2.198292851448059,44,28.306411434744845,55.852195301984636,67.95450828154688
2024-06-30,8.010584831237793,44,28.306411434744845,55.852195301984636,67.95450828154688,2.1998093128204346,44,28.306411434744845,55.852195301984636,67.95450828154688
2024-07-01,8.006721019744873,44,28.306411434744845,55.852195301984636,67.95450828154688,2.200742244720459,44,28.306411434744845,55.852195301984636,67.95450828154688
2024-07-02,8.003111839294434,44,28.306411434744845,55.852195301984636,67.95450828154688,2.200502634048462,44,28.306411434744845,55.852195301984636,67.95450828154688
2024-07-03,7.999512434005737,44,28.306411434744845,55.852195301984636,67.95450828154688,2.1989775896072388,44,28.306411434744845,55.852195301984636,67.95450828154688
2024-07-04,7.997563362121582,44,28.306411434744845,55.852195301984636,67.95450828154688,2.1982579231262207,44,28.306411434744845,55.852195301984636,67.95450828154688
2024-07-05,8.000278949737549,44,28.306411434744845,55.852195301984636,67.95450828154688,2.1964601278305054,44,28.306411434744845,55.852195301984636,67.95450828154688
2024-07-06,8.002594470977783,44,28.306411434744845,55.852195301984636,67.95450828154688,2.197312116622925,44,28.306411434744845,55.852195301984636,67.95450828154688
2024-07-07,8.000794410705566,44,28.306411434744845,55.852195301984636,67.95450828154688,2.19563889503479,44,28.306411434744845,55.852195301984636,67.95450828154688
2024-07-08,7.997517347335815,44,28.306411434744845,55.852195301984636,67.95450828154688,2.194665551185608,44,28.306411434744845,55.852195301984636,67.95450828154688
2024-07-09,7.994742393493652,44,28.306411434744845,55.852195301984636,67.95450828154688,2.193734645843506,44,28.306411434744845,55.852195301984636,67.95450828154688
2024-07-10,7.991167306900024,44,28.306411434744845,55.852195301984636,67.95450828154688,2.1934551000595093,44,28.306411434744845,55.852195301984636,67.95450828154688
2024-07-11,7.988706350326538,44,28.306411434744845,55.852195301984636,67.95450828154688,2.1934638023376465,44,28.306411434744845,55.852195301984636,67.95450828154688
2024-07-12,7.984890460968018,44,28.306411434744845,55.852195301984636,67.95450828154688,2.193471670150757,44,28.306411434744845,55.852195301984636,67.95450828154688
2024-07-13,7.98111891746521,44,28.306411434744845,55.852195301984636,67.95450828154688,2.193183183670044,44,28.306411434744845,55.852195301984636,67.95450828154688
2024-07-14,7.977588891983032,44,28.306411434744845,55.852195301984636,67.95450828154688,2.192910671234131,44,28.306411434744845,55.852195301984636,67.95450828154688
2024-07-15,7.973057270050049,44,28.306411434744845,55.852195301984636,67.95450828154688,2.1924400329589844,44,28.306411434744845,55.852195301984636,67.95450828154688
2024-07-16,7.9685893058776855,44,28.306411434744845,55.852195301984636,67.95450828154688,2.1913009881973267,44,28.306411434744845,55.852195301984636,67.95450828154688
2024-07-17,7.968869924545288,44,28.306411434744845,55.852195301984636,67.95450828154688,2.1891673803329468,44,28.306411434744845,55.852195301984636,67.95450828154688
2024-07-18,7.971167802810669,44,28.306411434744845,55.852195301984636,67.95450828154688,2.188302516937256,44,28.306411434744845,55.852195301984636,67.95450828154688
2024-07-19,7.9694719314575195,44,28.306411434744845,55.852195301984636,67.95450828154688,2.1887989044189453,44,28.306411434744845,55.852195301984636,67.95450828154688
2024-07-20,7.966049671173096,44,28.306411434744845,55.852195301984636,67.95450828154688,2.1889950037002563,44,28.306411434744845,55.852195301984636,67.95450828154688
2024-07-21,7.965891122817993,44,28.306411434744845,55.852195301984636,67.95450828154688,2.188718557357788,44,28.306411434744845,55.852195301984636,67.95450828154688
2024-07-22,7.969712018966675,44,28.306411434744845,55.852195301984636,67.95450828154688,2.1882675886154175,44,28.306411434744845,55.852195301984636,67.95450828154688
2024-07-23,7.971260070800781,44,28.306411434744845,55.852195301984636,67.95450828154688,2.1886954307556152,44,28.306411434744845,55.852195301984636,67.95450828154688
2024-07-24,7.971886396408081,44,28.306411434744845,55.852195301984636,67.95450828154688,2.18955397605896,44,28.306411434744845,55.852195301984636,67.95450828154688
2024-07-25,7.971330881118774,44,28.306411434744845,55.852195301984636,67.95450828154688,2.190095543861389,44,28.306411434744845,55.852195301984636,67.95450828154688
2024-07-26,7.971604824066162,44,28.306411434744845,55.852195301984636,67.95450828154688,2.190302014350891,44,28.306411434744845,55.852195301984636,67.95450828154688
2024-07-27,7.971707582473755,44,28.306411434744845,55.852195301984636,67.95450828154688,2.1906139850616455,44,28.306411434744845,55.852195301984636,67.95450828154688
2024-07-28,7.970273733139038,44,28.306411434744845,55.852195301984636,67.95450828154688,2.190465807914734,44,28.306411434744845,55.852195301984636,67.95450828154688
2024-07-29,7.970833778381348,44,28.306411434744845,55.852195301984636,67.95450828154688,2.189380645751953,44,28.306411434744845,55.852195301984636,67.95450828154688
2024-07-30,7.974561929702759,44,28.306411434744845,55.852195301984636,67.95450828154688,2.18889319896698,44,28.306411434744845,55.852195301984636,67.95450828154688
2024-07-31,7.9757771492004395,44,28.306411434744845,55.852195301984636,67.95450828154688,2.1886836290359497,44,28.306411434744845,55.852195301984636,67.95450828154688
2024-08-01,7.971137046813965,44,28.306411434744845,55.852195301984636,67.95450828154688,2.187800407409668,44,28.306411434744845,55.852195301984636,67.95450828154688
2024-08-02,7.9656453132629395,44,28.306411434744845,55.852195301984636,67.95450828154688,2.1875494718551636,44,28.306411434744845,55.852195301984636,67.95450828154688
2024-08-03,7.963532447814941,44,28.306411434744845,55.852195301984636,67.95450828154688,2.1872202157974243,44,28.306411434744845,55.852195301984636,67.95450828154688
2024-08-04,7.9635303020477295,44,28.306411434744845,55.852195301984636,67.95450828154688,2.187303066253662,44,28.306411434744845,55.852195301984636,67.95450828154688
2024-08-05,7.9643614292144775,44,28.306411434744845,55.852195301984636,67.95450828154688,2.1871691942214966,44,28.306411434744845,55.852195301984636,67.95450828154688
2024-08-06,7.9648168087005615,44,28.306411434744845,55.852195301984636,67.95450828154688,2.1869059801101685,44,28.306411434744845,55.852195301984636,67.95450828154688
2024-08-07,7.9664270877838135,44,28.306411434744845,55.852195301984636,67.95450828154688,2.1863882541656494,44,28.306411434744845,55.852195301984636,67.95450828154688
2024-08-08,7.965433597564697,44,28.306411434744845,55.852195301984636,67.95450828154688,2.186625838279724,44,28.306411434744845,55.852195301984636,67.95450828154688
2024-08-09,7.961947917938232,44,28.306411434744845,55.852195301984636,67.95450828154688,2.186355233192444,44,28.306411434744845,55.852195301984636,67.95450828154688
2024-08-10,7.9626688957214355,44,28.306411434744845,55.852195301984636,67.95450828154688,2.185220718383789,44,28.306411434744845,55.852195301984636,67.95450828154688
2024-08-11,7.9668052196502686,44,28.306411434744845,55.852195301984636,67.95450828154688,2.1848602294921875,44,28.306411434744845,55.852195301984636,67.95450828154688
2024-08-12,7.96485161781311,44,28.306411434744845,55.852195301984636,67.95450828154688,2.1855342388153076,44,28.306411434744845,55.852195301984636,67.95450828154688
2024-08-13,7.958958148956299,44,28.306411434744845,55.852195301984636,67.95450828154688,2.1866366863250732,44,28.306411434744845,55.852195301984636,67.95450828154688
2024-08-14,7.9554197788238525,44,28.306411434744845,55.852195301984636,67.95450828154688,2.1869641542434692,44,28.306411434744845,55.852195301984636,67.95450828154688
2024-08-15,7.955805778503418,44,28.306411434744845,55.852195301984636,67.95450828154688,2.187682628631592,44,28.306411434744845,55.852195301984636,67.95450828154688
2024-08-16,7.9586381912231445,44,28.306411434744845,55.852195301984636,67.95450828154688,2.1891924142837524,44,28.306411434744845,55.852195301984636,67.95450828154688
2024-08-17,7.959298133850098,44,28.306411434744845,55.852195301984636,67.95450828154688,2.190886974334717,44,28.306411434744845,55.852195301984636,67.95450828154688
2024-08-18,7.9586501121521,44,28.306411434744845,55.852195301984636,67.95450828154688,2.191835045814514,44,28.306411434744845,55.852195301984636,67.95450828154688
2024-08-19,7.958429574966431,44,28.306411434744845,55.852195301984636,67.95450828154688,2.192283034324646,44,28.306411434744845,55.852195301984636,67.95450828154688
2024-08-20,7.958777666091919,44,28.306411434744845,55.852195301984636,67.95450828154688,2.1925876140594482,44,28.306411434744845,55.852195301984636,67.95450828154688
2024-08-21,7.960245609283447,44,28.306411434744845,55.852195301984636,67.95450828154688,2.192770004272461,44,28.306411434744845,55.852195301984636,67.95450828154688
2024-08-22,7.9622955322265625,44,28.306411434744845,55.852195301984636,67.95450828154688,2.1929508447647095,44,28.306411434744845,55.852195301984636,67.95450828154688
2024-08-23,7.962544202804565,44,28.306411434744845,55.852195301984636,67.95450828154688,2.192414402961731,44,28.306411434744845,55.852195301984636,67.95450828154688
2024-08-24,7.962660074234009,44,28.306411434744845,55.852195301984636,67.95450828154688,2.1916046142578125,44,28.306411434744845,55.852195301984636,67.95450828154688
2024-08-25,7.962060928344727,44,28.306411434744845,55.852195301984636,67.95450828154688,2.190064787864685,44,28.306411434744845,55.852195301984636,67.95450828154688
2024-08-26,7.964163303375244,44,28.306411434744845,55.852195301984636,67.95450828154688,2.1876126527786255,44,28.306411434744845,55.852195301984636,67.95450828154688
2024-08-27,7.971976280212402,44,28.306411434744845,55.852195301984636,67.95450828154688,2.186790108680725,44,28.306411434744845,55.852195301984636,67.95450828154688
2024-08-28,7.9806482791900635,44,28.306411434744845,55.852195301984636,67.95450828154688,2.1865686178207397,44,28.306411434744845,55.852195301984636,67.95450828154688
2024-08-29,7.987554311752319,44,28.306411434744845,55.852195301984636,67.95450828154688,2.1862891912460327,44,28.306411434744845,55.852195301984636,67.95450828154688
2024-08-30,7.9888596534729,44,28.306411434744845,55.852195301984636,67.95450828154688,2.1857705116271973,44,28.306411434744845,55.852195301984636,67.95450828154688
2024-08-31,7.9848082065582275,44,28.306411434744845,55.852195301984636,67.95450828154688,2.185202479362488,44,28.306411434744845,55.852195301984636,67.95450828154688
2024-09-01,7.98132586479187,44,28.306411434744845,55.852195301984636,67.95450828154688,2.1846693754196167,44,28.306411434744845,55.852195301984636,67.95450828154688
2024-09-02,7.975550413131714,44,28.306411434744845,55.852195301984636,67.95450828154688,2.1844433546066284,44,28.306411434744845,55.852195301984636,67.95450828154688
2024-09-03,7.971619367599487,44,28.306411434744845,55.852195301984636,67.95450828154688,2.1844152212142944,44,28.306411434744845,55.852195301984636,67.95450828154688
2024-09-04,7.973574161529541,44,28.306411434744845,55.852195301984636,67.95450828154688,2.1831655502319336,44,28.306411434744845,55.852195301984636,67.95450828154688
2024-09-05,7.977003335952759,44,28.306411434744845,55.852195301984636,67.95450828154688,2.17837655544281,44,28.306411434744845,55.852195301984636,67.95450828154688
2024-09-06,7.9852824211120605,44,28.306411434744845,55.852195301984636,67.95450828154688,2.1743900775909424,44,28.306411434744845,55.852195301984636,67.95450828154688
2024-09-07,7.989115953445435,44,28.306411434744845,55.852195301984636,67.95450828154688,2.1734665632247925,44,28.306411434744845,55.852195301984636,67.95450828154688
2024-09-08,7.986979722976685,44,28.306411434744845,55.852195301984636,67.95450828154688,2.171683192253113,44,28.306411434744845,55.852195301984636,67.95450828154688
2024-09-09,7.988881826400757,44,28.306411434744845,55.852195301984636,67.95450828154688,2.1712554693222046,44,28.306411434744845,55.852195301984636,67.95450828154688
2024-09-10,7.989279508590698,44,28.306411434744845,55.852195301984636,67.95450828154688,2.173027515411377,44,28.306411434744845,55.852195301984636,67.95450828154688
2024-09-11,7.990408897399902,44,28.306411434744845,55.852195301984636,67.95450828154688,2.172401785850525,44,28.306411434744845,55.852195301984636,67.95450828154688
2024-09-12,7.990966081619263,44,28.306411434744845,55.852195301984636,67.95450828154688,2.1715391874313354,44,28.306411434744845,55.852195301984636,67.95450828154688
2024-09-13,7.992029905319214,44,28.306411434744845,55.852195301984636,67.95450828154688,2.1712695360183716,44,28.306411434744845,55.852195301984636,67.95450828154688
2024-09-14,7.997319459915161,44,28.306411434744845,55.852195301984636,67.95450828154688,2.1694942712783813,44,28.306411434744845,55.852195301984636,67.95450828154688
2024-09-15,8.003974914550781,44,28.306411434744845,55.852195301984636,67.95450828154688,2.1675676107406616,44,28.306411434744845,55.852195301984636,67.95450828154688
2024-09-16,8.005073547363281,44,28.306411434744845,55.852195301984636,67.95450828154688,2.1686633825302124,44,28.306411434744845,55.852195301984636,67.95450828154688
2024-09-17,8.004157066345215,44,28.306411434744845,55.852195301984636,67.95450828154688,2.171557068824768,44,28.306411434744845,55.852195301984636,67.95450828154688
2024-09-18,8.002309322357178,44,28.306411434744845,55.852195301984636,67.95450828154688,2.1748913526535034,44,28.306411434744845,55.852195301984636,67.95450828154688
2024-09-19,8.003798484802246,44,28.306411434744845,55.852195301984636,67.95450828154688,2.175216317176819,44,28.306411434744845,55.852195301984636,67.95450828154688
2024-09-20,8.002410411834717,44,28.306411434744845,55.852195301984636,67.95450828154688,2.176754593849182,44,28.306411434744845,55.852195301984636,67.95450828154688
2024-09-21,8.001137256622314,44,28.306411434744845,55.852195301984636,67.95450828154688,2.17843234539032,44,28.306411434744845,55.852195301984636,67.95450828154688
2024-09-22,7.999272346496582,44,28.306411434744845,55.852195301984636,67.95450828154688,2.1811262369155884,44,28.306411434744845,55.852195301984636,67.95450828154688
2024-09-23,7.998784780502319,44,28.306411434744845,55.852195301984636,67.95450828154688,2.182507276535034,44,28.306411434744845,55.852195301984636,67.95450828154688
2024-09-24,7.999007225036621,44,28.306411434744845,55.852195301984636,67.95450828154688,2.1864142417907715,44,28.306411434744845,55.852195301984636,67.95450828154688
2024-09-25,8.001684188842773,44,28.306411434744845,55.852195301984636,67.95450828154688,2.1844818592071533,44,28.306411434744845,55.852195301984636,67.95450828154688
2024-09-26,8.005086421966553,44,28.306411434744845,55.852195301984636,67.95450828154688,2.183504104614258,44,28.306411434744845,55.852195301984636,67.95450828154688
2024-09-27,8.008528709411621,44,28.306411434744845,55.852195301984636,67.95450828154688,2.177543520927429,44,28.306411434744845,55.852195301984636,67.95450828154688
2024-09-28,8.009856700897217,44,28.306411434744845,55.852195301984636,67.95450828154688,2.171449899673462,44,28.306411434744845,55.852195301984636,67.95450828154688
2024-09-29,8.012619018554688,44,28.306411434744845,55.852195301984636,67.95450828154688,2.167075037956238,44,28.306411434744845,55.852195301984636,67.95450828154688
2024-09-30,8.015063285827637,44,28.306411434744845,55.852195301984636,67.95450828154688,2.1639539003372192,44,28.306411434744845,55.852195301984636,67.95450828154688
2024-10-01,8.01468276977539,44,28.306411434744845,55.852195301984636,67.95450828154688,2.1642401218414307,44,28.306411434744845,55.852195301984636,67.95450828154688
2024-10-02,8.014796733856201,44,28.306411434744845,55.852195301984636,67.95450828154688,2.166481375694275,44,28.306411434744845,55.852195301984636,67.95450828154688
2024-10-03,8.016913890838623,44,28.306411434744845,55.852195301984636,67.95450828154688,2.1656261682510376,44,28.306411434744845,55.852195301984636,67.95450828154688
2024-10-04,8.019568920135498,44,28.306411434744845,55.852195301984636,67.95450828154688,2.1641268730163574,44,28.306411434744845,55.852195301984636,67.95450828154688
2024-10-05,8.021286964416504,44,28.306411434744845,55.852195301984636,67.95450828154688,2.1648824214935303,44,28.306411434744845,55.852195301984636,67.95450828154688
2024-10-06,8.022224426269531,44,28.306411434744845,55.852195301984636,67.95450828154688,2.1648722887039185,44,28.306411434744845,55.852195301984636,67.95450828154688
2024-10-07,8.021947383880615,44,28.306411434744845,55.852195301984636,67.95450828154688,2.164894223213196,44,28.306411434744845,55.852195301984636,67.95450828154688
2024-10-08,8.022277355194092,44,28.306411434744845,55.852195301984636,67.95450828154688,2.1649140119552612,44,28.306411434744845,55.852195301984636,67.95450828154688
2024-10-09,8.022613048553467,44,28.306411434744845,55.852195301984636,67.95450828154688,2.1652727127075195,44,28.306411434744845,55.852195301984636,67.95450828154688
2024-10-10,8.02314043045044,44,28.306411434744845,55.852195301984636,67.95450828154688,2.1663951873779297,44,28.306411434744845,55.852195301984636,67.95450828154688
2024-10-11,8.024428844451904,44,28.306411434744845,55.852195301984636,67.95450828154688,2.167581796646118,44,28.306411434744845,55.852195301984636,67.95450828154688
2024-10-12,8.025142192840576,44,28.306411434744845,55.852195301984636,67.95450828154688,2.1686272621154785,44,28.306411434744845,55.852195301984636,67.95450828154688
2024-10-13,8.025078773498535,44,28.306411434744845,55.852195301984636,67.95450828154688,2.1686792373657227,44,28.306411434744845,55.852195301984636,67.95450828154688
2024-10-14,8.02405309677124,44,28.306411434744845,55.852195301984636,67.95450828154688,2.168458580970764,44,28.306411434744845,55.852195301984636,67.95450828154688
2024-10-15,8.023834705352783,44,28.306411434744845,55.852195301984636,67.95450828154688,2.1689953804016113,44,28.306411434744845,55.852195301984636,67.95450828154688
2024-10-16,8.024898052215576,44,28.306411434744845,55.852195301984636,67.95450828154688,2.1692278385162354,44,28.306411434744845,55.852195301984636,67.95450828154688
2024-10-17,8.02547836303711,44,28.306411434744845,55.852195301984636,67.95450828154688,2.1705204248428345,44,28.306411434744845,55.852195301984636,67.95450828154688
2024-10-18,8.028144836425781,44,28.306411434744845,55.852195301984636,67.95450828154688,2.1724194288253784,44,28.306411434744845,55.852195301984636,67.95450828154688
2024-10-19,8.031882762908936,44,28.306411434744845,55.852195301984636,67.95450828154688,2.1731282472610474,44,28.306411434744845,55.852195301984636,67.95450828154688
2024-10-20,8.03334093093872,44,28.306411434744845,55.852195301984636,67.95450828154688,2.173917293548584,44,28.306411434744845,55.852195301984636,67.95450828154688
2024-10-21,8.03427791595459,44,28.306411434744845,55.852195301984636,67.95450828154688,2.1747193336486816,44,28.306411434744845,55.852195301984636,67.95450828154688
2024-10-22,8.034085273742676,44,28.306411434744845,55.852195301984636,67.95450828154688,2.1747487783432007,44,28.306411434744845,55.852195301984636,67.95450828154688
2024-10-23,8.033782958984375,44,28.306411434744845,55.852195301984636,67.95450828154688,2.174530863761902,44,28.306411434744845,55.852195301984636,67.95450828154688
2024-10-24,8.034053325653076,44,28.306411434744845,55.852195301984636,67.95450828154688,2.1740001440048218,44,28.306411434744845,55.852195301984636,67.95450828154688
2024-10-25,8.034084796905518,44,28.306411434744845,55.852195301984636,67.95450828154688,2.174505591392517,44,28.306411434744845,55.852195301984636,67.95450828154688
2024-10-26,8.034372806549072,44,28.306411434744845,55.852195301984636,67.95450828154688,2.175687313079834,44,28.306411434744845,55.852195301984636,67.95450828154688
2024-10-27,8.035693168640137,44,28.306411434744845,55.852195301984636,67.95450828154688,2.1769737005233765,44,28.306411434744845,55.852195301984636,67.95450828154688
2024-10-28,8.03599739074707,44,28.306411434744845,55.852195301984636,67.95450828154688,2.1774829626083374,44,28.306411434744845,55.852195301984636,67.95450828154688
2024-10-29,8.035776138305664,44,28.306411434744845,55.852195301984636,67.95450828154688,2.1774269342422485,44,28.306411434744845,55.852195301984636,67.95450828154688
2024-10-30,8.036422729492188,44,28.306411434744845,55.852195301984636,67.95450828154688,2.1782604455947876,44,28.306411434744845,55.852195301984636,67.95450828154688
2024-10-31,8.037460327148438,44,28.306411434744845,55.852195301984636,67.95450828154688,2.1788429021835327,44,28.306411434744845,55.852195301984636,67.95450828154688
2024-11-01,8.038243770599365,44,28.306411434744845,55.852195301984636,67.95450828154688,2.177847743034363,44,28.306411434744845,55.852195301984636,67.95450828154688
2024-11-02,8.039345741271973,44,28.306411434744845,55.852195301984636,67.95450828154688,2.1780582666397095,44,28.306411434744845,55.852195301984636,67.95450828154688
2024-11-03,8.04050874710083,44,28.306411434744845,55.852195301984636,67.95450828154688,2.178869605064392,44,28.306411434744845,55.852195301984636,67.95450828154688
2024-11-04,8.040877342224121,44,28.306411434744845,55.852195301984636,67.95450828154688,2.1800708770751953,44,28.306411434744845,55.852195301984636,67.95450828154688
2024-11-05,8.04090690612793,44,28.306411434744845,55.852195301984636,67.95450828154688,2.180692434310913,44,28.306411434744845,55.852195301984636,67.95450828154688
2024-11-06,8.040392875671387,44,28.306411434744845,55.852195301984636,67.95450828154688,2.1823400259017944,44,28.306411434744845,55.852195301984636,67.95450828154688
2024-11-07,8.040747165679932,44,28.306411434744845,55.852195301984636,67.95450828154688,2.181409478187561,44,28.306411434744845,55.852195301984636,67.95450828154688
2024-11-08,8.041162967681885,44,28.306411434744845,55.852195301984636,67.95450828154688,2.182882785797119,44,28.306411434744845,55.852195301984636,67.95450828154688
2024-11-09,8.041858196258545,44,28.306411434744845,55.852195301984636,67.95450828154688,2.1856164932250977,44,28.306411434744845,55.852195301984636,67.95450828154688
2024-11-10,8.045517444610596,44,28.306411434744845,55.852195301984636,67.95450828154688,2.187442183494568,44,28.306411434744845,55.852195301984636,67.95450828154688
2024-11-11,8.050235271453857,44,28.306411434744845,55.852195301984636,67.95450828154688,2.1879336833953857,44,28.306411434744845,55.852195301984636,67.95450828154688
2024-11-12,8.054824352264404,44,28.306411434744845,55.852195301984636,67.95450828154688,2.189674139022827,44,28.306411434744845,55.852195301984636,67.95450828154688
2024-11-13,8.058372020721436,44,28.306411434744845,55.852195301984636,67.95450828154688,2.192975640296936,44,28.306411434744845,55.852195301984636,67.95450828154688
2024-11-14,8.060798645019531,44,28.306411434744845,55.852195301984636,67.95450828154688,2.1934670209884644,44,28.306411434744845,55.852195301984636,67.95450828154688
2024-11-15,8.061156749725342,44,28.306411434744845,55.852195301984636,67.95450828154688,2.1934030055999756,44,28.306411434744845,55.852195301984636,67.95450828154688
2024-11-16,8.061450004577637,44,28.306411434744845,55.852195301984636,67.95450828154688,2.193737506866455,44,28.306411434744845,55.852195301984636,67.95450828154688
2024-11-17,8.0625319480896,44,28.306411434744845,55.852195301984636,67.95450828154688,2.1931605339050293,44,28.306411434744845,55.852195301984636,67.95450828154688
2024-11-18,8.062831401824951,44,28.306411434744845,55.852195301984636,67.95450828154688,2.192568063735962,44,28.306411434744845,55.852195301984636,67.95450828154688
2024-11-19,8.062396049499512,44,28.306411434744845,55.852195301984636,67.95450828154688,2.1904484033584595,44,28.306411434744845,55.852195301984636,67.95450828154688
2024-11-20,8.057173252105713,44,28.306411434744845,55.852195301984636,67.95450828154688,2.1889809370040894,44,28.306411434744845,55.852195301984636,67.95450828154688
2024-11-21,8.053452968597412,44,28.306411434744845,55.852195301984636,67.95450828154688,2.1883827447891235,44,28.306411434744845,55.852195301984636,67.95450828154688
2024-11-22,8.05470323562622,44,28.306411434744845,55.852195301984636,67.95450828154688,2.180633783340454,44,28.306411434744845,55.852195301984636,67.95450828154688
2024-11-23,8.051261901855469,44,28.306411434744845,55.852195301984636,67.95450828154688,2.1708840131759644,44,28.306411434744845,55.852195301984636,67.95450828154688
2024-11-24,8.050838947296143,44,28.306411434744845,55.852195301984636,67.95450828154688,2.1613842248916626,44,28.306411434744845,55.852195301984636,67.95450828154688
2024-11-25,8.053070068359375,44,28.306411434744845,55.852195301984636,67.95450828154688,2.156885862350464,44,28.306411434744845,55.852195301984636,67.95450828154688
2024-11-26,8.05548906326294,44,28.306411434744845,55.852195301984636,67.95450828154688,2.1559898853302,44,28.306411434744845,55.852195301984636,67.95450828154688
2024-11-27,8.056488513946533,44,28.306411434744845,55.852195301984636,67.95450828154688,2.155868411064148,44,28.306411434744845,55.852195301984636,67.95450828154688
2024-11-28,8.058163166046143,44,28.306411434744845,55.852195301984636,67.95450828154688,2.156592011451721,44,28.306411434744845,55.852195301984636,67.95450828154688
2024-11-29,8.05797815322876,44,28.306411434744845,55.852195301984636,67.95450828154688,2.1577216386795044,44,28.306411434744845,55.852195301984636,67.95450828154688
2024-11-30,8.060065746307373,44,28.306411434744845,55.852195301984636,67.95450828154688,2.1598936319351196,44,28.306411434744845,55.852195301984636,67.95450828154688
2024-12-01,8.062970638275146,44,28.306411434744845,55.852195301984636,67.95450828154688,2.162462592124939,44,28.306411434744845,55.852195301984636,67.95450828154688
2024-12-02,8.064149856567383,44,28.306411434744845,55.852195301984636,67.95450828154688,2.1654800176620483,44,28.306411434744845,55.852195301984636,67.95450828154688
2024-12-03,8.064489364624023,44,28.306411434744845,55.852195301984636,67.95450828154688,2.1650723218917847,44,28.306411434744845,55.852195301984636,67.95450828154688
2024-12-04,8.065587520599365,44,28.306411434744845,55.852195301984636,67.95450828154688,2.1673351526260376,44,28.306411434744845,55.852195301984636,67.95450828154688
2024-12-05,8.067976474761963,44,28.306411434744845,55.852195301984636,67.95450828154688,2.1688334941864014,44,28.306411434744845,55.852195301984636,67.95450828154688
2024-12-06,8.07008409500122,44,28.306411434744845,55.852195301984636,67.95450828154688,2.168956995010376,44,28.306411434744845,55.852195301984636,67.95450828154688
2024-12-07,8.072540283203125,44,28.306411434744845,55.852195301984636,67.95450828154688,2.1707435846328735,44,28.306411434744845,55.852195301984636,67.95450828154688
2024-12-08,8.074955940246582,44,28.306411434744845,55.852195301984636,67.95450828154688,2.1732782125473022,44,28.306411434744845,55.852195301984636,67.95450828154688
2024-12-09,8.07944107055664,44,28.306411434744845,55.852195301984636,67.95450828154688,2.1762810945510864,44,28.306411434744845,55.852195301984636,67.95450828154688
2024-12-10,8.083016872406006,44,28.306411434744845,55.852195301984636,67.95450828154688,2.178987979888916,44,28.306411434744845,55.852195301984636,67.95450828154688
2024-12-11,8.084603786468506,44,28.306411434744845,55.852195301984636,67.95450828154688,2.180667519569397,44,28.306411434744845,55.852195301984636,67.95450828154688
2024-12-12,8.086260795593262,44,28.306411434744845,55.852195301984636,67.95450828154688,2.1823006868362427,44,28.306411434744845,55.852195301984636,67.95450828154688
2024-12-13,8.088055610656738,44,28.306411434744845,55.852195301984636,67.95450828154688,2.1840224266052246,44,28.306411434744845,55.852195301984636,67.95450828154688
2024-12-14,8.088743209838867,44,28.306411434744845,55.852195301984636,67.95450828154688,2.1856093406677246,44,28.306411434744845,55.852195301984636,67.95450828154688
2024-12-15,8.088665962219238,44,28.306411434744845,55.852195301984636,67.95450828154688,2.1870514154434204,44,28.306411434744845,55.852195301984636,67.95450828154688
2024-12-16,8.088560104370117,44,28.306411434744845,55.852195301984636,67.95450828154688,2.188290596008301,44,28.306411434744845,55.852195301984636,67.95450828154688
2024-12-17,8.088851928710938,44,28.306411434744845,55.852195301984636,67.95450828154688,2.1883658170700073,44,28.306411434744845,55.852195301984636,67.95450828154688
2024-12-18,8.08869981765747,44,28.306411434744845,55.852195301984636,67.95450828154688,2.188788652420044,44,28.306411434744845,55.852195301984636,67.95450828154688
2024-12-19,8.088119506835938,44,28.306411434744845,55.852195301984636,67.95450828154688,2.18883740901947,44,28.306411434744845,55.852195301984636,67.95450828154688
2024-12-20,8.088892459869385,44,28.306411434744845,55.852195301984636,67.95450828154688,2.189561128616333,44,28.306411434744845,55.852195301984636,67.95450828154688
2024-12-21,8.089887619018555,44,28.306411434744845,55.852195301984636,67.95450828154688,2.190050482749939,44,28.306411434744845,55.852195301984636,67.95450828154688
2024-12-22,8.090265274047852,44,28.306411434744845,55.852195301984636,67.95450828154688,2.191079020500183,44,28.306411434744845,55.852195301984636,67.95450828154688
2024-12-23,8.09102725982666,44,28.306411434744845,55.852195301984636,67.95450828154688,2.192070722579956,44,28.306411434744845,55.852195301984636,67.95450828154688
2024-12-24,8.092267036437988,44,28.306411434744845,55.852195301984636,67.95450828154688,2.193521022796631,44,28.306411434744845,55.852195301984636,67.95450828154688
2024-12-25,8.093076705932617,44,28.306411434744845,55.852195301984636,67.95450828154688,2.194681406021118,44,28.306411434744845,55.852195301984636,67.95450828154688
2024-12-26,8.094030857086182,44,28.306411434744845,55.852195301984636,67.95450828154688,2.195365786552429,44,28.306411434744845,55.852195301984636,67.95450828154688
2024-12-27,8.095030307769775,44,28.306411434744845,55.852195301984636,67.95450828154688,2.1957885026931763,44,28.306411434744845,55.852195301984636,67.95450828154688
2024-12-28,8.095800876617432,44,28.306411434744845,55.852195301984636,67.95450828154688,2.19614040851593,44,28.306411434744845,55.852195301984636,67.95450828154688
2024-12-29,8.09653091430664,44,28.306411434744845,55.852195301984636,67.95450828154688,2.1966774463653564,44,28.306411434744845,55.852195301984636,67.95450828154688
2024-12-30,8.097354888916016,44,28.306411434744845,55.852195301984636,67.95450828154688,2.197024345397949,44,28.306411434744845,55.852195301984636,67.95450828154688
2024-12-31,8.098241329193115,44,28.306411434744845,55.852195301984636,67.95450828154688,2.1972289085388184,44,28.306411434744845,55.852195301984636,67.95450828154688
2025-01-01,8.097603797912598,44,28.306411434744845,55.852195301984636,67.95450828154688,2.1976605653762817,44,28.306411434744845,55.852195301984636,67.95450828154688
2025-01-02,8.097806453704834,44,28.306411434744845,55.852195301984636,67.95450828154688,2.1978118419647217,44,28.306411434744845,55.852195301984636,67.95450828154688
2025-01-03,8.097908020019531,44,28.306411434744845,55.852195301984636,67.95450828154688,2.198669910430908,44,28.306411434744845,55.852195301984636,67.95450828154688
2025-01-04,8.098176956176758,44,28.306411434744845,55.852195301984636,67.95450828154688,2.2000235319137573,44,28.306411434744845,55.852195301984636,67.95450828154688
2025-01-05,8.098822593688965,44,28.306411434744845,55.852195301984636,67.95450828154688,2.2013050317764282,44,28.306411434744845,55.852195301984636,67.95450828154688
2025-01-06,8.099711418151855,44,28.306411434744845,55.852195301984636,67.95450828154688,2.2025909423828125,44,28.306411434744845,55.852195301984636,67.95450828154688
2025-01-07,8.100019931793213,44,28.306411434744845,55.852195301984636,67.95450828154688,2.2039482593536377,44,28.306411434744845,55.852195301984636,67.95450828154688
2025-01-08,8.100928783416748,44,28.306411434744845,55.852195301984636,67.95450828154688,2.2050892114639282,44,28.306411434744845,55.852195301984636,67.95450828154688
2025-01-09,8.10105037689209,44,28.306411434744845,55.852195301984636,67.95450828154688,2.2058844566345215,44,28.306411434744845,55.852195301984636,67.95450828154688
2025-01-10,8.100822925567627,44,28.306411434744845,55.852195301984636,67.95450828154688,2.2050414085388184,44,28.306411434744845,55.852195301984636,67.95450828154688
2025-01-11,8.100749969482422,44,28.306411434744845,55.852195301984636,67.95450828154688,2.204491376876831,44,28.306411434744845,55.852195301984636,67.95450828154688
2025-01-12,8.10098123550415,44,28.306411434744845,55.852195301984636,67.95450828154688,2.203825354576111,44,28.306411434744845,55.852195301984636,67.95450828154688
2025-01-13,8.10108757019043,44,28.306411434744845,55.852195301984636,67.95450828154688,2.2031710147857666,44,28.306411434744845,55.852195301984636,67.95450828154688
2025-01-14,8.101332664489746,44,28.306411434744845,55.852195301984636,67.95450828154688,2.2033627033233643,44,28.306411434744845,55.852195301984636,67.95450828154688
2025-01-15,8.101945400238037,44,28.306411434744845,55.852195301984636,67.95450828154688,2.2026718854904175,44,28.306411434744845,55.852195301984636,67.95450828154688
2025-01-16,8.102486610412598,44,28.306411434744845,55.852195301984636,67.95450828154688,2.2027394771575928,44,28.306411434744845,55.852195301984636,67.95450828154688
2025-01-17,8.103232383728027,44,28.306411434744845,55.852195301984636,67.95450828154688,2.203587770462036,44,28.306411434744845,55.852195301984636,67.95450828154688
2025-01-18,8.103351593017578,44,28.306411434744845,55.852195301984636,67.95450828154688,2.2047096490859985,44,28.306411434744845,55.852195301984636,67.95450828154688
2025-01-19,8.104231357574463,44,28.306411434744845,55.852195301984636,67.95450828154688,2.2065906524658203,44,28.306411434744845,55.852195301984636,67.95450828154688
2025-01-20,8.105456352233887,44,28.306411434744845,55.852195301984636,67.95450828154688,2.2069358825683594,44,28.306411434744845,55.852195301984636,67.95450828154688
2025-01-21,8.10576868057251,44,28.306411434744845,55.852195301984636,67.95450828154688,2.206439256668091,44,28.306411434744845,55.852195301984636,67.95450828154688
2025-01-22,8.106585025787354,44,28.306411434744845,55.852195301984636,67.95450828154688,2.205838680267334,44,28.306411434744845,55.852195301984636,67.95450828154688
2025-01-23,8.107836723327637,44,28.306411434744845,55.852195301984636,67.95450828154688,2.2055091857910156,44,28.306411434744845,55.852195301984636,67.95450828154688
2025-01-24,8.108593463897705,44,28.306411434744845,55.852195301984636,67.95450828154688,2.2045687437057495,44,28.306411434744845,55.852195301984636,67.95450828154688
2025-01-25,8.109570026397705,44,28.306411434744845,55.852195301984636,67.95450828154688,2.2031569480895996,44,28.306411434744845,55.852195301984636,67.95450828154688
2025-01-26,8.11037540435791,44,28.306411434744845,55.852195301984636,67.95450828154688,2.2015310525894165,44,28.306411434744845,55.852195301984636,67.95450828154688
2025-01-27,8.109680652618408,44,28.306411434744845,55.852195301984636,67.95450828154688,2.201062560081482,44,28.306411434744845,55.852195301984636,67.95450828154688
2025-01-28,8.10767126083374,44,28.306411434744845,55.852195301984636,67.95450828154688,2.202767491340637,44,28.306411434744845,55.852195301984636,67.95450828154688
2025-01-29,8.106770992279053,44,28.306411434744845,55.852195301984636,67.95450828154688,2.2035049200057983,44,28.306411434744845,55.852195301984636,67.95450828154688
2025-01-30,8.106200218200684,44,28.306411434744845,55.852195301984636,67.95450828154688,2.2038105726242065,44,28.306411434744845,55.852195301984636,67.95450828154688
2025-01-31,8.106211185455322,44,28.306411434744845,55.852195301984636,67.95450828154688,2.2042205333709717,44,28.306411434744845,55.852195301984636,67.95450828154688
2025-02-01,8.106618404388428,44,28.306411434744845,55.852195301984636,67.95450828154688,2.2041234970092773,44,28.306411434744845,55.852195301984636,67.95450828154688
2025-02-02,8.107254028320312,44,28.306411434744845,55.852195301984636,67.95450828154688,2.2039523124694824,44,28.306411434744845,55.852195301984636,67.95450828154688
2025-02-03,8.10752820968628,44,28.306411434744845,55.852195301984636,67.95450828154688,2.203893780708313,44,28.306411434744845,55.852195301984636,67.95450828154688
2025-02-04,8.107919216156006,44,28.306411434744845,55.852195301984636,67.95450828154688,2.203824281692505,44,28.306411434744845,55.852195301984636,67.95450828154688
2025-02-05,8.109169960021973,44,28.306411434744845,55.852195301984636,67.95450828154688,2.2034648656845093,44,28.306411434744845,55.852195301984636,67.95450828154688
2025-02-06,8.110581398010254,44,28.306411434744845,55.852195301984636,67.95450828154688,2.2030729055404663,44,28.306411434744845,55.852195301984636,67.95450828154688
2025-02-07,8.111091613769531,44,28.306411434744845,55.852195301984636,67.95450828154688,2.2028828859329224,44,28.306411434744845,55.852195301984636,67.95450828154688
2025-02-08,8.110987663269043,44,28.306411434744845,55.852195301984636,67.95450828154688,2.2029459476470947,44,28.306411434744845,55.852195301984636,67.95450828154688
2025-02-09,8.110826015472412,44,28.306411434744845,55.852195301984636,67.95450828154688,2.202165961265564,44,28.306411434744845,55.852195301984636,67.95450828154688
2025-02-10,8.111202239990234,44,28.306411434744845,55.852195301984636,67.95450828154688,2.2007012367248535,44,28.306411434744845,55.852195301984636,67.95450828154688
2025-02-11,8.112003803253174,44,28.306411434744845,55.852195301984636,67.95450828154688,2.199495315551758,44,28.306411434744845,55.852195301984636,67.95450828154688
2025-02-12,8.112618446350098,44,28.306411434744845,55.852195301984636,67.95450828154688,2.198065996170044,44,28.306411434744845,55.852195301984636,67.95450828154688
2025-02-13,8.113059520721436,44,28.306411434744845,55.852195301984636,67.95450828154688,2.197031259536743,44,28.306411434744845,55.852195301984636,67.95450828154688
2025-02-14,8.113507747650146,44,28.306411434744845,55.852195301984636,67.95450828154688,2.196389079093933,44,28.306411434744845,55.852195301984636,67.95450828154688
2025-02-15,8.113181114196777,44,28.306411434744845,55.852195301984636,67.95450828154688,2.195906639099121,44,28.306411434744845,55.852195301984636,67.95450828154688
2025-02-16,8.113351345062256,44,28.306411434744845,55.852195301984636,67.95450828154688,2.1953502893447876,44,28.306411434744845,55.852195301984636,67.95450828154688
2025-02-17,8.11387586593628,44,28.306411434744845,55.852195301984636,67.95450828154688,2.194941520690918,44,28.306411434744845,55.852195301984636,67.95450828154688
2025-02-18,8.113768100738525,44,28.306411434744845,55.852195301984636,67.95450828154688,2.194601535797119,44,28.306411434744845,55.852195301984636,67.95450828154688
2025-02-19,8.113548278808594,44,28.306411434744845,55.852195301984636,67.95450828154688,2.1944901943206787,44,28.306411434744845,55.852195301984636,67.95450828154688
2025-02-20,8.113271713256836,44,28.306411434744845,55.852195301984636,67.95450828154688,2.194106340408325,44,28.306411434744845,55.852195301984636,67.95450828154688
2025-02-21,8.112846851348877,44,28.306411434744845,55.852195301984636,67.95450828154688,2.1934980154037476,44,28.306411434744845,55.852195301984636,67.95450828154688
2025-02-22,8.112276077270508,44,28.306411434744845,55.852195301984636,67.95450828154688,2.1937291622161865,44,28.306411434744845,55.852195301984636,67.95450828154688
2025-02-23,8.111546993255615,44,28.306411434744845,55.852195301984636,67.95450828154688,2.19376003742218,44,28.306411434744845,55.852195301984636,67.95450828154688
2025-02-24,8.110613822937012,44,28.306411434744845,55.852195301984636,67.95450828154688,2.193638801574707,44,28.306411434744845,55.852195301984636,67.95450828154688
2025-02-25,8.110483646392822,44,28.306411434744845,55.852195301984636,67.95450828154688,2.1924426555633545,44,28.306411434744845,55.852195301984636,67.95450828154688
2025-02-26,8.110917091369629,44,28.306411434744845,55.852195301984636,67.95450828154688,2.191429376602173,44,28.306411434744845,55.852195301984636,67.95450828154688
2025-02-27,8.111521244049072,44,28.306411434744845,55.852195301984636,67.95450828154688,2.1901607513427734,44,28.306411434744845,55.852195301984636,67.95450828154688
2025-02-28,8.111577033996582,44,28.306411434744845,55.852195301984636,67.95450828154688,2.1892080307006836,44,28.306411434744845,55.852195301984636,67.95450828154688
