date,zos_median,zos_n_points,zos_dist_min_km,zos_dist_median_km,zos_dist_max_km
2024-02-01,-0.3113822340965271,13,2.0797980279792667,18.649134501336313,22.49864944036456
2024-02-02,-0.3081686198711395,13,2.0797980279792667,18.649134501336313,22.49864944036456
2024-02-03,-0.32920971512794495,13,2.0797980279792667,18.649134501336313,22.49864944036456
2024-02-04,-0.35905930399894714,13,2.0797980279792667,18.649134501336313,22.49864944036456
2024-02-05,-0.3500988781452179,13,2.0797980279792667,18.649134501336313,22.49864944036456
2024-02-06,-0.32375288009643555,13,2.0797980279792667,18.649134501336313,22.49864944036456
2024-02-07,-0.3046835660934448,13,2.0797980279792667,18.649134501336313,22.49864944036456
2024-02-08,-0.2933003902435303,13,2.0797980279792667,18.649134501336313,22.49864944036456
2024-02-09,-0.23909683525562286,13,2.0797980279792667,18.649134501336313,22.49864944036456
2024-02-10,-0.20114754140377045,13,2.0797980279792667,18.649134501336313,22.49864944036456
2024-02-11,-0.19001339375972748,13,2.0797980279792667,18.649134501336313,22.49864944036456
2024-02-12,-0.17850780487060547,13,2.0797980279792667,18.649134501336313,22.49864944036456
2024-02-13,-0.18592479825019836,13,2.0797980279792667,18.649134501336313,22.49864944036456
2024-02-14,-0.20891262590885162,13,2.0797980279792667,18.649134501336313,22.49864944036456
2024-02-15,-0.22832538187503815,13,2.0797980279792667,18.649134501336313,22.49864944036456
2024-02-16,-0.22372300922870636,13,2.0797980279792667,18.649134501336313,22.49864944036456
2024-02-17,-0.24568599462509155,13,2.0797980279792667,18.649134501336313,22.49864944036456
2024-02-18,-0.29810699820518494,13,2.0797980279792667,18.649134501336313,22.49864944036456
2024-02-19,-0.3368048071861267,13,2.0797980279792667,18.649134501336313,22.49864944036456
2024-02-20,-0.3470478355884552,13,2.0797980279792667,18.649134501336313,22.49864944036456
2024-02-21,-0.3407076895236969,13,2.0797980279792667,18.649134501336313,22.49864944036456
2024-02-22,-0.3496139347553253,13,2.0797980279792667,18.649134501336313,22.49864944036456
2024-02-23,-0.33544066548347473,13,2.0797980279792667,18.649134501336313,22.49864944036456
2024-02-24,-0.31789448857307434,13,2.0797980279792667,18.649134501336313,22.49864944036456
2024-02-25,-0.3337007761001587,13,2.0797980279792667,18.649134501336313,22.49864944036456
2024-02-26,-0.2724190354347229,13,2.0797980279792667,18.649134501336313,22.49864944036456
2024-02-27,-0.24366545677185059,13,2.0797980279792667,18.649134501336313,22.49864944036456
2024-02-28,-0.28410059213638306,13,2.0797980279792667,18.649134501336313,22.49864944036456
2024-02-29,-0.3058648407459259,13,2.0797980279792667,18.649134501336313,22.49864944036456
2024-03-01,-0.34152036905288696,13,2.0797980279792667,18.649134501336313,22.49864944036456
2024-03-02,-0.3795693814754486,13,2.0797980279792667,18.649134501336313,22.49864944036456
2024-03-03,-0.35131514072418213,13,2.0797980279792667,18.649134501336313,22.49864944036456
2024-03-04,-0.36827993392944336,13,2.0797980279792667,18.649134501336313,22.49864944036456
2024-03-05,-0.3592297434806824,13,2.0797980279792667,18.649134501336313,22.49864944036456
2024-03-06,-0.37240782380104065,13,2.0797980279792667,18.649134501336313,22.49864944036456
2024-03-07,-0.3750648498535156,13,2.0797980279792667,18.649134501336313,22.49864944036456
2024-03-08,-0.35781317949295044,13,2.0797980279792667,18.649134501336313,22.49864944036456
2024-03-09,-0.33491238951683044,13,2.0797980279792667,18.649134501336313,22.49864944036456
2024-03-10,-0.3110349476337433,13,2.0797980279792667,18.649134501336313,22.49864944036456
2024-03-11,-0.30423107743263245,13,2.0797980279792667,18.649134501336313,22.49864944036456
2024-03-12,-0.3154289722442627,13,2.0797980279792667,18.649134501336313,22.49864944036456
2024-03-13,-0.3263610005378723,13,2.0797980279792667,18.649134501336313,22.49864944036456
2024-03-14,-0.3372679352760315,13,2.0797980279792667,18.649134501336313,22.49864944036456
2024-03-15,-0.3513353765010834,13,2.0797980279792667,18.649134501336313,22.49864944036456
2024-03-16,-0.36677107214927673,13,2.0797980279792667,18.649134501336313,22.49864944036456
2024-03-17,-0.377680242061615,13,2.0797980279792667,18.649134501336313,22.49864944036456
2024-03-18,-0.37042972445487976,13,2.0797980279792667,18.649134501336313,22.49864944036456
2024-03-19,-0.37125924229621887,13,2.0797980279792667,18.649134501336313,22.49864944036456
2024-03-20,-0.3594494163990021,13,2.0797980279792667,18.649134501336313,22.49864944036456
2024-03-21,-0.37208014726638794,13,2.0797980279792667,18.649134501336313,22.49864944036456
2024-03-22,-0.39123836159706116,13,2.0797980279792667,18.649134501336313,22.49864944036456
2024-03-23,-0.40086984634399414,13,2.0797980279792667,18.649134501336313,22.49864944036456
2024-03-24,-0.4330413341522217,13,2.0797980279792667,18.649134501336313,22.49864944036456
2024-03-25,-0.42096632719039917,13,2.0797980279792667,18.649134501336313,22.49864944036456
2024-03-26,-0.38540196418762207,13,2.0797980279792667,18.649134501336313,22.49864944036456
2024-03-27,-0.32649803161621094,13,2.0797980279792667,18.649134501336313,22.49864944036456
2024-03-28,-0.23399858176708221,13,2.0797980279792667,18.649134501336313,22.49864944036456
2024-03-29,-0.18362589180469513,13,2.0797980279792667,18.649134501336313,22.49864944036456
2024-03-30,-0.16027161478996277,13,2.0797980279792667,18.649134501336313,22.49864944036456
2024-03-31,-0.17152784764766693,13,2.0797980279792667,18.649134501336313,22.49864944036456
2024-04-01,-0.18423248827457428,13,2.0797980279792667,18.649134501336313,22.49864944036456
2024-04-02,-0.21131964027881622,13,2.0797980279792667,18.649134501336313,22.49864944036456
2024-04-03,-0.2504732310771942,13,2.0797980279792667,18.649134501336313,22.49864944036456
2024-04-04,-0.2977948784828186,13,2.0797980279792667,18.649134501336313,22.49864944036456
2024-04-05,-0.324485182762146,13,2.0797980279792667,18.649134501336313,22.49864944036456
2024-04-06,-0.3366708755493164,13,2.0797980279792667,18.649134501336313,22.49864944036456
2024-04-07,-0.34717506170272827,13,2.0797980279792667,18.649134501336313,22.49864944036456
2024-04-08,-0.3488054573535919,13,2.0797980279792667,18.649134501336313,22.49864944036456
2024-04-09,-0.3530527651309967,13,2.0797980279792667,18.649134501336313,22.49864944036456
2024-04-10,-0.39364495873451233,13,2.0797980279792667,18.649134501336313,22.49864944036456
2024-04-11,-0.3904852271080017,13,2.0797980279792667,18.649134501336313,22.49864944036456
2024-04-12,-0.4128493070602417,13,2.0797980279792667,18.649134501336313,22.49864944036456
2024-04-13,-0.4256461560726166,13,2.0797980279792667,18.649134501336313,22.49864944036456
2024-04-14,-0.42703795433044434,13,2.0797980279792667,18.649134501336313,22.49864944036456
2024-04-15,-0.40566134452819824,13,2.0797980279792667,18.649134501336313,22.49864944036456
2024-04-16,-0.3969983160495758,13,2.0797980279792667,18.649134501336313,22.49864944036456
2024-04-17,-0.40042924880981445,13,2.0797980279792667,18.649134501336313,22.49864944036456
2024-04-18,-0.36290767788887024,13,2.0797980279792667,18.649134501336313,22.49864944036456
2024-04-19,-0.3744228780269623,13,2.0797980279792667,18.649134501336313,22.49864944036456
2024-04-20,-0.352156400680542,13,2.0797980279792667,18.649134501336313,22.49864944036456
2024-04-21,-0.3754776120185852,13,2.0797980279792667,18.649134501336313,22.49864944036456
2024-04-22,-0.373501181602478,13,2.0797980279792667,18.649134501336313,22.49864944036456
2024-04-23,-0.39102670550346375,13,2.0797980279792667,18.649134501336313,22.49864944036456
2024-04-24,-0.3633027672767639,13,2.0797980279792667,18.649134501336313,22.49864944036456
2024-04-25,-0.3573933243751526,13,2.0797980279792667,18.649134501336313,22.49864944036456
2024-04-26,-0.33052024245262146,13,2.0797980279792667,18.649134501336313,22.49864944036456
2024-04-27,-0.30027487874031067,13,2.0797980279792667,18.649134501336313,22.49864944036456
2024-04-28,-0.281899094581604,13,2.0797980279792667,18.649134501336313,22.49864944036456
2024-04-29,-0.2771243155002594,13,2.0797980279792667,18.649134501336313,22.49864944036456
2024-04-30,-0.27702903747558594,13,2.0797980279792667,18.649134501336313,22.49864944036456
2024-05-01,-0.28233373165130615,13,2.0797980279792667,18.649134501336313,22.49864944036456
2024-05-02,-0.2563919723033905,13,2.0797980279792667,18.649134501336313,22.49864944036456
2024-05-03,-0.2766900360584259,13,2.0797980279792667,18.649134501336313,22.49864944036456
2024-05-04,-0.30024978518486023,13,2.0797980279792667,18.649134501336313,22.49864944036456
2024-05-05,-0.3138984143733978,13,2.0797980279792667,18.649134501336313,22.49864944036456
2024-05-06,-0.3277788758277893,13,2.0797980279792667,18.649134501336313,22.49864944036456
2024-05-07,-0.3497726321220398,13,2.0797980279792667,18.649134501336313,22.49864944036456
2024-05-08,-0.3669220209121704,13,2.0797980279792667,18.649134501336313,22.49864944036456
2024-05-09,-0.38415631651878357,13,2.0797980279792667,18.649134501336313,22.49864944036456
2024-05-10,-0.3988415598869324,13,2.0797980279792667,18.649134501336313,22.49864944036456
2024-05-11,-0.4172348082065582,13,2.0797980279792667,18.649134501336313,22.49864944036456
2024-05-12,-0.4210498631000519,13,2.0797980279792667,18.649134501336313,22.49864944036456
2024-05-13,-0.4207877516746521,13,2.0797980279792667,18.649134501336313,22.49864944036456
2024-05-14,-0.4223977327346802,13,2.0797980279792667,18.649134501336313,22.49864944036456
2024-05-15,-0.4132107198238373,13,2.0797980279792667,18.649134501336313,22.49864944036456
2024-05-16,-0.39874669909477234,13,2.0797980279792667,18.649134501336313,22.49864944036456
2024-05-17,-0.3741842210292816,13,2.0797980279792667,18.649134501336313,22.49864944036456
2024-05-18,-0.3559863865375519,13,2.0797980279792667,18.649134501336313,22.49864944036456
2024-05-19,-0.34214282035827637,13,2.0797980279792667,18.649134501336313,22.49864944036456
2024-05-20,-0.3335669934749603,13,2.0797980279792667,18.649134501336313,22.49864944036456
2024-05-21,-0.3336475193500519,13,2.0797980279792667,18.649134501336313,22.49864944036456
2024-05-22,-0.312253475189209,13,2.0797980279792667,18.649134501336313,22.49864944036456
2024-05-23,-0.3264458477497101,13,2.0797980279792667,18.649134501336313,22.49864944036456
2024-05-24,-0.33069750666618347,13,2.0797980279792667,18.649134501336313,22.49864944036456
2024-05-25,-0.33089715242385864,13,2.0797980279792667,18.649134501336313,22.49864944036456
2024-05-26,-0.3349946141242981,13,2.0797980279792667,18.649134501336313,22.49864944036456
2024-05-27,-0.32401469349861145,13,2.0797980279792667,18.649134501336313,22.49864944036456
2024-05-28,-0.32334256172180176,13,2.0797980279792667,18.649134501336313,22.49864944036456
2024-05-29,-0.34602150321006775,13,2.0797980279792667,18.649134501336313,22.49864944036456
2024-05-30,-0.355331689119339,13,2.0797980279792667,18.649134501336313,22.49864944036456
2024-05-31,-0.3589995801448822,13,2.0797980279792667,18.649134501336313,22.49864944036456
2024-06-01,-0.3819546401500702,13,2.0797980279792667,18.649134501336313,22.49864944036456
2024-06-02,-0.40811800956726074,13,2.0797980279792667,18.649134501336313,22.49864944036456
2024-06-03,-0.43248429894447327,13,2.0797980279792667,18.649134501336313,22.49864944036456
2024-06-04,-0.41431427001953125,13,2.0797980279792667,18.649134501336313,22.49864944036456
2024-06-05,-0.40468528866767883,13,2.0797980279792667,18.649134501336313,22.49864944036456
2024-06-06,-0.3978155553340912,13,2.0797980279792667,18.649134501336313,22.49864944036456
2024-06-07,-0.38738587498664856,13,2.0797980279792667,18.649134501336313,22.49864944036456
2024-06-08,-0.3602425456047058,13,2.0797980279792667,18.649134501336313,22.49864944036456
2024-06-09,-0.32015150785446167,13,2.0797980279792667,18.649134501336313,22.49864944036456
2024-06-10,-0.29564690589904785,13,2.0797980279792667,18.649134501336313,22.49864944036456
2024-06-11,-0.29305949807167053,13,2.0797980279792667,18.649134501336313,22.49864944036456
2024-06-12,-0.294533371925354,13,2.0797980279792667,18.649134501336313,22.49864944036456
2024-06-13,-0.3212921917438507,13,2.0797980279792667,18.649134501336313,22.49864944036456
2024-06-14,-0.33837735652923584,13,2.0797980279792667,18.649134501336313,22.49864944036456
2024-06-15,-0.3502289354801178,13,2.0797980279792667,18.649134501336313,22.49864944036456
2024-06-16,-0.36178624629974365,13,2.0797980279792667,18.649134501336313,22.49864944036456
2024-06-17,-0.35084962844848633,13,2.0797980279792667,18.649134501336313,22.49864944036456
2024-06-18,-0.3451871871948242,13,2.0797980279792667,18.649134501336313,22.49864944036456
2024-06-19,-0.3348734974861145,13,2.0797980279792667,18.649134501336313,22.49864944036456
2024-06-20,-0.3000820577144623,13,2.0797980279792667,18.649134501336313,22.49864944036456
2024-06-21,-0.28849244117736816,13,2.0797980279792667,18.649134501336313,22.49864944036456
2024-06-22,-0.3108662962913513,13,2.0797980279792667,18.649134501336313,22.49864944036456
2024-06-23,-0.3263973593711853,13,2.0797980279792667,18.649134501336313,22.49864944036456
2024-06-24,-0.3473483622074127,13,2.0797980279792667,18.649134501336313,22.49864944036456
2024-06-25,-0.3666532039642334,13,2.0797980279792667,18.649134501336313,22.49864944036456
2024-06-26,-0.3780152499675751,13,2.0797980279792667,18.649134501336313,22.49864944036456
2024-06-27,-0.36477458477020264,13,2.0797980279792667,18.649134501336313,22.49864944036456
2024-06-28,-0.3248383700847626,13,2.0797980279792667,18.649134501336313,22.49864944036456
2024-06-29,-0.28595906496047974,13,2.0797980279792667,18.649134501336313,22.49864944036456
2024-06-30,-0.2595946490764618,13,2.0797980279792667,18.649134501336313,22.49864944036456
2024-07-01,-0.24963593482971191,13,2.0797980279792667,18.649134501336313,22.49864944036456
2024-07-02,-0.2848527431488037,13,2.0797980279792667,18.649134501336313,22.49864944036456
2024-07-03,-0.2922077476978302,13,2.0797980279792667,18.649134501336313,22.49864944036456
2024-07-04,-0.30646583437919617,13,2.0797980279792667,18.649134501336313,22.49864944036456
2024-07-05,-0.33173927664756775,13,2.0797980279792667,18.649134501336313,22.49864944036456
2024-07-06,-0.3326089382171631,13,2.0797980279792667,18.649134501336313,22.49864944036456
2024-07-07,-0.3249940276145935,13,2.0797980279792667,18.649134501336313,22.49864944036456
2024-07-08,-0.30973419547080994,13,2.0797980279792667,18.649134501336313,22.49864944036456
2024-07-09,-0.3051184415817261,13,2.0797980279792667,18.649134501336313,22.49864944036456
2024-07-10,-0.30306172370910645,13,2.0797980279792667,18.649134501336313,22.49864944036456
2024-07-11,-0.3162232041358948,13,2.0797980279792667,18.649134501336313,22.49864944036456
2024-07-12,-0.31996509432792664,13,2.0797980279792667,18.649134501336313,22.49864944036456
2024-07-13,-0.3238030970096588,13,2.0797980279792667,18.649134501336313,22.49864944036456
2024-07-14,-0.3148607313632965,13,2.0797980279792667,18.649134501336313,22.49864944036456
2024-07-15,-0.2986803650856018,13,2.0797980279792667,18.649134501336313,22.49864944036456
2024-07-16,-0.28664156794548035,13,2.0797980279792667,18.649134501336313,22.49864944036456
2024-07-17,-0.29277440905570984,13,2.0797980279792667,18.649134501336313,22.49864944036456
2024-07-18,-0.30683445930480957,13,2.0797980279792667,18.649134501336313,22.49864944036456
2024-07-19,-0.31649094820022583,13,2.0797980279792667,18.649134501336313,22.49864944036456
2024-07-20,-0.3056538701057434,13,2.0797980279792667,18.649134501336313,22.49864944036456
2024-07-21,-0.28710508346557617,13,2.0797980279792667,18.649134501336313,22.49864944036456
2024-07-22,-0.30830422043800354,13,2.0797980279792667,18.649134501336313,22.49864944036456
2024-07-23,-0.3160548210144043,13,2.0797980279792667,18.649134501336313,22.49864944036456
2024-07-24,-0.3082939684391022,13,2.0797980279792667,18.649134501336313,22.49864944036456
2024-07-25,-0.29315152764320374,13,2.0797980279792667,18.649134501336313,22.49864944036456
2024-07-26,-0.2797071933746338,13,2.0797980279792667,18.649134501336313,22.49864944036456
2024-07-27,-0.2755526304244995,13,2.0797980279792667,18.649134501336313,22.49864944036456
2024-07-28,-0.27848416566848755,13,2.0797980279792667,18.649134501336313,22.49864944036456
2024-07-29,-0.29092052578926086,13,2.0797980279792667,18.649134501336313,22.49864944036456
2024-07-30,-0.29151588678359985,13,2.0797980279792667,18.649134501336313,22.49864944036456
2024-07-31,-0.29366400837898254,13,2.0797980279792667,18.649134501336313,22.49864944036456
2024-08-01,-0.26025423407554626,13,2.0797980279792667,18.649134501336313,22.49864944036456
2024-08-02,-0.26480233669281006,13,2.0797980279792667,18.649134501336313,22.49864944036456
2024-08-03,-0.2712539732456207,13,2.0797980279792667,18.649134501336313,22.49864944036456
2024-08-04,-0.2925185561180115,13,2.0797980279792667,18.649134501336313,22.49864944036456
2024-08-05,-0.294029176235199,13,2.0797980279792667,18.649134501336313,22.49864944036456
2024-08-06,-0.3038039207458496,13,2.0797980279792667,18.649134501336313,22.49864944036456
2024-08-07,-0.31362131237983704,13,2.0797980279792667,18.649134501336313,22.49864944036456
2024-08-08,-0.30284613370895386,13,2.0797980279792667,18.649134501336313,22.49864944036456
2024-08-09,-0.3005360960960388,13,2.0797980279792667,18.649134501336313,22.49864944036456
2024-08-10,-0.3109595477581024,13,2.0797980279792667,18.649134501336313,22.49864944036456
2024-08-11,-0.3124848008155823,13,2.0797980279792667,18.649134501336313,22.49864944036456
2024-08-12,-0.300778865814209,13,2.0797980279792667,18.649134501336313,22.49864944036456
2024-08-13,-0.2901502251625061,13,2.0797980279792667,18.649134501336313,22.49864944036456
2024-08-14,-0.2829490303993225,13,2.0797980279792667,18.649134501336313,22.49864944036456
2024-08-15,-0.27155429124832153,13,2.0797980279792667,18.649134501336313,22.49864944036456
2024-08-16,-0.28986823558807373,13,2.0797980279792667,18.649134501336313,22.49864944036456
2024-08-17,-0.30312275886535645,13,2.0797980279792667,18.649134501336313,22.49864944036456
2024-08-18,-0.32094353437423706,13,2.0797980279792667,18.649134501336313,22.49864944036456
2024-08-19,-0.31960567831993103,13,2.0797980279792667,18.649134501336313,22.49864944036456
2024-08-20,-0.32137441635131836,13,2.0797980279792667,18.649134501336313,22.49864944036456
2024-08-21,-0.319352924823761,13,2.0797980279792667,18.649134501336313,22.49864944036456
2024-08-22,-0.3109729588031769,13,2.0797980279792667,18.649134501336313,22.49864944036456
2024-08-23,-0.2856307029724121,13,2.0797980279792667,18.649134501336313,22.49864944036456
2024-08-24,-0.2859862446784973,13,2.0797980279792667,18.649134501336313,22.49864944036456
2024-08-25,-0.3009549081325531,13,2.0797980279792667,18.649134501336313,22.49864944036456
2024-08-26,-0.32824039459228516,13,2.0797980279792667,18.649134501336313,22.49864944036456
2024-08-27,-0.3510415554046631,13,2.0797980279792667,18.649134501336313,22.49864944036456
2024-08-28,-0.3424747586250305,13,2.0797980279792667,18.649134501336313,22.49864944036456
2024-08-29,-0.3396851718425751,13,2.0797980279792667,18.649134501336313,22.49864944036456
2024-08-30,-0.34642723202705383,13,2.0797980279792667,18.649134501336313,22.49864944036456
2024-08-31,-0.34774747490882874,13,2.0797980279792667,18.649134501336313,22.49864944036456
2024-09-01,-0.3402666747570038,13,2.0797980279792667,18.649134501336313,22.49864944036456
2024-09-02,-0.31129345297813416,13,2.0797980279792667,18.649134501336313,22.49864944036456
2024-09-03,-0.28891250491142273,13,2.0797980279792667,18.649134501336313,22.49864944036456
2024-09-04,-0.2732187807559967,13,2.0797980279792667,18.649134501336313,22.49864944036456
2024-09-05,-0.282338947057724,13,2.0797980279792667,18.649134501336313,22.49864944036456
2024-09-06,-0.2788263261318207,13,2.0797980279792667,18.649134501336313,22.49864944036456
2024-09-07,-0.2686390280723572,13,2.0797980279792667,18.649134501336313,22.49864944036456
2024-09-08,-0.2468157559633255,13,2.0797980279792667,18.649134501336313,22.49864944036456
2024-09-09,-0.2375776469707489,13,2.0797980279792667,18.649134501336313,22.49864944036456
2024-09-10,-0.215998575091362,13,2.0797980279792667,18.649134501336313,22.49864944036456
2024-09-11,-0.19742731750011444,13,2.0797980279792667,18.649134501336313,22.49864944036456
2024-09-12,-0.17969375848770142,13,2.0797980279792667,18.649134501336313,22.49864944036456
2024-09-13,-0.1988430768251419,13,2.0797980279792667,18.649134501336313,22.49864944036456
2024-09-14,-0.28446680307388306,13,2.0797980279792667,18.649134501336313,22.49864944036456
2024-09-15,-0.32395604252815247,13,2.0797980279792667,18.649134501336313,22.49864944036456
2024-09-16,-0.3520076274871826,13,2.0797980279792667,18.649134501336313,22.49864944036456
2024-09-17,-0.3417723476886749,13,2.0797980279792667,18.649134501336313,22.49864944036456
2024-09-18,-0.3397522270679474,13,2.0797980279792667,18.649134501336313,22.49864944036456
2024-09-19,-0.3457818627357483,13,2.0797980279792667,18.649134501336313,22.49864944036456
2024-09-20,-0.3170035183429718,13,2.0797980279792667,18.649134501336313,22.49864944036456
2024-09-21,-0.2842533588409424,13,2.0797980279792667,18.649134501336313,22.49864944036456
2024-09-22,-0.2636842727661133,13,2.0797980279792667,18.649134501336313,22.49864944036456
2024-09-23,-0.24122270941734314,13,2.0797980279792667,18.649134501336313,22.49864944036456
2024-09-24,-0.202959343791008,13,2.0797980279792667,18.649134501336313,22.49864944036456
2024-09-25,-0.1760818064212799,13,2.0797980279792667,18.649134501336313,22.49864944036456
2024-09-26,-0.16523657739162445,13,2.0797980279792667,18.649134501336313,22.49864944036456
2024-09-27,-0.15472787618637085,13,2.0797980279792667,18.649134501336313,22.49864944036456
2024-09-28,-0.1639309674501419,13,2.0797980279792667,18.649134501336313,22.49864944036456
2024-09-29,-0.21605315804481506,13,2.0797980279792667,18.649134501336313,22.49864944036456
2024-09-30,-0.25821688771247864,13,2.0797980279792667,18.649134501336313,22.49864944036456
2024-10-01,-0.2759370505809784,13,2.0797980279792667,18.649134501336313,22.49864944036456
2024-10-02,-0.26755693554878235,13,2.0797980279792667,18.649134501336313,22.49864944036456
2024-10-03,-0.23553621768951416,13,2.0797980279792667,18.649134501336313,22.49864944036456
2024-10-04,-0.2337498813867569,13,2.0797980279792667,18.649134501336313,22.49864944036456
2024-10-05,-0.21806825697422028,13,2.0797980279792667,18.649134501336313,22.49864944036456
2024-10-06,-0.2079761028289795,13,2.0797980279792667,18.649134501336313,22.49864944036456
2024-10-07,-0.20453712344169617,13,2.0797980279792667,18.649134501336313,22.49864944036456
2024-10-08,-0.1858065277338028,13,2.0797980279792667,18.649134501336313,22.49864944036456
2024-10-09,-0.1773456335067749,13,2.0797980279792667,18.649134501336313,22.49864944036456
2024-10-10,-0.14605934917926788,13,2.0797980279792667,18.649134501336313,22.49864944036456
2024-10-11,-0.14868693053722382,13,2.0797980279792667,18.649134501336313,22.49864944036456
2024-10-12,-0.15234602987766266,13,2.0797980279792667,18.649134501336313,22.49864944036456
2024-10-13,-0.1656627357006073,13,2.0797980279792667,18.649134501336313,22.49864944036456
2024-10-14,-0.1820504069328308,13,2.0797980279792667,18.649134501336313,22.49864944036456
2024-10-15,-0.18357080221176147,13,2.0797980279792667,18.649134501336313,22.49864944036456
2024-10-16,-0.16748200356960297,13,2.0797980279792667,18.649134501336313,22.49864944036456
2024-10-17,-0.1319013386964798,13,2.0797980279792667,18.649134501336313,22.49864944036456
2024-10-18,-0.112896628677845,13,2.0797980279792667,18.649134501336313,22.49864944036456
2024-10-19,-0.14593446254730225,13,2.0797980279792667,18.649134501336313,22.49864944036456
2024-10-20,-0.154185488820076,13,2.0797980279792667,18.649134501336313,22.49864944036456
2024-10-21,-0.15994244813919067,13,2.0797980279792667,18.649134501336313,22.49864944036456
2024-10-22,-0.18783490359783173,13,2.0797980279792667,18.649134501336313,22.49864944036456
2024-10-23,-0.23024708032608032,13,2.0797980279792667,18.649134501336313,22.49864944036456
2024-10-24,-0.2621653378009796,13,2.0797980279792667,18.649134501336313,22.49864944036456
2024-10-25,-0.260144978761673,13,2.0797980279792667,18.649134501336313,22.49864944036456
2024-10-26,-0.2380218505859375,13,2.0797980279792667,18.649134501336313,22.49864944036456
2024-10-27,-0.22230909764766693,13,2.0797980279792667,18.649134501336313,22.49864944036456
2024-10-28,-0.21902723610401154,13,2.0797980279792667,18.649134501336313,22.49864944036456
2024-10-29,-0.24463626742362976,13,2.0797980279792667,18.649134501336313,22.49864944036456
2024-10-30,-0.24556268751621246,13,2.0797980279792667,18.649134501336313,22.49864944036456
2024-10-31,-0.23296616971492767,13,2.0797980279792667,18.649134501336313,22.49864944036456
2024-11-01,-0.23152023553848267,13,2.0797980279792667,18.649134501336313,22.49864944036456
2024-11-02,-0.25923192501068115,13,2.0797980279792667,18.649134501336313,22.49864944036456
2024-11-03,-0.2838437855243683,13,2.0797980279792667,18.649134501336313,22.49864944036456
2024-11-04,-0.27884382009506226,13,2.0797980279792667,18.649134501336313,22.49864944036456
2024-11-05,-0.26080647110939026,13,2.0797980279792667,18.649134501336313,22.49864944036456
2024-11-06,-0.25756505131721497,13,2.0797980279792667,18.649134501336313,22.49864944036456
2024-11-07,-0.2688489854335785,13,2.0797980279792667,18.649134501336313,22.49864944036456
2024-11-08,-0.2702246606349945,13,2.0797980279792667,18.649134501336313,22.49864944036456
2024-11-09,-0.26864147186279297,13,2.0797980279792667,18.649134501336313,22.49864944036456
2024-11-10,-0.2629379332065582,13,2.0797980279792667,18.649134501336313,22.49864944036456
2024-11-11,-0.26968979835510254,13,2.0797980279792667,18.649134501336313,22.49864944036456
2024-11-12,-0.28693056106567383,13,2.0797980279792667,18.649134501336313,22.49864944036456
2024-11-13,-0.2899567186832428,13,2.0797980279792667,18.649134501336313,22.49864944036456
2024-11-14,-0.2825826406478882,13,2.0797980279792667,18.649134501336313,22.49864944036456
2024-11-15,-0.2850450277328491,13,2.0797980279792667,18.649134501336313,22.49864944036456
2024-11-16,-0.28311145305633545,13,2.0797980279792667,18.649134501336313,22.49864944036456
2024-11-17,-0.2621510922908783,13,2.0797980279792667,18.649134501336313,22.49864944036456
2024-11-18,-0.2546985149383545,13,2.0797980279792667,18.649134501336313,22.49864944036456
2024-11-19,-0.24789054691791534,13,2.0797980279792667,18.649134501336313,22.49864944036456
2024-11-20,-0.2275158315896988,13,2.0797980279792667,18.649134501336313,22.49864944036456
2024-11-21,-0.19106802344322205,13,2.0797980279792667,18.649134501336313,22.49864944036456
2024-11-22,-0.13917852938175201,13,2.0797980279792667,18.649134501336313,22.49864944036456
2024-11-23,-0.12472206354141235,13,2.0797980279792667,18.649134501336313,22.49864944036456
2024-11-24,-0.13273295760154724,13,2.0797980279792667,18.649134501336313,22.49864944036456
2024-11-25,-0.1453879028558731,13,2.0797980279792667,18.649134501336313,22.49864944036456
2024-11-26,-0.15083369612693787,13,2.0797980279792667,18.649134501336313,22.49864944036456
2024-11-27,-0.1635061800479889,13,2.0797980279792667,18.649134501336313,22.49864944036456
2024-11-28,-0.18116989731788635,13,2.0797980279792667,18.649134501336313,22.49864944036456
2024-11-29,-0.19562138617038727,13,2.0797980279792667,18.649134501336313,22.49864944036456
2024-11-30,-0.19025187194347382,13,2.0797980279792667,18.649134501336313,22.49864944036456
2024-12-01,-0.18172603845596313,13,2.0797980279792667,18.649134501336313,22.49864944036456
2024-12-02,-0.18089839816093445,13,2.0797980279792667,18.649134501336313,22.49864944036456
2024-12-03,-0.18230584263801575,13,2.0797980279792667,18.649134501336313,22.49864944036456
2024-12-04,-0.1678854525089264,13,2.0797980279792667,18.649134501336313,22.49864944036456
2024-12-05,-0.20000697672367096,13,2.0797980279792667,18.649134501336313,22.49864944036456
2024-12-06,-0.18889747560024261,13,2.0797980279792667,18.649134501336313,22.49864944036456
2024-12-07,-0.204531729221344,13,2.0797980279792667,18.649134501336313,22.49864944036456
2024-12-08,-0.22548066079616547,13,2.0797980279792667,18.649134501336313,22.49864944036456
2024-12-09,-0.23679539561271667,13,2.0797980279792667,18.649134501336313,22.49864944036456
2024-12-10,-0.25324591994285583,13,2.0797980279792667,18.649134501336313,22.49864944036456
2024-12-11,-0.25037717819213867,13,2.0797980279792667,18.649134501336313,22.49864944036456
2024-12-12,-0.23561425507068634,13,2.0797980279792667,18.649134501336313,22.49864944036456
2024-12-13,-0.245769202709198,13,2.0797980279792667,18.649134501336313,22.49864944036456
2024-12-14,-0.262504905462265,13,2.0797980279792667,18.649134501336313,22.49864944036456
2024-12-15,-0.2863594591617584,13,2.0797980279792667,18.649134501336313,22.49864944036456
2024-12-16,-0.2866896390914917,13,2.0797980279792667,18.649134501336313,22.49864944036456
2024-12-17,-0.3049338161945343,13,2.0797980279792667,18.649134501336313,22.49864944036456
2024-12-18,-0.3074451982975006,13,2.0797980279792667,18.649134501336313,22.49864944036456
2024-12-19,-0.3125980794429779,13,2.0797980279792667,18.649134501336313,22.49864944036456
2024-12-20,-0.335261732339859,13,2.0797980279792667,18.649134501336313,22.49864944036456
2024-12-21,-0.3278566896915436,13,2.0797980279792667,18.649134501336313,22.49864944036456
2024-12-22,-0.3253779411315918,13,2.0797980279792667,18.649134501336313,22.49864944036456
2024-12-23,-0.3343160152435303,13,2.0797980279792667,18.649134501336313,22.49864944036456
2024-12-24,-0.30495485663414,13,2.0797980279792667,18.649134501336313,22.49864944036456
2024-12-25,-0.2890203595161438,13,2.0797980279792667,18.649134501336313,22.49864944036456
2024-12-26,-0.29091423749923706,13,2.0797980279792667,18.649134501336313,22.49864944036456
2024-12-27,-0.3027116358280182,13,2.0797980279792667,18.649134501336313,22.49864944036456
2024-12-28,-0.3240995407104492,13,2.0797980279792667,18.649134501336313,22.49864944036456
2024-12-29,-0.33534476161003113,13,2.0797980279792667,18.649134501336313,22.49864944036456
2024-12-30,-0.34586095809936523,13,2.0797980279792667,18.649134501336313,22.49864944036456
2024-12-31,-0.35178667306900024,13,2.0797980279792667,18.649134501336313,22.49864944036456
2025-01-01,-0.35514792799949646,13,2.0797980279792667,18.649134501336313,22.49864944036456
2025-01-02,-0.35783490538597107,13,2.0797980279792667,18.649134501336313,22.49864944036456
2025-01-03,-0.3497127890586853,13,2.0797980279792667,18.649134501336313,22.49864944036456
2025-01-04,-0.32904645800590515,13,2.0797980279792667,18.649134501336313,22.49864944036456
2025-01-05,-0.2974068522453308,13,2.0797980279792667,18.649134501336313,22.49864944036456
2025-01-06,-0.26847395300865173,13,2.0797980279792667,18.649134501336313,22.49864944036456
2025-01-07,-0.2587360739707947,13,2.0797980279792667,18.649134501336313,22.49864944036456
2025-01-08,-0.2619710862636566,13,2.0797980279792667,18.649134501336313,22.49864944036456
2025-01-09,-0.23802590370178223,13,2.0797980279792667,18.649134501336313,22.49864944036456
2025-01-10,-0.2468784749507904,13,2.0797980279792667,18.649134501336313,22.49864944036456
2025-01-11,-0.2435952126979828,13,2.0797980279792667,18.649134501336313,22.49864944036456
2025-01-12,-0.2617212235927582,13,2.0797980279792667,18.649134501336313,22.49864944036456
2025-01-13,-0.2615237236022949,13,2.0797980279792667,18.649134501336313,22.49864944036456
2025-01-14,-0.2947789132595062,13,2.0797980279792667,18.649134501336313,22.49864944036456
2025-01-15,-0.31173965334892273,13,2.0797980279792667,18.649134501336313,22.49864944036456
2025-01-16,-0.32052451372146606,13,2.0797980279792667,18.649134501336313,22.49864944036456
2025-01-17,-0.30024346709251404,13,2.0797980279792667,18.649134501336313,22.49864944036456
2025-01-18,-0.34244462847709656,13,2.0797980279792667,18.649134501336313,22.49864944036456
2025-01-19,-0.35383355617523193,13,2.0797980279792667,18.649134501336313,22.49864944036456
2025-01-20,-0.35401350259780884,13,2.0797980279792667,18.649134501336313,22.49864944036456
2025-01-21,-0.3393252193927765,13,2.0797980279792667,18.649134501336313,22.49864944036456
2025-01-22,-0.3168404698371887,13,2.0797980279792667,18.649134501336313,22.49864944036456
2025-01-23,-0.30570217967033386,13,2.0797980279792667,18.649134501336313,22.49864944036456
2025-01-24,-0.30460354685783386,13,2.0797980279792667,18.649134501336313,22.49864944036456
2025-01-25,-0.2892317473888397,13,2.0797980279792667,18.649134501336313,22.49864944036456
2025-01-26,-0.2883760929107666,13,2.0797980279792667,18.649134501336313,22.49864944036456
2025-01-27,-0.2691073715686798,13,2.0797980279792667,18.649134501336313,22.49864944036456
2025-01-28,-0.25501927733421326,13,2.0797980279792667,18.649134501336313,22.49864944036456
2025-01-29,-0.2577378749847412,13,2.0797980279792667,18.649134501336313,22.49864944036456
2025-01-30,-0.26773661375045776,13,2.0797980279792667,18.649134501336313,22.49864944036456
2025-01-31,-0.2888897955417633,13,2.0797980279792667,18.649134501336313,22.49864944036456
2025-02-01,-0.31249871850013733,13,2.0797980279792667,18.649134501336313,22.49864944036456
2025-02-02,-0.3490884304046631,13,2.0797980279792667,18.649134501336313,22.49864944036456
2025-02-03,-0.3647024929523468,13,2.0797980279792667,18.649134501336313,22.49864944036456
2025-02-04,-0.3872769773006439,13,2.0797980279792667,18.649134501336313,22.49864944036456
2025-02-05,-0.4083852171897888,13,2.0797980279792667,18.649134501336313,22.49864944036456
2025-02-06,-0.4302891194820404,13,2.0797980279792667,18.649134501336313,22.49864944036456
2025-02-07,-0.42877328395843506,13,2.0797980279792667,18.649134501336313,22.49864944036456
2025-02-08,-0.4093562066555023,13,2.0797980279792667,18.649134501336313,22.49864944036456
2025-02-09,-0.42070508003234863,13,2.0797980279792667,18.649134501336313,22.49864944036456
2025-02-10,-0.4069094657897949,13,2.0797980279792667,18.649134501336313,22.49864944036456
2025-02-11,-0.40434545278549194,13,2.0797980279792667,18.649134501336313,22.49864944036456
2025-02-12,-0.393765926361084,13,2.0797980279792667,18.649134501336313,22.49864944036456
2025-02-13,-0.37946662306785583,13,2.0797980279792667,18.649134501336313,22.49864944036456
2025-02-14,-0.3853742480278015,13,2.0797980279792667,18.649134501336313,22.49864944036456
2025-02-15,-0.39435121417045593,13,2.0797980279792667,18.649134501336313,22.49864944036456
2025-02-16,-0.3741822838783264,13,2.0797980279792667,18.649134501336313,22.49864944036456
2025-02-17,-0.3635143041610718,13,2.0797980279792667,18.649134501336313,22.49864944036456
2025-02-18,-0.3627416789531708,13,2.0797980279792667,18.649134501336313,22.49864944036456
2025-02-19,-0.35157787799835205,13,2.0797980279792667,18.649134501336313,22.49864944036456
2025-02-20,-0.3415864109992981,13,2.0797980279792667,18.649134501336313,22.49864944036456
2025-02-21,-0.34935203194618225,13,2.0797980279792667,18.649134501336313,22.49864944036456
2025-02-22,-0.3432636857032776,13,2.0797980279792667,18.649134501336313,22.49864944036456
2025-02-23,-0.34857335686683655,13,2.0797980279792667,18.649134501336313,22.49864944036456
2025-02-24,-0.3616275191307068,13,2.0797980279792667,18.649134501336313,22.49864944036456
2025-02-25,-0.3632279634475708,13,2.0797980279792667,18.649134501336313,22.49864944036456
2025-02-26,-0.3609491288661957,13,2.0797980279792667,18.649134501336313,22.49864944036456
2025-02-27,-0.3803321123123169,13,2.0797980279792667,18.649134501336313,22.49864944036456
2025-02-28,-0.35093674063682556,13,2.0797980279792667,18.649134501336313,22.49864944036456
