date,VHM0_median,VHM0_n_points,VHM0_dist_min_km,VHM0_dist_median_km,VHM0_dist_max_km
2024-02-01,0.23,128,7.711546198681338,41.21199946489436,55.49704268963926
2024-02-02,0.21,128,7.711546198681338,41.21199946489436,55.49704268963926
2024-02-03,0.74,128,7.711546198681338,41.21199946489436,55.49704268963926
2024-02-04,0.23,128,7.711546198681338,41.21199946489436,55.49704268963926
2024-02-05,0.09,128,7.711546198681338,41.21199946489436,55.49704268963926
2024-02-06,0.21,128,7.711546198681338,41.21199946489436,55.49704268963926
2024-02-07,0.98,128,7.711546198681338,41.21199946489436,55.49704268963926
2024-02-08,0.76,128,7.711546198681338,41.21199946489436,55.49704268963926
2024-02-09,0.65,128,7.711546198681338,41.21199946489436,55.49704268963926
2024-02-10,2.96,128,7.711546198681338,41.21199946489436,55.49704268963926
2024-02-11,2.26,128,7.711546198681338,41.21199946489436,55.49704268963926
2024-02-12,1.7650000000000001,128,7.711546198681338,41.21199946489436,55.49704268963926
2024-02-13,1.0,128,7.711546198681338,41.21199946489436,55.49704268963926
2024-02-14,0.61,128,7.711546198681338,41.21199946489436,55.49704268963926
2024-02-15,0.515,128,7.711546198681338,41.21199946489436,55.49704268963926
2024-02-16,1.03,128,7.711546198681338,41.21199946489436,55.49704268963926
2024-02-17,2.05,128,7.711546198681338,41.21199946489436,55.49704268963926
2024-02-18,1.03,128,7.711546198681338,41.21199946489436,55.49704268963926
2024-02-19,0.29,128,7.711546198681338,41.21199946489436,55.49704268963926
2024-02-20,0.55,128,7.711546198681338,41.21199946489436,55.49704268963926
2024-02-21,0.8150000000000001,128,7.711546198681338,41.21199946489436,55.49704268963926
2024-02-22,0.44,128,7.711546198681338,41.21199946489436,55.49704268963926
2024-02-23,2.25,128,7.711546198681338,41.21199946489436,55.49704268963926
2024-02-24,1.955,128,7.711546198681338,41.21199946489436,55.49704268963926
2024-02-25,1.77,128,7.711546198681338,41.21199946489436,55.49704268963926
2024-02-26,2.61,128,7.711546198681338,41.21199946489436,55.49704268963926
2024-02-27,1.92,128,7.711546198681338,41.21199946489436,55.49704268963926
2024-02-28,2.0949999999999998,128,7.711546198681338,41.21199946489436,55.49704268963926
2024-02-29,2.62,128,7.711546198681338,41.21199946489436,55.49704268963926
2024-03-01,2.135,128,7.711546198681338,41.21199946489436,55.49704268963926
2024-03-02,1.085,128,7.711546198681338,41.21199946489436,55.49704268963926
2024-03-03,2.625,128,7.711546198681338,41.21199946489436,55.49704268963926
2024-03-04,2.2700000000000005,128,7.711546198681338,41.21199946489436,55.49704268963926
2024-03-05,1.0950000000000002,128,7.711546198681338,41.21199946489436,55.49704268963926
2024-03-06,0.68,128,7.711546198681338,41.21199946489436,55.49704268963926
2024-03-07,0.605,128,7.711546198681338,41.21199946489436,55.49704268963926
2024-03-08,1.26,128,7.711546198681338,41.21199946489436,55.49704268963926
2024-03-09,1.25,128,7.711546198681338,41.21199946489436,55.49704268963926
2024-03-10,2.54,128,7.711546198681338,41.21199946489436,55.49704268963926
2024-03-11,2.13,128,7.711546198681338,41.21199946489436,55.49704268963926
2024-03-12,0.92,128,7.711546198681338,41.21199946489436,55.49704268963926
2024-03-13,0.905,128,7.711546198681338,41.21199946489436,55.49704268963926
2024-03-14,0.505,128,7.711546198681338,41.21199946489436,55.49704268963926
2024-03-15,0.26,128,7.711546198681338,41.21199946489436,55.49704268963926
2024-03-16,0.27,128,7.711546198681338,41.21199946489436,55.49704268963926
2024-03-17,0.16,128,7.711546198681338,41.21199946489436,55.49704268963926
2024-03-18,0.3,128,7.711546198681338,41.21199946489436,55.49704268963926
2024-03-19,0.15,128,7.711546198681338,41.21199946489436,55.49704268963926
2024-03-20,0.51,128,7.711546198681338,41.21199946489436,55.49704268963926
2024-03-21,0.9500000000000001,128,7.711546198681338,41.21199946489436,55.49704268963926
2024-03-22,0.86,128,7.711546198681338,41.21199946489436,55.49704268963926
2024-03-23,0.685,128,7.711546198681338,41.21199946489436,55.49704268963926
2024-03-24,0.875,128,7.711546198681338,41.21199946489436,55.49704268963926
2024-03-25,1.3800000000000001,128,7.711546198681338,41.21199946489436,55.49704268963926
2024-03-26,1.3450000000000002,128,7.711546198681338,41.21199946489436,55.49704268963926
2024-03-27,3.6,128,7.711546198681338,41.21199946489436,55.49704268963926
2024-03-28,1.92,128,7.711546198681338,41.21199946489436,55.49704268963926
2024-03-29,1.1,128,7.711546198681338,41.21199946489436,55.49704268963926
2024-03-30,1.1500000000000001,128,7.711546198681338,41.21199946489436,55.49704268963926
2024-03-31,1.105,128,7.711546198681338,41.21199946489436,55.49704268963926
2024-04-01,1.7650000000000001,128,7.711546198681338,41.21199946489436,55.49704268963926
2024-04-02,0.785,128,7.711546198681338,41.21199946489436,55.49704268963926
2024-04-03,0.3,128,7.711546198681338,41.21199946489436,55.49704268963926
2024-04-04,0.19,128,7.711546198681338,41.21199946489436,55.49704268963926
2024-04-05,0.34,128,7.711546198681338,41.21199946489436,55.49704268963926
2024-04-06,0.52,128,7.711546198681338,41.21199946489436,55.49704268963926
2024-04-07,0.625,128,7.711546198681338,41.21199946489436,55.49704268963926
2024-04-08,0.78,128,7.711546198681338,41.21199946489436,55.49704268963926
2024-04-09,1.59,128,7.711546198681338,41.21199946489436,55.49704268963926
2024-04-10,1.09,128,7.711546198681338,41.21199946489436,55.49704268963926
2024-04-11,1.705,128,7.711546198681338,41.21199946489436,55.49704268963926
2024-04-12,1.145,128,7.711546198681338,41.21199946489436,55.49704268963926
2024-04-13,0.41000000000000003,128,7.711546198681338,41.21199946489436,55.49704268963926
2024-04-14,0.38,128,7.711546198681338,41.21199946489436,55.49704268963926
2024-04-15,0.44,128,7.711546198681338,41.21199946489436,55.49704268963926
2024-04-16,0.28500000000000003,128,7.711546198681338,41.21199946489436,55.49704268963926
2024-04-17,1.025,128,7.711546198681338,41.21199946489436,55.49704268963926
2024-04-18,1.105,128,7.711546198681338,41.21199946489436,55.49704268963926
2024-04-19,1.6300000000000001,128,7.711546198681338,41.21199946489436,55.49704268963926
2024-04-20,1.1,128,7.711546198681338,41.21199946489436,55.49704268963926
2024-04-21,1.225,128,7.711546198681338,41.21199946489436,55.49704268963926
2024-04-22,0.91,128,7.711546198681338,41.21199946489436,55.49704268963926
2024-04-23,1.245,128,7.711546198681338,41.21199946489436,55.49704268963926
2024-04-24,0.9,128,7.711546198681338,41.21199946489436,55.49704268963926
2024-04-25,0.8,128,7.711546198681338,41.21199946489436,55.49704268963926
2024-04-26,0.5,128,7.711546198681338,41.21199946489436,55.49704268963926
2024-04-27,0.635,128,7.711546198681338,41.21199946489436,55.49704268963926
2024-04-28,0.93,128,7.711546198681338,41.21199946489436,55.49704268963926
2024-04-29,0.9400000000000001,128,7.711546198681338,41.21199946489436,55.49704268963926
2024-04-30,0.92,128,7.711546198681338,41.21199946489436,55.49704268963926
2024-05-01,1.78,128,7.711546198681338,41.21199946489436,55.49704268963926
2024-05-02,1.585,128,7.711546198681338,41.21199946489436,55.49704268963926
2024-05-03,0.5700000000000001,128,7.711546198681338,41.21199946489436,55.49704268963926
2024-05-04,0.235,128,7.711546198681338,41.21199946489436,55.49704268963926
2024-05-05,0.15,128,7.711546198681338,41.21199946489436,55.49704268963926
2024-05-06,0.4,128,7.711546198681338,41.21199946489436,55.49704268963926
2024-05-07,0.59,128,7.711546198681338,41.21199946489436,55.49704268963926
2024-05-08,0.585,128,7.711546198681338,41.21199946489436,55.49704268963926
2024-05-09,0.59,128,7.711546198681338,41.21199946489436,55.49704268963926
2024-05-10,0.605,128,7.711546198681338,41.21199946489436,55.49704268963926
2024-05-11,0.765,128,7.711546198681338,41.21199946489436,55.49704268963926
2024-05-12,0.73,128,7.711546198681338,41.21199946489436,55.49704268963926
2024-05-13,0.46,128,7.711546198681338,41.21199946489436,55.49704268963926
2024-05-14,0.38,128,7.711546198681338,41.21199946489436,55.49704268963926
2024-05-15,1.375,128,7.711546198681338,41.21199946489436,55.49704268963926
2024-05-16,1.0950000000000002,128,7.711546198681338,41.21199946489436,55.49704268963926
2024-05-17,0.71,128,7.711546198681338,41.21199946489436,55.49704268963926
2024-05-18,0.525,128,7.711546198681338,41.21199946489436,55.49704268963926
2024-05-19,0.46,128,7.711546198681338,41.21199946489436,55.49704268963926
2024-05-20,0.85,128,7.711546198681338,41.21199946489436,55.49704268963926
2024-05-21,1.2149999999999999,128,7.711546198681338,41.21199946489436,55.49704268963926
2024-05-22,0.905,128,7.711546198681338,41.21199946489436,55.49704268963926
2024-05-23,0.67,128,7.711546198681338,41.21199946489436,55.49704268963926
2024-05-24,0.885,128,7.711546198681338,41.21199946489436,55.49704268963926
2024-05-25,0.67,128,7.711546198681338,41.21199946489436,55.49704268963926
2024-05-26,0.495,128,7.711546198681338,41.21199946489436,55.49704268963926
2024-05-27,0.51,128,7.711546198681338,41.21199946489436,55.49704268963926
2024-05-28,0.74,128,7.711546198681338,41.21199946489436,55.49704268963926
2024-05-29,0.81,128,7.711546198681338,41.21199946489436,55.49704268963926
2024-05-30,0.545,128,7.711546198681338,41.21199946489436,55.49704268963926
2024-05-31,1.6550000000000002,128,7.711546198681338,41.21199946489436,55.49704268963926
2024-06-01,1.69,128,7.711546198681338,41.21199946489436,55.49704268963926
2024-06-02,1.32,128,7.711546198681338,41.21199946489436,55.49704268963926
2024-06-03,1.1400000000000001,128,7.711546198681338,41.21199946489436,55.49704268963926
2024-06-04,0.835,128,7.711546198681338,41.21199946489436,55.49704268963926
2024-06-05,0.55,128,7.711546198681338,41.21199946489436,55.49704268963926
2024-06-06,0.77,128,7.711546198681338,41.21199946489436,55.49704268963926
2024-06-07,0.89,128,7.711546198681338,41.21199946489436,55.49704268963926
2024-06-08,1.19,128,7.711546198681338,41.21199946489436,55.49704268963926
2024-06-09,1.5,128,7.711546198681338,41.21199946489436,55.49704268963926
2024-06-10,0.9400000000000001,128,7.711546198681338,41.21199946489436,55.49704268963926
2024-06-11,0.6950000000000001,128,7.711546198681338,41.21199946489436,55.49704268963926
2024-06-12,0.58,128,7.711546198681338,41.21199946489436,55.49704268963926
2024-06-13,0.51,128,7.711546198681338,41.21199946489436,55.49704268963926
2024-06-14,0.59,128,7.711546198681338,41.21199946489436,55.49704268963926
2024-06-15,0.61,128,7.711546198681338,41.21199946489436,55.49704268963926
2024-06-16,0.52,128,7.711546198681338,41.21199946489436,55.49704268963926
2024-06-17,0.475,128,7.711546198681338,41.21199946489436,55.49704268963926
2024-06-18,0.53,128,7.711546198681338,41.21199946489436,55.49704268963926
2024-06-19,0.79,128,7.711546198681338,41.21199946489436,55.49704268963926
2024-06-20,1.155,128,7.711546198681338,41.21199946489436,55.49704268963926
2024-06-21,0.91,128,7.711546198681338,41.21199946489436,55.49704268963926
2024-06-22,0.36,128,7.711546198681338,41.21199946489436,55.49704268963926
2024-06-23,0.41000000000000003,128,7.711546198681338,41.21199946489436,55.49704268963926
2024-06-24,1.05,128,7.711546198681338,41.21199946489436,55.49704268963926
2024-06-25,0.64,128,7.711546198681338,41.21199946489436,55.49704268963926
2024-06-26,1.26,128,7.711546198681338,41.21199946489436,55.49704268963926
2024-06-27,0.9,128,7.711546198681338,41.21199946489436,55.49704268963926
2024-06-28,0.675,128,7.711546198681338,41.21199946489436,55.49704268963926
2024-06-29,1.03,128,7.711546198681338,41.21199946489436,55.49704268963926
2024-06-30,0.64,128,7.711546198681338,41.21199946489436,55.49704268963926
2024-07-01,0.465,128,7.711546198681338,41.21199946489436,55.49704268963926
2024-07-02,0.71,128,7.711546198681338,41.21199946489436,55.49704268963926
2024-07-03,0.76,128,7.711546198681338,41.21199946489436,55.49704268963926
2024-07-04,0.73,128,7.711546198681338,41.21199946489436,55.49704268963926
2024-07-05,1.4100000000000001,128,7.711546198681338,41.21199946489436,55.49704268963926
2024-07-06,1.0950000000000002,128,7.711546198681338,41.21199946489436,55.49704268963926
2024-07-07,0.79,128,7.711546198681338,41.21199946489436,55.49704268963926
2024-07-08,0.7000000000000001,128,7.711546198681338,41.21199946489436,55.49704268963926
2024-07-09,0.445,128,7.711546198681338,41.21199946489436,55.49704268963926
2024-07-10,0.32,128,7.711546198681338,41.21199946489436,55.49704268963926
2024-07-11,0.255,128,7.711546198681338,41.21199946489436,55.49704268963926
2024-07-12,0.11,128,7.711546198681338,41.21199946489436,55.49704268963926
2024-07-13,0.56,128,7.711546198681338,41.21199946489436,55.49704268963926
2024-07-14,0.555,128,7.711546198681338,41.21199946489436,55.49704268963926
2024-07-15,0.19,128,7.711546198681338,41.21199946489436,55.49704268963926
2024-07-16,0.25,128,7.711546198681338,41.21199946489436,55.49704268963926
2024-07-17,0.785,128,7.711546198681338,41.21199946489436,55.49704268963926
2024-07-18,0.78,128,7.711546198681338,41.21199946489436,55.49704268963926
2024-07-19,0.51,128,7.711546198681338,41.21199946489436,55.49704268963926
2024-07-20,0.2,128,7.711546198681338,41.21199946489436,55.49704268963926
2024-07-21,0.92,128,7.711546198681338,41.21199946489436,55.49704268963926
2024-07-22,1.25,128,7.711546198681338,41.21199946489436,55.49704268963926
2024-07-23,0.72,128,7.711546198681338,41.21199946489436,55.49704268963926
2024-07-24,0.505,128,7.711546198681338,41.21199946489436,55.49704268963926
2024-07-25,0.56,128,7.711546198681338,41.21199946489436,55.49704268963926
2024-07-26,0.965,128,7.711546198681338,41.21199946489436,55.49704268963926
2024-07-27,0.6,128,7.711546198681338,41.21199946489436,55.49704268963926
2024-07-28,0.78,128,7.711546198681338,41.21199946489436,55.49704268963926
2024-07-29,0.98,128,7.711546198681338,41.21199946489436,55.49704268963926
2024-07-30,0.855,128,7.711546198681338,41.21199946489436,55.49704268963926
2024-07-31,0.495,128,7.711546198681338,41.21199946489436,55.49704268963926
2024-08-01,0.3,128,7.711546198681338,41.21199946489436,55.49704268963926
2024-08-02,0.18,128,7.711546198681338,41.21199946489436,55.49704268963926
2024-08-03,0.65,128,7.711546198681338,41.21199946489436,55.49704268963926
2024-08-04,0.95,128,7.711546198681338,41.21199946489436,55.49704268963926
2024-08-05,0.7000000000000001,128,7.711546198681338,41.21199946489436,55.49704268963926
2024-08-06,0.53,128,7.711546198681338,41.21199946489436,55.49704268963926
2024-08-07,0.87,128,7.711546198681338,41.21199946489436,55.49704268963926
2024-08-08,0.72,128,7.711546198681338,41.21199946489436,55.49704268963926
2024-08-09,0.6950000000000001,128,7.711546198681338,41.21199946489436,55.49704268963926
2024-08-10,1.09,128,7.711546198681338,41.21199946489436,55.49704268963926
2024-08-11,0.845,128,7.711546198681338,41.21199946489436,55.49704268963926
2024-08-12,0.615,128,7.711546198681338,41.21199946489436,55.49704268963926
2024-08-13,0.42,128,7.711546198681338,41.21199946489436,55.49704268963926
2024-08-14,0.41500000000000004,128,7.711546198681338,41.21199946489436,55.49704268963926
2024-08-15,0.75,128,7.711546198681338,41.21199946489436,55.49704268963926
2024-08-16,0.64,128,7.711546198681338,41.21199946489436,55.49704268963926
2024-08-17,0.5,128,7.711546198681338,41.21199946489436,55.49704268963926
2024-08-18,0.34,128,7.711546198681338,41.21199946489436,55.49704268963926
2024-08-19,0.605,128,7.711546198681338,41.21199946489436,55.49704268963926
2024-08-20,0.8200000000000001,128,7.711546198681338,41.21199946489436,55.49704268963926
2024-08-21,0.76,128,7.711546198681338,41.21199946489436,55.49704268963926
2024-08-22,0.77,128,7.711546198681338,41.21199946489436,55.49704268963926
2024-08-23,0.62,128,7.711546198681338,41.21199946489436,55.49704268963926
2024-08-24,0.6950000000000001,128,7.711546198681338,41.21199946489436,55.49704268963926
2024-08-25,0.54,128,7.711546198681338,41.21199946489436,55.49704268963926
2024-08-26,1.07,128,7.711546198681338,41.21199946489436,55.49704268963926
2024-08-27,0.92,128,7.711546198681338,41.21199946489436,55.49704268963926
2024-08-28,0.8200000000000001,128,7.711546198681338,41.21199946489436,55.49704268963926
2024-08-29,0.97,128,7.711546198681338,41.21199946489436,55.49704268963926
2024-08-30,0.8200000000000001,128,7.711546198681338,41.21199946489436,55.49704268963926
2024-08-31,0.79,128,7.711546198681338,41.21199946489436,55.49704268963926
2024-09-01,0.71,128,7.711546198681338,41.21199946489436,55.49704268963926
2024-09-02,0.32,128,7.711546198681338,41.21199946489436,55.49704268963926
2024-09-03,0.22,128,7.711546198681338,41.21199946489436,55.49704268963926
2024-09-04,0.31,128,7.711546198681338,41.21199946489436,55.49704268963926
2024-09-05,0.675,128,7.711546198681338,41.21199946489436,55.49704268963926
2024-09-06,0.87,128,7.711546198681338,41.21199946489436,55.49704268963926
2024-09-07,0.385,128,7.711546198681338,41.21199946489436,55.49704268963926
2024-09-08,0.49,128,7.711546198681338,41.21199946489436,55.49704268963926
2024-09-09,0.88,128,7.711546198681338,41.21199946489436,55.49704268963926
2024-09-10,0.96,128,7.711546198681338,41.21199946489436,55.49704268963926
2024-09-11,0.8300000000000001,128,7.711546198681338,41.21199946489436,55.49704268963926
2024-09-12,0.965,128,7.711546198681338,41.21199946489436,55.49704268963926
2024-09-13,1.26,128,7.711546198681338,41.21199946489436,55.49704268963926
2024-09-14,1.98,128,7.711546198681338,41.21199946489436,55.49704268963926
2024-09-15,0.9500000000000001,128,7.711546198681338,41.21199946489436,55.49704268963926
2024-09-16,0.7050000000000001,128,7.711546198681338,41.21199946489436,55.49704268963926
2024-09-17,1.1949999999999998,128,7.711546198681338,41.21199946489436,55.49704268963926
2024-09-18,1.06,128,7.711546198681338,41.21199946489436,55.49704268963926
2024-09-19,1.28,128,7.711546198681338,41.21199946489436,55.49704268963926
2024-09-20,0.865,128,7.711546198681338,41.21199946489436,55.49704268963926
2024-09-21,0.76,128,7.711546198681338,41.21199946489436,55.49704268963926
2024-09-22,0.5700000000000001,128,7.711546198681338,41.21199946489436,55.49704268963926
2024-09-23,0.595,128,7.711546198681338,41.21199946489436,55.49704268963926
2024-09-24,0.61,128,7.711546198681338,41.21199946489436,55.49704268963926
2024-09-25,0.8150000000000001,128,7.711546198681338,41.21199946489436,55.49704268963926
2024-09-26,0.765,128,7.711546198681338,41.21199946489436,55.49704268963926
2024-09-27,1.2650000000000001,128,7.711546198681338,41.21199946489436,55.49704268963926
2024-09-28,1.1350000000000002,128,7.711546198681338,41.21199946489436,55.49704268963926
2024-09-29,1.4449999999999998,128,7.711546198681338,41.21199946489436,55.49704268963926
2024-09-30,0.96,128,7.711546198681338,41.21199946489436,55.49704268963926
2024-10-01,0.49,128,7.711546198681338,41.21199946489436,55.49704268963926
2024-10-02,0.395,128,7.711546198681338,41.21199946489436,55.49704268963926
2024-10-03,1.52,128,7.711546198681338,41.21199946489436,55.49704268963926
2024-10-04,1.04,128,7.711546198681338,41.21199946489436,55.49704268963926
2024-10-05,0.76,128,7.711546198681338,41.21199946489436,55.49704268963926
2024-10-06,0.505,128,7.711546198681338,41.21199946489436,55.49704268963926
2024-10-07,0.38,128,7.711546198681338,41.21199946489436,55.49704268963926
2024-10-08,1.1300000000000001,128,7.711546198681338,41.21199946489436,55.49704268963926
2024-10-09,0.975,128,7.711546198681338,41.21199946489436,55.49704268963926
2024-10-10,1.68,128,7.711546198681338,41.21199946489436,55.49704268963926
2024-10-11,0.675,128,7.711546198681338,41.21199946489436,55.49704268963926
2024-10-12,0.4,128,7.711546198681338,41.21199946489436,55.49704268963926
2024-10-13,0.685,128,7.711546198681338,41.21199946489436,55.49704268963926
2024-10-14,0.515,128,7.711546198681338,41.21199946489436,55.49704268963926
2024-10-15,0.495,128,7.711546198681338,41.21199946489436,55.49704268963926
2024-10-16,0.375,128,7.711546198681338,41.21199946489436,55.49704268963926
2024-10-17,1.13,128,7.711546198681338,41.21199946489436,55.49704268963926
2024-10-18,1.42,128,7.711546198681338,41.21199946489436,55.49704268963926
2024-10-19,0.92,128,7.711546198681338,41.21199946489436,55.49704268963926
2024-10-20,0.66,128,7.711546198681338,41.21199946489436,55.49704268963926
2024-10-21,0.59,128,7.711546198681338,41.21199946489436,55.49704268963926
2024-10-22,0.56,128,7.711546198681338,41.21199946489436,55.49704268963926
2024-10-23,0.65,128,7.711546198681338,41.21199946489436,55.49704268963926
2024-10-24,0.475,128,7.711546198681338,41.21199946489436,55.49704268963926
2024-10-25,0.265,128,7.711546198681338,41.21199946489436,55.49704268963926
2024-10-26,0.725,128,7.711546198681338,41.21199946489436,55.49704268963926
2024-10-27,1.21,128,7.711546198681338,41.21199946489436,55.49704268963926
2024-10-28,0.78,128,7.711546198681338,41.21199946489436,55.49704268963926
2024-10-29,1.155,128,7.711546198681338,41.21199946489436,55.49704268963926
2024-10-30,1.06,128,7.711546198681338,41.21199946489436,55.49704268963926
2024-10-31,0.61,128,7.711546198681338,41.21199946489436,55.49704268963926
2024-11-01,0.635,128,7.711546198681338,41.21199946489436,55.49704268963926
2024-11-02,0.98,128,7.711546198681338,41.21199946489436,55.49704268963926
2024-11-03,0.5700000000000001,128,7.711546198681338,41.21199946489436,55.49704268963926
2024-11-04,0.49,128,7.711546198681338,41.21199946489436,55.49704268963926
2024-11-05,0.41500000000000004,128,7.711546198681338,41.21199946489436,55.49704268963926
2024-11-06,0.325,128,7.711546198681338,41.21199946489436,55.49704268963926
2024-11-07,0.38,128,7.711546198681338,41.21199946489436,55.49704268963926
2024-11-08,0.48,128,7.711546198681338,41.21199946489436,55.49704268963926
2024-11-09,0.47000000000000003,128,7.711546198681338,41.21199946489436,55.49704268963926
2024-11-10,0.795,128,7.711546198681338,41.21199946489436,55.49704268963926
2024-11-11,1.6300000000000001,128,7.711546198681338,41.21199946489436,55.49704268963926
2024-11-12,1.4249999999999998,128,7.711546198681338,41.21199946489436,55.49704268963926
2024-11-13,1.21,128,7.711546198681338,41.21199946489436,55.49704268963926
2024-11-14,0.995,128,7.711546198681338,41.21199946489436,55.49704268963926
2024-11-15,1.3650000000000002,128,7.711546198681338,41.21199946489436,55.49704268963926
2024-11-16,0.935,128,7.711546198681338,41.21199946489436,55.49704268963926
2024-11-17,0.45,128,7.711546198681338,41.21199946489436,55.49704268963926
2024-11-18,0.16,128,7.711546198681338,41.21199946489436,55.49704268963926
2024-11-19,0.37,128,7.711546198681338,41.21199946489436,55.49704268963926
2024-11-20,1.495,128,7.711546198681338,41.21199946489436,55.49704268963926
2024-11-21,1.93,128,7.711546198681338,41.21199946489436,55.49704268963926
2024-11-22,2.1900000000000004,128,7.711546198681338,41.21199946489436,55.49704268963926
2024-11-23,1.17,128,7.711546198681338,41.21199946489436,55.49704268963926
2024-11-24,0.91,128,7.711546198681338,41.21199946489436,55.49704268963926
2024-11-25,0.495,128,7.711546198681338,41.21199946489436,55.49704268963926
2024-11-26,0.36,128,7.711546198681338,41.21199946489436,55.49704268963926
2024-11-27,0.4,128,7.711546198681338,41.21199946489436,55.49704268963926
2024-11-28,0.29,128,7.711546198681338,41.21199946489436,55.49704268963926
2024-11-29,0.2,128,7.711546198681338,41.21199946489436,55.49704268963926
2024-11-30,0.39,128,7.711546198681338,41.21199946489436,55.49704268963926
2024-12-01,0.31,128,7.711546198681338,41.21199946489436,55.49704268963926
2024-12-02,0.39,128,7.711546198681338,41.21199946489436,55.49704268963926
2024-12-03,0.28500000000000003,128,7.711546198681338,41.21199946489436,55.49704268963926
2024-12-04,1.53,128,7.711546198681338,41.21199946489436,55.49704268963926
2024-12-05,1.78,128,7.711546198681338,41.21199946489436,55.49704268963926
2024-12-06,1.3900000000000001,128,7.711546198681338,41.21199946489436,55.49704268963926
2024-12-07,1.09,128,7.711546198681338,41.21199946489436,55.49704268963926
2024-12-08,3.34,128,7.711546198681338,41.21199946489436,55.49704268963926
2024-12-09,2.17,128,7.711546198681338,41.21199946489436,55.49704268963926
2024-12-10,1.3900000000000001,128,7.711546198681338,41.21199946489436,55.49704268963926
2024-12-11,0.79,128,7.711546198681338,41.21199946489436,55.49704268963926
2024-12-12,0.71,128,7.711546198681338,41.21199946489436,55.49704268963926
2024-12-13,0.46,128,7.711546198681338,41.21199946489436,55.49704268963926
2024-12-14,0.66,128,7.711546198681338,41.21199946489436,55.49704268963926
2024-12-15,0.76,128,7.711546198681338,41.21199946489436,55.49704268963926
2024-12-16,1.335,128,7.711546198681338,41.21199946489436,55.49704268963926
2024-12-17,0.51,128,7.711546198681338,41.21199946489436,55.49704268963926
2024-12-18,0.25,128,7.711546198681338,41.21199946489436,55.49704268963926
2024-12-19,0.615,128,7.711546198681338,41.21199946489436,55.49704268963926
2024-12-20,1.5750000000000002,128,7.711546198681338,41.21199946489436,55.49704268963926
2024-12-21,1.51,128,7.711546198681338,41.21199946489436,55.49704268963926
2024-12-22,0.9,128,7.711546198681338,41.21199946489436,55.49704268963926
2024-12-23,2.3,128,7.711546198681338,41.21199946489436,55.49704268963926
2024-12-24,2.74,128,7.711546198681338,41.21199946489436,55.49704268963926
2024-12-25,1.6600000000000001,128,7.711546198681338,41.21199946489436,55.49704268963926
2024-12-26,0.89,128,7.711546198681338,41.21199946489436,55.49704268963926
2024-12-27,0.98,128,7.711546198681338,41.21199946489436,55.49704268963926
2024-12-28,0.62,128,7.711546198681338,41.21199946489436,55.49704268963926
2024-12-29,0.39,128,7.711546198681338,41.21199946489436,55.49704268963926
2024-12-30,0.28,128,7.711546198681338,41.21199946489436,55.49704268963926
2024-12-31,0.29,128,7.711546198681338,41.21199946489436,55.49704268963926
2025-01-01,0.37,128,7.711546198681338,41.21199946489436,55.49704268963926
2025-01-02,0.45,128,7.711546198681338,41.21199946489436,55.49704268963926
2025-01-03,0.7050000000000001,128,7.711546198681338,41.21199946489436,55.49704268963926
2025-01-04,1.0,128,7.711546198681338,41.21199946489436,55.49704268963926
2025-01-05,0.77,128,7.711546198681338,41.21199946489436,55.49704268963926
2025-01-06,0.8200000000000001,128,7.711546198681338,41.21199946489436,55.49704268963926
2025-01-07,1.83,128,7.711546198681338,41.21199946489436,55.49704268963926
2025-01-08,0.9450000000000001,128,7.711546198681338,41.21199946489436,55.49704268963926
2025-01-09,1.2650000000000001,128,7.711546198681338,41.21199946489436,55.49704268963926
2025-01-10,0.89,128,7.711546198681338,41.21199946489436,55.49704268963926
2025-01-11,1.28,128,7.711546198681338,41.21199946489436,55.49704268963926
2025-01-12,2.1799999999999997,128,7.711546198681338,41.21199946489436,55.49704268963926
2025-01-13,2.825,128,7.711546198681338,41.21199946489436,55.49704268963926
2025-01-14,2.34,128,7.711546198681338,41.21199946489436,55.49704268963926
2025-01-15,1.59,128,7.711546198681338,41.21199946489436,55.49704268963926
2025-01-16,0.87,128,7.711546198681338,41.21199946489436,55.49704268963926
2025-01-17,0.9400000000000001,128,7.711546198681338,41.21199946489436,55.49704268963926
2025-01-18,3.255,128,7.711546198681338,41.21199946489436,55.49704268963926
2025-01-19,1.995,128,7.711546198681338,41.21199946489436,55.49704268963926
2025-01-20,1.07,128,7.711546198681338,41.21199946489436,55.49704268963926
2025-01-21,0.67,128,7.711546198681338,41.21199946489436,55.49704268963926
2025-01-22,0.535,128,7.711546198681338,41.21199946489436,55.49704268963926
2025-01-23,0.35000000000000003,128,7.711546198681338,41.21199946489436,55.49704268963926
2025-01-24,0.265,128,7.711546198681338,41.21199946489436,55.49704268963926
2025-01-25,0.34,128,7.711546198681338,41.21199946489436,55.49704268963926
2025-01-26,0.735,128,7.711546198681338,41.21199946489436,55.49704268963926
2025-01-27,0.86,128,7.711546198681338,41.21199946489436,55.49704268963926
2025-01-28,2.71,128,7.711546198681338,41.21199946489436,55.49704268963926
2025-01-29,1.68,128,7.711546198681338,41.21199946489436,55.49704268963926
2025-01-30,1.41,128,7.711546198681338,41.21199946489436,55.49704268963926
2025-01-31,0.61,128,7.711546198681338,41.21199946489436,55.49704268963926
2025-02-01,0.89,128,7.711546198681338,41.21199946489436,55.49704268963926
2025-02-02,0.835,128,7.711546198681338,41.21199946489436,55.49704268963926
2025-02-03,1.225,128,7.711546198681338,41.21199946489436,55.49704268963926
2025-02-04,0.96,128,7.711546198681338,41.21199946489436,55.49704268963926
2025-02-05,0.435,128,7.711546198681338,41.21199946489436,55.49704268963926
2025-02-06,0.45,128,7.711546198681338,41.21199946489436,55.49704268963926
2025-02-07,0.36,128,7.711546198681338,41.21199946489436,55.49704268963926
2025-02-08,0.49,128,7.711546198681338,41.21199946489436,55.49704268963926
2025-02-09,1.17,128,7.711546198681338,41.21199946489436,55.49704268963926
2025-02-10,0.9500000000000001,128,7.711546198681338,41.21199946489436,55.49704268963926
2025-02-11,0.58,128,7.711546198681338,41.21199946489436,55.49704268963926
2025-02-12,0.45,128,7.711546198681338,41.21199946489436,55.49704268963926
2025-02-13,0.93,128,7.711546198681338,41.21199946489436,55.49704268963926
2025-02-14,0.65,128,7.711546198681338,41.21199946489436,55.49704268963926
2025-02-15,0.49,128,7.711546198681338,41.21199946489436,55.49704268963926
2025-02-16,0.88,128,7.711546198681338,41.21199946489436,55.49704268963926
2025-02-17,0.46,128,7.711546198681338,41.21199946489436,55.49704268963926
2025-02-18,0.34,128,7.711546198681338,41.21199946489436,55.49704268963926
2025-02-19,0.425,128,7.711546198681338,41.21199946489436,55.49704268963926
2025-02-20,0.35000000000000003,128,7.711546198681338,41.21199946489436,55.49704268963926
2025-02-21,0.62,128,7.711546198681338,41.21199946489436,55.49704268963926
2025-02-22,0.455,128,7.711546198681338,41.21199946489436,55.49704268963926
2025-02-23,0.295,128,7.711546198681338,41.21199946489436,55.49704268963926
2025-02-24,0.46,128,7.711546198681338,41.21199946489436,55.49704268963926
2025-02-25,0.54,128,7.711546198681338,41.21199946489436,55.49704268963926
2025-02-26,1.2850000000000001,128,7.711546198681338,41.21199946489436,55.49704268963926
2025-02-27,0.84,128,7.711546198681338,41.21199946489436,55.49704268963926
2025-02-28,0.585,128,7.711546198681338,41.21199946489436,55.49704268963926
