date,chl_median,chl_n_points,chl_dist_min_km,chl_dist_median_km,chl_dist_max_km,phyc_median,phyc_n_points,phyc_dist_min_km,phyc_dist_median_km,phyc_dist_max_km
2024-02-01,0.3176184892654419,44,28.306411434744845,55.852195301984636,67.95450828154688,1.7687337398529053,44,28.306411434744845,55.852195301984636,67.95450828154688
2024-02-02,0.33539073169231415,44,28.306411434744845,55.852195301984636,67.95450828154688,1.7641996145248413,44,28.306411434744845,55.852195301984636,67.95450828154688
2024-02-03,0.3638644367456436,44,28.306411434744845,55.852195301984636,67.95450828154688,1.81024169921875,44,28.306411434744845,55.852195301984636,67.95450828154688
2024-02-04,0.38674476742744446,44,28.306411434744845,55.852195301984636,67.95450828154688,2.0082316398620605,44,28.306411434744845,55.852195301984636,67.95450828154688
2024-02-05,0.37723082304000854,44,28.306411434744845,55.852195301984636,67.95450828154688,2.128093719482422,44,28.306411434744845,55.852195301984636,67.95450828154688
2024-02-06,0.36753860116004944,44,28.306411434744845,55.852195301984636,67.95450828154688,2.027124047279358,44,28.306411434744845,55.852195301984636,67.95450828154688
2024-02-07,0.35483862459659576,44,28.306411434744845,55.852195301984636,67.95450828154688,1.8609585762023926,44,28.306411434744845,55.852195301984636,67.95450828154688
2024-02-08,0.3340124785900116,44,28.306411434744845,55.852195301984636,67.95450828154688,1.8174986243247986,44,28.306411434744845,55.852195301984636,67.95450828154688
2024-02-09,0.31066393852233887,44,28.306411434744845,55.852195301984636,67.95450828154688,1.649606168270111,44,28.306411434744845,55.852195301984636,67.95450828154688
2024-02-10,0.3360559791326523,44,28.306411434744845,55.852195301984636,67.95450828154688,1.4646186828613281,44,28.306411434744845,55.852195301984636,67.95450828154688
2024-02-11,0.39105838537216187,44,28.306411434744845,55.852195301984636,67.95450828154688,1.6198971271514893,44,28.306411434744845,55.852195301984636,67.95450828154688
2024-02-12,0.43129099905490875,44,28.306411434744845,55.852195301984636,67.95450828154688,1.7747729420661926,44,28.306411434744845,55.852195301984636,67.95450828154688
2024-02-13,0.49258366227149963,44,28.306411434744845,55.852195301984636,67.95450828154688,2.110988736152649,44,28.306411434744845,55.852195301984636,67.95450828154688
2024-02-14,0.5408868789672852,44,28.306411434744845,55.852195301984636,67.95450828154688,2.695156693458557,44,28.306411434744845,55.852195301984636,67.95450828154688
2024-02-15,0.5344894528388977,44,28.306411434744845,55.852195301984636,67.95450828154688,2.8345839977264404,44,28.306411434744845,55.852195301984636,67.95450828154688
2024-02-16,0.5268178284168243,44,28.306411434744845,55.852195301984636,67.95450828154688,2.513723850250244,44,28.306411434744845,55.852195301984636,67.95450828154688
2024-02-17,0.4586396962404251,44,28.306411434744845,55.852195301984636,67.95450828154688,1.9927284121513367,44,28.306411434744845,55.852195301984636,67.95450828154688
2024-02-18,0.4769878536462784,44,28.306411434744845,55.852195301984636,67.95450828154688,2.0286999940872192,44,28.306411434744845,55.852195301984636,67.95450828154688
2024-02-19,0.5538537502288818,44,28.306411434744845,55.852195301984636,67.95450828154688,2.512236714363098,44,28.306411434744845,55.852195301984636,67.95450828154688
2024-02-20,0.5667466521263123,44,28.306411434744845,55.852195301984636,67.95450828154688,2.8280850648880005,44,28.306411434744845,55.852195301984636,67.95450828154688
2024-02-21,0.49869275093078613,44,28.306411434744845,55.852195301984636,67.95450828154688,2.6277886629104614,44,28.306411434744845,55.852195301984636,67.95450828154688
2024-02-22,0.4425896853208542,44,28.306411434744845,55.852195301984636,67.95450828154688,2.3725703954696655,44,28.306411434744845,55.852195301984636,67.95450828154688
2024-02-23,0.41961388289928436,44,28.306411434744845,55.852195301984636,67.95450828154688,1.9246420860290527,44,28.306411434744845,55.852195301984636,67.95450828154688
2024-02-24,0.41417863965034485,44,28.306411434744845,55.852195301984636,67.95450828154688,1.828207552433014,44,28.306411434744845,55.852195301984636,67.95450828154688
2024-02-25,0.44348113238811493,44,28.306411434744845,55.852195301984636,67.95450828154688,1.8613651394844055,44,28.306411434744845,55.852195301984636,67.95450828154688
2024-02-26,0.4553368538618088,44,28.306411434744845,55.852195301984636,67.95450828154688,1.8880348801612854,44,28.306411434744845,55.852195301984636,67.95450828154688
2024-02-27,0.4728700965642929,44,28.306411434744845,55.852195301984636,67.95450828154688,1.944090485572815,44,28.306411434744845,55.852195301984636,67.95450828154688
2024-02-28,0.46409772336483,44,28.306411434744845,55.852195301984636,67.95450828154688,1.8826638460159302,44,28.306411434744845,55.852195301984636,67.95450828154688
2024-02-29,0.45529554784297943,44,28.306411434744845,55.852195301984636,67.95450828154688,1.8201276659965515,44,28.306411434744845,55.852195301984636,67.95450828154688
2024-03-01,0.4718771278858185,44,28.306411434744845,55.852195301984636,67.95450828154688,1.8779053688049316,44,28.306411434744845,55.852195301984636,67.95450828154688
2024-03-02,0.5035333931446075,44,28.306411434744845,55.852195301984636,67.95450828154688,2.0292036533355713,44,28.306411434744845,55.852195301984636,67.95450828154688
2024-03-03,0.515718400478363,44,28.306411434744845,55.852195301984636,67.95450828154688,2.0691146850585938,44,28.306411434744845,55.852195301984636,67.95450828154688
2024-03-04,0.49973171949386597,44,28.306411434744845,55.852195301984636,67.95450828154688,1.9997197985649109,44,28.306411434744845,55.852195301984636,67.95450828154688
2024-03-05,0.5068839490413666,44,28.306411434744845,55.852195301984636,67.95450828154688,2.069862484931946,44,28.306411434744845,55.852195301984636,67.95450828154688
2024-03-06,0.5409760475158691,44,28.306411434744845,55.852195301984636,67.95450828154688,2.2279528379440308,44,28.306411434744845,55.852195301984636,67.95450828154688
2024-03-07,0.5722487270832062,44,28.306411434744845,55.852195301984636,67.95450828154688,2.4262499809265137,44,28.306411434744845,55.852195301984636,67.95450828154688
2024-03-08,0.502103328704834,44,28.306411434744845,55.852195301984636,67.95450828154688,2.0260093212127686,44,28.306411434744845,55.852195301984636,67.95450828154688
2024-03-09,0.491809606552124,44,28.306411434744845,55.852195301984636,67.95450828154688,1.9590129852294922,44,28.306411434744845,55.852195301984636,67.95450828154688
2024-03-10,0.48855967819690704,44,28.306411434744845,55.852195301984636,67.95450828154688,1.914471447467804,44,28.306411434744845,55.852195301984636,67.95450828154688
2024-03-11,0.49761630594730377,44,28.306411434744845,55.852195301984636,67.95450828154688,1.9561195373535156,44,28.306411434744845,55.852195301984636,67.95450828154688
2024-03-12,0.5225349366664886,44,28.306411434744845,55.852195301984636,67.95450828154688,2.1886874437332153,44,28.306411434744845,55.852195301984636,67.95450828154688
2024-03-13,0.5151348412036896,44,28.306411434744845,55.852195301984636,67.95450828154688,2.46681809425354,44,28.306411434744845,55.852195301984636,67.95450828154688
2024-03-14,0.46542420983314514,44,28.306411434744845,55.852195301984636,67.95450828154688,2.5374014377593994,44,28.306411434744845,55.852195301984636,67.95450828154688
2024-03-15,0.41063404083251953,44,28.306411434744845,55.852195301984636,67.95450828154688,2.5081775188446045,44,28.306411434744845,55.852195301984636,67.95450828154688
2024-03-16,0.3607749938964844,44,28.306411434744845,55.852195301984636,67.95450828154688,2.4623448848724365,44,28.306411434744845,55.852195301984636,67.95450828154688
2024-03-17,0.32105617225170135,44,28.306411434744845,55.852195301984636,67.95450828154688,2.333328604698181,44,28.306411434744845,55.852195301984636,67.95450828154688
2024-03-18,0.2912682443857193,44,28.306411434744845,55.852195301984636,67.95450828154688,2.159226894378662,44,28.306411434744845,55.852195301984636,67.95450828154688
2024-03-19,0.2724249064922333,44,28.306411434744845,55.852195301984636,67.95450828154688,2.0798933506011963,44,28.306411434744845,55.852195301984636,67.95450828154688
2024-03-20,0.27743974328041077,44,28.306411434744845,55.852195301984636,67.95450828154688,2.0019259452819824,44,28.306411434744845,55.852195301984636,67.95450828154688
2024-03-21,0.28095169365406036,44,28.306411434744845,55.852195301984636,67.95450828154688,1.9419408440589905,44,28.306411434744845,55.852195301984636,67.95450828154688
2024-03-22,0.28320300579071045,44,28.306411434744845,55.852195301984636,67.95450828154688,1.9076205492019653,44,28.306411434744845,55.852195301984636,67.95450828154688
2024-03-23,0.27821050584316254,44,28.306411434744845,55.852195301984636,67.95450828154688,1.9047491550445557,44,28.306411434744845,55.852195301984636,67.95450828154688
2024-03-24,0.2698834538459778,44,28.306411434744845,55.852195301984636,67.95450828154688,1.8762928247451782,44,28.306411434744845,55.852195301984636,67.95450828154688
2024-03-25,0.2819524258375168,44,28.306411434744845,55.852195301984636,67.95450828154688,1.8703826069831848,44,28.306411434744845,55.852195301984636,67.95450828154688
2024-03-26,0.33967384696006775,44,28.306411434744845,55.852195301984636,67.95450828154688,1.9267230033874512,44,28.306411434744845,55.852195301984636,67.95450828154688
2024-03-27,0.4804838001728058,44,28.306411434744845,55.852195301984636,67.95450828154688,2.1559704542160034,44,28.306411434744845,55.852195301984636,67.95450828154688
2024-03-28,0.5757744908332825,44,28.306411434744845,55.852195301984636,67.95450828154688,2.664274215698242,44,28.306411434744845,55.852195301984636,67.95450828154688
2024-03-29,0.6024596691131592,44,28.306411434744845,55.852195301984636,67.95450828154688,2.9878249168395996,44,28.306411434744845,55.852195301984636,67.95450828154688
2024-03-30,0.547325849533081,44,28.306411434744845,55.852195301984636,67.95450828154688,2.968279480934143,44,28.306411434744845,55.852195301984636,67.95450828154688
2024-03-31,0.4841853827238083,44,28.306411434744845,55.852195301984636,67.95450828154688,2.813604474067688,44,28.306411434744845,55.852195301984636,67.95450828154688
2024-04-01,0.4347575157880783,44,28.306411434744845,55.852195301984636,67.95450828154688,2.3798413276672363,44,28.306411434744845,55.852195301984636,67.95450828154688
2024-04-02,0.4039010852575302,44,28.306411434744845,55.852195301984636,67.95450828154688,2.266822099685669,44,28.306411434744845,55.852195301984636,67.95450828154688
2024-04-03,0.3466305732727051,44,28.306411434744845,55.852195301984636,67.95450828154688,2.1675052642822266,44,28.306411434744845,55.852195301984636,67.95450828154688
2024-04-04,0.2991953343153,44,28.306411434744845,55.852195301984636,67.95450828154688,2.0948188304901123,44,28.306411434744845,55.852195301984636,67.95450828154688
2024-04-05,0.2712770700454712,44,28.306411434744845,55.852195301984636,67.95450828154688,2.017550468444824,44,28.306411434744845,55.852195301984636,67.95450828154688
2024-04-06,0.25253917276859283,44,28.306411434744845,55.852195301984636,67.95450828154688,1.9988287091255188,44,28.306411434744845,55.852195301984636,67.95450828154688
2024-04-07,0.24091694504022598,44,28.306411434744845,55.852195301984636,67.95450828154688,1.892068862915039,44,28.306411434744845,55.852195301984636,67.95450828154688
2024-04-08,0.23249436914920807,44,28.306411434744845,55.852195301984636,67.95450828154688,1.8762316703796387,44,28.306411434744845,55.852195301984636,67.95450828154688
2024-04-09,0.22014395892620087,44,28.306411434744845,55.852195301984636,67.95450828154688,1.7959684133529663,44,28.306411434744845,55.852195301984636,67.95450828154688
2024-04-10,0.21302994340658188,44,28.306411434744845,55.852195301984636,67.95450828154688,1.7590288519859314,44,28.306411434744845,55.852195301984636,67.95450828154688
2024-04-11,0.21020395308732986,44,28.306411434744845,55.852195301984636,67.95450828154688,1.7178749442100525,44,28.306411434744845,55.852195301984636,67.95450828154688
2024-04-12,0.2112533301115036,44,28.306411434744845,55.852195301984636,67.95450828154688,1.723726749420166,44,28.306411434744845,55.852195301984636,67.95450828154688
2024-04-13,0.21307707577943802,44,28.306411434744845,55.852195301984636,67.95450828154688,1.7875422239303589,44,28.306411434744845,55.852195301984636,67.95450828154688
2024-04-14,0.21786638349294662,44,28.306411434744845,55.852195301984636,67.95450828154688,1.870764970779419,44,28.306411434744845,55.852195301984636,67.95450828154688
2024-04-15,0.22238244116306305,44,28.306411434744845,55.852195301984636,67.95450828154688,1.9719434976577759,44,28.306411434744845,55.852195301984636,67.95450828154688
2024-04-16,0.221403568983078,44,28.306411434744845,55.852195301984636,67.95450828154688,2.0005221366882324,44,28.306411434744845,55.852195301984636,67.95450828154688
2024-04-17,0.20740629732608795,44,28.306411434744845,55.852195301984636,67.95450828154688,1.9163113832473755,44,28.306411434744845,55.852195301984636,67.95450828154688
2024-04-18,0.19160504639148712,44,28.306411434744845,55.852195301984636,67.95450828154688,1.8045322895050049,44,28.306411434744845,55.852195301984636,67.95450828154688
2024-04-19,0.1810399740934372,44,28.306411434744845,55.852195301984636,67.95450828154688,1.7253499031066895,44,28.306411434744845,55.852195301984636,67.95450828154688
2024-04-20,0.17920809239149094,44,28.306411434744845,55.852195301984636,67.95450828154688,1.6436151266098022,44,28.306411434744845,55.852195301984636,67.95450828154688
2024-04-21,0.17687267810106277,44,28.306411434744845,55.852195301984636,67.95450828154688,1.601692795753479,44,28.306411434744845,55.852195301984636,67.95450828154688
2024-04-22,0.1687755435705185,44,28.306411434744845,55.852195301984636,67.95450828154688,1.6076017618179321,44,28.306411434744845,55.852195301984636,67.95450828154688
2024-04-23,0.1663135662674904,44,28.306411434744845,55.852195301984636,67.95450828154688,1.6094442009925842,44,28.306411434744845,55.852195301984636,67.95450828154688
2024-04-24,0.17325370013713837,44,28.306411434744845,55.852195301984636,67.95450828154688,1.6744177341461182,44,28.306411434744845,55.852195301984636,67.95450828154688
2024-04-25,0.17677853256464005,44,28.306411434744845,55.852195301984636,67.95450828154688,1.7470726370811462,44,28.306411434744845,55.852195301984636,67.95450828154688
2024-04-26,0.18199888616800308,44,28.306411434744845,55.852195301984636,67.95450828154688,1.8126431703567505,44,28.306411434744845,55.852195301984636,67.95450828154688
2024-04-27,0.18959614634513855,44,28.306411434744845,55.852195301984636,67.95450828154688,1.8878028392791748,44,28.306411434744845,55.852195301984636,67.95450828154688
2024-04-28,0.187430277466774,44,28.306411434744845,55.852195301984636,67.95450828154688,1.879585087299347,44,28.306411434744845,55.852195301984636,67.95450828154688
2024-04-29,0.16625632345676422,44,28.306411434744845,55.852195301984636,67.95450828154688,1.670882523059845,44,28.306411434744845,55.852195301984636,67.95450828154688
2024-04-30,0.15560954809188843,44,28.306411434744845,55.852195301984636,67.95450828154688,1.5207975506782532,44,28.306411434744845,55.852195301984636,67.95450828154688
2024-05-01,0.15529147535562515,44,28.306411434744845,55.852195301984636,67.95450828154688,1.4614125490188599,44,28.306411434744845,55.852195301984636,67.95450828154688
2024-05-02,0.15299522876739502,44,28.306411434744845,55.852195301984636,67.95450828154688,1.4347363114356995,44,28.306411434744845,55.852195301984636,67.95450828154688
2024-05-03,0.15155131369829178,44,28.306411434744845,55.852195301984636,67.95450828154688,1.4398017525672913,44,28.306411434744845,55.852195301984636,67.95450828154688
2024-05-04,0.15897288918495178,44,28.306411434744845,55.852195301984636,67.95450828154688,1.5386884212493896,44,28.306411434744845,55.852195301984636,67.95450828154688
2024-05-05,0.17187094688415527,44,28.306411434744845,55.852195301984636,67.95450828154688,1.6748177409172058,44,28.306411434744845,55.852195301984636,67.95450828154688
2024-05-06,0.17992031574249268,44,28.306411434744845,55.852195301984636,67.95450828154688,1.7433727383613586,44,28.306411434744845,55.852195301984636,67.95450828154688
2024-05-07,0.17876014113426208,44,28.306411434744845,55.852195301984636,67.95450828154688,1.7703539729118347,44,28.306411434744845,55.852195301984636,67.95450828154688
2024-05-08,0.17912254482507706,44,28.306411434744845,55.852195301984636,67.95450828154688,1.826008379459381,44,28.306411434744845,55.852195301984636,67.95450828154688
2024-05-09,0.17750494927167892,44,28.306411434744845,55.852195301984636,67.95450828154688,1.8654091358184814,44,28.306411434744845,55.852195301984636,67.95450828154688
2024-05-10,0.16664619743824005,44,28.306411434744845,55.852195301984636,67.95450828154688,1.7984528541564941,44,28.306411434744845,55.852195301984636,67.95450828154688
2024-05-11,0.15530681610107422,44,28.306411434744845,55.852195301984636,67.95450828154688,1.706225335597992,44,28.306411434744845,55.852195301984636,67.95450828154688
2024-05-12,0.15182679146528244,44,28.306411434744845,55.852195301984636,67.95450828154688,1.6754273772239685,44,28.306411434744845,55.852195301984636,67.95450828154688
2024-05-13,0.14921095967292786,44,28.306411434744845,55.852195301984636,67.95450828154688,1.6888282299041748,44,28.306411434744845,55.852195301984636,67.95450828154688
2024-05-14,0.14307230710983276,44,28.306411434744845,55.852195301984636,67.95450828154688,1.651613712310791,44,28.306411434744845,55.852195301984636,67.95450828154688
2024-05-15,0.1316075176000595,44,28.306411434744845,55.852195301984636,67.95450828154688,1.5477650165557861,44,28.306411434744845,55.852195301984636,67.95450828154688
2024-05-16,0.1257791891694069,44,28.306411434744845,55.852195301984636,67.95450828154688,1.5049800276756287,44,28.306411434744845,55.852195301984636,67.95450828154688
2024-05-17,0.12508069351315498,44,28.306411434744845,55.852195301984636,67.95450828154688,1.5033534169197083,44,28.306411434744845,55.852195301984636,67.95450828154688
2024-05-18,0.13401725143194199,44,28.306411434744845,55.852195301984636,67.95450828154688,1.553082525730133,44,28.306411434744845,55.852195301984636,67.95450828154688
2024-05-19,0.14225706458091736,44,28.306411434744845,55.852195301984636,67.95450828154688,1.6228821873664856,44,28.306411434744845,55.852195301984636,67.95450828154688
2024-05-20,0.13071127235889435,44,28.306411434744845,55.852195301984636,67.95450828154688,1.5626371502876282,44,28.306411434744845,55.852195301984636,67.95450828154688
2024-05-21,0.12715500593185425,44,28.306411434744845,55.852195301984636,67.95450828154688,1.5391525030136108,44,28.306411434744845,55.852195301984636,67.95450828154688
2024-05-22,0.12750564515590668,44,28.306411434744845,55.852195301984636,67.95450828154688,1.5396475195884705,44,28.306411434744845,55.852195301984636,67.95450828154688
2024-05-23,0.1293128877878189,44,28.306411434744845,55.852195301984636,67.95450828154688,1.5498770475387573,44,28.306411434744845,55.852195301984636,67.95450828154688
2024-05-24,0.13149244338274002,44,28.306411434744845,55.852195301984636,67.95450828154688,1.5574769973754883,44,28.306411434744845,55.852195301984636,67.95450828154688
2024-05-25,0.13696122914552689,44,28.306411434744845,55.852195301984636,67.95450828154688,1.6118632555007935,44,28.306411434744845,55.852195301984636,67.95450828154688
2024-05-26,0.1463049203157425,44,28.306411434744845,55.852195301984636,67.95450828154688,1.6515068411827087,44,28.306411434744845,55.852195301984636,67.95450828154688
2024-05-27,0.15221312642097473,44,28.306411434744845,55.852195301984636,67.95450828154688,1.6951395273208618,44,28.306411434744845,55.852195301984636,67.95450828154688
2024-05-28,0.15042665600776672,44,28.306411434744845,55.852195301984636,67.95450828154688,1.7562206387519836,44,28.306411434744845,55.852195301984636,67.95450828154688
2024-05-29,0.14609042555093765,44,28.306411434744845,55.852195301984636,67.95450828154688,1.7845999598503113,44,28.306411434744845,55.852195301984636,67.95450828154688
2024-05-30,0.1474025547504425,44,28.306411434744845,55.852195301984636,67.95450828154688,1.846030354499817,44,28.306411434744845,55.852195301984636,67.95450828154688
2024-05-31,0.13339314609766006,44,28.306411434744845,55.852195301984636,67.95450828154688,1.6424320936203003,44,28.306411434744845,55.852195301984636,67.95450828154688
2024-06-01,0.12408612295985222,44,28.306411434744845,55.852195301984636,67.95450828154688,1.5342703461647034,44,28.306411434744845,55.852195301984636,67.95450828154688
2024-06-02,0.12270450219511986,44,28.306411434744845,55.852195301984636,67.95450828154688,1.518259048461914,44,28.306411434744845,55.852195301984636,67.95450828154688
2024-06-03,0.12097415700554848,44,28.306411434744845,55.852195301984636,67.95450828154688,1.5253353118896484,44,28.306411434744845,55.852195301984636,67.95450828154688
2024-06-04,0.12140989676117897,44,28.306411434744845,55.852195301984636,67.95450828154688,1.521276831626892,44,28.306411434744845,55.852195301984636,67.95450828154688
2024-06-05,0.12181831151247025,44,28.306411434744845,55.852195301984636,67.95450828154688,1.5415810346603394,44,28.306411434744845,55.852195301984636,67.95450828154688
2024-06-06,0.12352151796221733,44,28.306411434744845,55.852195301984636,67.95450828154688,1.5820778012275696,44,28.306411434744845,55.852195301984636,67.95450828154688
2024-06-07,0.12506333738565445,44,28.306411434744845,55.852195301984636,67.95450828154688,1.605260968208313,44,28.306411434744845,55.852195301984636,67.95450828154688
2024-06-08,0.1249377653002739,44,28.306411434744845,55.852195301984636,67.95450828154688,1.6022383570671082,44,28.306411434744845,55.852195301984636,67.95450828154688
2024-06-09,0.1232590451836586,44,28.306411434744845,55.852195301984636,67.95450828154688,1.5584882497787476,44,28.306411434744845,55.852195301984636,67.95450828154688
2024-06-10,0.12506024539470673,44,28.306411434744845,55.852195301984636,67.95450828154688,1.5716888904571533,44,28.306411434744845,55.852195301984636,67.95450828154688
2024-06-11,0.13266634196043015,44,28.306411434744845,55.852195301984636,67.95450828154688,1.6463422775268555,44,28.306411434744845,55.852195301984636,67.95450828154688
2024-06-12,0.14315830171108246,44,28.306411434744845,55.852195301984636,67.95450828154688,1.7453387379646301,44,28.306411434744845,55.852195301984636,67.95450828154688
2024-06-13,0.14910712093114853,44,28.306411434744845,55.852195301984636,67.95450828154688,1.7954126596450806,44,28.306411434744845,55.852195301984636,67.95450828154688
2024-06-14,0.1451663374900818,44,28.306411434744845,55.852195301984636,67.95450828154688,1.7502577304840088,44,28.306411434744845,55.852195301984636,67.95450828154688
2024-06-15,0.1452513337135315,44,28.306411434744845,55.852195301984636,67.95450828154688,1.818521797657013,44,28.306411434744845,55.852195301984636,67.95450828154688
2024-06-16,0.15186432749032974,44,28.306411434744845,55.852195301984636,67.95450828154688,1.9453936219215393,44,28.306411434744845,55.852195301984636,67.95450828154688
2024-06-17,0.16302420943975449,44,28.306411434744845,55.852195301984636,67.95450828154688,2.062302350997925,44,28.306411434744845,55.852195301984636,67.95450828154688
2024-06-18,0.16154909878969193,44,28.306411434744845,55.852195301984636,67.95450828154688,2.0820876359939575,44,28.306411434744845,55.852195301984636,67.95450828154688
2024-06-19,0.15441927313804626,44,28.306411434744845,55.852195301984636,67.95450828154688,1.9777988195419312,44,28.306411434744845,55.852195301984636,67.95450828154688
2024-06-20,0.14671165496110916,44,28.306411434744845,55.852195301984636,67.95450828154688,1.8969778418540955,44,28.306411434744845,55.852195301984636,67.95450828154688
2024-06-21,0.14401724934577942,44,28.306411434744845,55.852195301984636,67.95450828154688,1.8727085590362549,44,28.306411434744845,55.852195301984636,67.95450828154688
2024-06-22,0.14571117609739304,44,28.306411434744845,55.852195301984636,67.95450828154688,1.886078119277954,44,28.306411434744845,55.852195301984636,67.95450828154688
2024-06-23,0.14687194675207138,44,28.306411434744845,55.852195301984636,67.95450828154688,1.8882693648338318,44,28.306411434744845,55.852195301984636,67.95450828154688
2024-06-24,0.1455124169588089,44,28.306411434744845,55.852195301984636,67.95450828154688,1.8547448515892029,44,28.306411434744845,55.852195301984636,67.95450828154688
2024-06-25,0.14333432912826538,44,28.306411434744845,55.852195301984636,67.95450828154688,1.8694674968719482,44,28.306411434744845,55.852195301984636,67.95450828154688
2024-06-26,0.13961206376552582,44,28.306411434744845,55.852195301984636,67.95450828154688,1.7759020924568176,44,28.306411434744845,55.852195301984636,67.95450828154688
2024-06-27,0.13396340608596802,44,28.306411434744845,55.852195301984636,67.95450828154688,1.7219523787498474,44,28.306411434744845,55.852195301984636,67.95450828154688
2024-06-28,0.13773535192012787,44,28.306411434744845,55.852195301984636,67.95450828154688,1.7776907682418823,44,28.306411434744845,55.852195301984636,67.95450828154688
2024-06-29,0.13782715052366257,44,28.306411434744845,55.852195301984636,67.95450828154688,1.8064607381820679,44,28.306411434744845,55.852195301984636,67.95450828154688
2024-06-30,0.13886357843875885,44,28.306411434744845,55.852195301984636,67.95450828154688,1.8226971626281738,44,28.306411434744845,55.852195301984636,67.95450828154688
2024-07-01,0.143136166036129,44,28.306411434744845,55.852195301984636,67.95450828154688,1.8693821430206299,44,28.306411434744845,55.852195301984636,67.95450828154688
2024-07-02,0.14838765561580658,44,28.306411434744845,55.852195301984636,67.95450828154688,1.9332984685897827,44,28.306411434744845,55.852195301984636,67.95450828154688
2024-07-03,0.15262823551893234,44,28.306411434744845,55.852195301984636,67.95450828154688,1.9918991923332214,44,28.306411434744845,55.852195301984636,67.95450828154688
2024-07-04,0.1447463482618332,44,28.306411434744845,55.852195301984636,67.95450828154688,1.9155545234680176,44,28.306411434744845,55.852195301984636,67.95450828154688
2024-07-05,0.1315673589706421,44,28.306411434744845,55.852195301984636,67.95450828154688,1.728949248790741,44,28.306411434744845,55.852195301984636,67.95450828154688
2024-07-06,0.12615922838449478,44,28.306411434744845,55.852195301984636,67.95450828154688,1.7023158073425293,44,28.306411434744845,55.852195301984636,67.95450828154688
2024-07-07,0.12667462974786758,44,28.306411434744845,55.852195301984636,67.95450828154688,1.7188409566879272,44,28.306411434744845,55.852195301984636,67.95450828154688
2024-07-08,0.12971961498260498,44,28.306411434744845,55.852195301984636,67.95450828154688,1.7598931789398193,44,28.306411434744845,55.852195301984636,67.95450828154688
2024-07-09,0.13410747051239014,44,28.306411434744845,55.852195301984636,67.95450828154688,1.8245543241500854,44,28.306411434744845,55.852195301984636,67.95450828154688
2024-07-10,0.1415879726409912,44,28.306411434744845,55.852195301984636,67.95450828154688,1.9016965627670288,44,28.306411434744845,55.852195301984636,67.95450828154688
2024-07-11,0.1463424488902092,44,28.306411434744845,55.852195301984636,67.95450828154688,1.963788092136383,44,28.306411434744845,55.852195301984636,67.95450828154688
2024-07-12,0.15089935064315796,44,28.306411434744845,55.852195301984636,67.95450828154688,2.0364603996276855,44,28.306411434744845,55.852195301984636,67.95450828154688
2024-07-13,0.15256010740995407,44,28.306411434744845,55.852195301984636,67.95450828154688,2.037343144416809,44,28.306411434744845,55.852195301984636,67.95450828154688
2024-07-14,0.1527315303683281,44,28.306411434744845,55.852195301984636,67.95450828154688,2.0542314052581787,44,28.306411434744845,55.852195301984636,67.95450828154688
2024-07-15,0.1513645201921463,44,28.306411434744845,55.852195301984636,67.95450828154688,2.107393741607666,44,28.306411434744845,55.852195301984636,67.95450828154688
2024-07-16,0.14726179838180542,44,28.306411434744845,55.852195301984636,67.95450828154688,2.066991686820984,44,28.306411434744845,55.852195301984636,67.95450828154688
2024-07-17,0.13924916088581085,44,28.306411434744845,55.852195301984636,67.95450828154688,1.932725191116333,44,28.306411434744845,55.852195301984636,67.95450828154688
2024-07-18,0.13831336051225662,44,28.306411434744845,55.852195301984636,67.95450828154688,1.8700379729270935,44,28.306411434744845,55.852195301984636,67.95450828154688
2024-07-19,0.13808707147836685,44,28.306411434744845,55.852195301984636,67.95450828154688,1.8638175129890442,44,28.306411434744845,55.852195301984636,67.95450828154688
2024-07-20,0.13888952881097794,44,28.306411434744845,55.852195301984636,67.95450828154688,1.9069166779518127,44,28.306411434744845,55.852195301984636,67.95450828154688
2024-07-21,0.13238538801670074,44,28.306411434744845,55.852195301984636,67.95450828154688,1.8349215388298035,44,28.306411434744845,55.852195301984636,67.95450828154688
2024-07-22,0.1286456659436226,44,28.306411434744845,55.852195301984636,67.95450828154688,1.783219039440155,44,28.306411434744845,55.852195301984636,67.95450828154688
2024-07-23,0.12799296528100967,44,28.306411434744845,55.852195301984636,67.95450828154688,1.7502750158309937,44,28.306411434744845,55.852195301984636,67.95450828154688
2024-07-24,0.1243571788072586,44,28.306411434744845,55.852195301984636,67.95450828154688,1.7338680624961853,44,28.306411434744845,55.852195301984636,67.95450828154688
2024-07-25,0.1190764456987381,44,28.306411434744845,55.852195301984636,67.95450828154688,1.6925414204597473,44,28.306411434744845,55.852195301984636,67.95450828154688
2024-07-26,0.1165669783949852,44,28.306411434744845,55.852195301984636,67.95450828154688,1.6705831289291382,44,28.306411434744845,55.852195301984636,67.95450828154688
2024-07-27,0.11483587697148323,44,28.306411434744845,55.852195301984636,67.95450828154688,1.6729509830474854,44,28.306411434744845,55.852195301984636,67.95450828154688
2024-07-28,0.11535803228616714,44,28.306411434744845,55.852195301984636,67.95450828154688,1.6880881786346436,44,28.306411434744845,55.852195301984636,67.95450828154688
2024-07-29,0.11444884538650513,44,28.306411434744845,55.852195301984636,67.95450828154688,1.680284321308136,44,28.306411434744845,55.852195301984636,67.95450828154688
2024-07-30,0.11220645532011986,44,28.306411434744845,55.852195301984636,67.95450828154688,1.6555024981498718,44,28.306411434744845,55.852195301984636,67.95450828154688
2024-07-31,0.11162705719470978,44,28.306411434744845,55.852195301984636,67.95450828154688,1.6545698642730713,44,28.306411434744845,55.852195301984636,67.95450828154688
2024-08-01,0.11425421759486198,44,28.306411434744845,55.852195301984636,67.95450828154688,1.6914809346199036,44,28.306411434744845,55.852195301984636,67.95450828154688
2024-08-02,0.11608805134892464,44,28.306411434744845,55.852195301984636,67.95450828154688,1.7078511118888855,44,28.306411434744845,55.852195301984636,67.95450828154688
2024-08-03,0.11419286206364632,44,28.306411434744845,55.852195301984636,67.95450828154688,1.6948692798614502,44,28.306411434744845,55.852195301984636,67.95450828154688
2024-08-04,0.11224710196256638,44,28.306411434744845,55.852195301984636,67.95450828154688,1.682581603527069,44,28.306411434744845,55.852195301984636,67.95450828154688
2024-08-05,0.11065373942255974,44,28.306411434744845,55.852195301984636,67.95450828154688,1.6717514395713806,44,28.306411434744845,55.852195301984636,67.95450828154688
2024-08-06,0.1095428392291069,44,28.306411434744845,55.852195301984636,67.95450828154688,1.6652274131774902,44,28.306411434744845,55.852195301984636,67.95450828154688
2024-08-07,0.10916830971837044,44,28.306411434744845,55.852195301984636,67.95450828154688,1.6561280488967896,44,28.306411434744845,55.852195301984636,67.95450828154688
2024-08-08,0.10934065654873848,44,28.306411434744845,55.852195301984636,67.95450828154688,1.6550347805023193,44,28.306411434744845,55.852195301984636,67.95450828154688
2024-08-09,0.11042184382677078,44,28.306411434744845,55.852195301984636,67.95450828154688,1.6701140999794006,44,28.306411434744845,55.852195301984636,67.95450828154688
2024-08-10,0.11018343642354012,44,28.306411434744845,55.852195301984636,67.95450828154688,1.6571572422981262,44,28.306411434744845,55.852195301984636,67.95450828154688
2024-08-11,0.11045275256037712,44,28.306411434744845,55.852195301984636,67.95450828154688,1.6532713174819946,44,28.306411434744845,55.852195301984636,67.95450828154688
2024-08-12,0.11150022223591805,44,28.306411434744845,55.852195301984636,67.95450828154688,1.6703481674194336,44,28.306411434744845,55.852195301984636,67.95450828154688
2024-08-13,0.11242536455392838,44,28.306411434744845,55.852195301984636,67.95450828154688,1.6910441517829895,44,28.306411434744845,55.852195301984636,67.95450828154688
2024-08-14,0.11181054636836052,44,28.306411434744845,55.852195301984636,67.95450828154688,1.692140281200409,44,28.306411434744845,55.852195301984636,67.95450828154688
2024-08-15,0.10787026211619377,44,28.306411434744845,55.852195301984636,67.95450828154688,1.6475138664245605,44,28.306411434744845,55.852195301984636,67.95450828154688
2024-08-16,0.10694320127367973,44,28.306411434744845,55.852195301984636,67.95450828154688,1.648972511291504,44,28.306411434744845,55.852195301984636,67.95450828154688
2024-08-17,0.10708131268620491,44,28.306411434744845,55.852195301984636,67.95450828154688,1.664121925830841,44,28.306411434744845,55.852195301984636,67.95450828154688
2024-08-18,0.10779233649373055,44,28.306411434744845,55.852195301984636,67.95450828154688,1.684349536895752,44,28.306411434744845,55.852195301984636,67.95450828154688
2024-08-19,0.10810576379299164,44,28.306411434744845,55.852195301984636,67.95450828154688,1.6937944293022156,44,28.306411434744845,55.852195301984636,67.95450828154688
2024-08-20,0.107771847397089,44,28.306411434744845,55.852195301984636,67.95450828154688,1.69146066904068,44,28.306411434744845,55.852195301984636,67.95450828154688
2024-08-21,0.1075575016438961,44,28.306411434744845,55.852195301984636,67.95450828154688,1.6853516101837158,44,28.306411434744845,55.852195301984636,67.95450828154688
2024-08-22,0.10809936746954918,44,28.306411434744845,55.852195301984636,67.95450828154688,1.6889451742172241,44,28.306411434744845,55.852195301984636,67.95450828154688
2024-08-23,0.10937723889946938,44,28.306411434744845,55.852195301984636,67.95450828154688,1.706099808216095,44,28.306411434744845,55.852195301984636,67.95450828154688
2024-08-24,0.11175677552819252,44,28.306411434744845,55.852195301984636,67.95450828154688,1.7380945682525635,44,28.306411434744845,55.852195301984636,67.95450828154688
2024-08-25,0.11584390699863434,44,28.306411434744845,55.852195301984636,67.95450828154688,1.7792714834213257,44,28.306411434744845,55.852195301984636,67.95450828154688
2024-08-26,0.11919601261615753,44,28.306411434744845,55.852195301984636,67.95450828154688,1.798742413520813,44,28.306411434744845,55.852195301984636,67.95450828154688
2024-08-27,0.12262853607535362,44,28.306411434744845,55.852195301984636,67.95450828154688,1.8145619630813599,44,28.306411434744845,55.852195301984636,67.95450828154688
2024-08-28,0.12325244024395943,44,28.306411434744845,55.852195301984636,67.95450828154688,1.8079621195793152,44,28.306411434744845,55.852195301984636,67.95450828154688
2024-08-29,0.12281347811222076,44,28.306411434744845,55.852195301984636,67.95450828154688,1.7841246724128723,44,28.306411434744845,55.852195301984636,67.95450828154688
2024-08-30,0.12314379960298538,44,28.306411434744845,55.852195301984636,67.95450828154688,1.7733431458473206,44,28.306411434744845,55.852195301984636,67.95450828154688
2024-08-31,0.12450524419546127,44,28.306411434744845,55.852195301984636,67.95450828154688,1.799542486667633,44,28.306411434744845,55.852195301984636,67.95450828154688
2024-09-01,0.12303457781672478,44,28.306411434744845,55.852195301984636,67.95450828154688,1.8188803791999817,44,28.306411434744845,55.852195301984636,67.95450828154688
2024-09-02,0.12316377460956573,44,28.306411434744845,55.852195301984636,67.95450828154688,1.8568536043167114,44,28.306411434744845,55.852195301984636,67.95450828154688
2024-09-03,0.12865152209997177,44,28.306411434744845,55.852195301984636,67.95450828154688,1.9275067448616028,44,28.306411434744845,55.852195301984636,67.95450828154688
2024-09-04,0.1367538571357727,44,28.306411434744845,55.852195301984636,67.95450828154688,1.9683064818382263,44,28.306411434744845,55.852195301984636,67.95450828154688
2024-09-05,0.1370178908109665,44,28.306411434744845,55.852195301984636,67.95450828154688,1.9305297136306763,44,28.306411434744845,55.852195301984636,67.95450828154688
2024-09-06,0.1383160576224327,44,28.306411434744845,55.852195301984636,67.95450828154688,1.9154465794563293,44,28.306411434744845,55.852195301984636,67.95450828154688
2024-09-07,0.14264637976884842,44,28.306411434744845,55.852195301984636,67.95450828154688,1.9502379298210144,44,28.306411434744845,55.852195301984636,67.95450828154688
2024-09-08,0.13998150080442429,44,28.306411434744845,55.852195301984636,67.95450828154688,1.8865976929664612,44,28.306411434744845,55.852195301984636,67.95450828154688
2024-09-09,0.13286574184894562,44,28.306411434744845,55.852195301984636,67.95450828154688,1.8121129870414734,44,28.306411434744845,55.852195301984636,67.95450828154688
2024-09-10,0.1301863119006157,44,28.306411434744845,55.852195301984636,67.95450828154688,1.7784383893013,44,28.306411434744845,55.852195301984636,67.95450828154688
2024-09-11,0.1310359314084053,44,28.306411434744845,55.852195301984636,67.95450828154688,1.787506341934204,44,28.306411434744845,55.852195301984636,67.95450828154688
2024-09-12,0.12796232104301453,44,28.306411434744845,55.852195301984636,67.95450828154688,1.7467032074928284,44,28.306411434744845,55.852195301984636,67.95450828154688
2024-09-13,0.12247996777296066,44,28.306411434744845,55.852195301984636,67.95450828154688,1.6738138794898987,44,28.306411434744845,55.852195301984636,67.95450828154688
2024-09-14,0.11807764321565628,44,28.306411434744845,55.852195301984636,67.95450828154688,1.5831114053726196,44,28.306411434744845,55.852195301984636,67.95450828154688
2024-09-15,0.11721712723374367,44,28.306411434744845,55.852195301984636,67.95450828154688,1.5524938702583313,44,28.306411434744845,55.852195301984636,67.95450828154688
2024-09-16,0.11595159769058228,44,28.306411434744845,55.852195301984636,67.95450828154688,1.5587471723556519,44,28.306411434744845,55.852195301984636,67.95450828154688
2024-09-17,0.11572812870144844,44,28.306411434744845,55.852195301984636,67.95450828154688,1.5523899793624878,44,28.306411434744845,55.852195301984636,67.95450828154688
2024-09-18,0.11427810415625572,44,28.306411434744845,55.852195301984636,67.95450828154688,1.5251138806343079,44,28.306411434744845,55.852195301984636,67.95450828154688
2024-09-19,0.11187086626887321,44,28.306411434744845,55.852195301984636,67.95450828154688,1.4751062989234924,44,28.306411434744845,55.852195301984636,67.95450828154688
2024-09-20,0.11092737317085266,44,28.306411434744845,55.852195301984636,67.95450828154688,1.4640239477157593,44,28.306411434744845,55.852195301984636,67.95450828154688
2024-09-21,0.11037060990929604,44,28.306411434744845,55.852195301984636,67.95450828154688,1.4572670459747314,44,28.306411434744845,55.852195301984636,67.95450828154688
2024-09-22,0.1139487735927105,44,28.306411434744845,55.852195301984636,67.95450828154688,1.4664520621299744,44,28.306411434744845,55.852195301984636,67.95450828154688
2024-09-23,0.11658712476491928,44,28.306411434744845,55.852195301984636,67.95450828154688,1.4904043078422546,44,28.306411434744845,55.852195301984636,67.95450828154688
2024-09-24,0.11624136194586754,44,28.306411434744845,55.852195301984636,67.95450828154688,1.5011388659477234,44,28.306411434744845,55.852195301984636,67.95450828154688
2024-09-25,0.1167609915137291,44,28.306411434744845,55.852195301984636,67.95450828154688,1.4959454536437988,44,28.306411434744845,55.852195301984636,67.95450828154688
2024-09-26,0.11967035382986069,44,28.306411434744845,55.852195301984636,67.95450828154688,1.464894950389862,44,28.306411434744845,55.852195301984636,67.95450828154688
2024-09-27,0.11677097901701927,44,28.306411434744845,55.852195301984636,67.95450828154688,1.3787673711776733,44,28.306411434744845,55.852195301984636,67.95450828154688
2024-09-28,0.11369401961565018,44,28.306411434744845,55.852195301984636,67.95450828154688,1.2880860567092896,44,28.306411434744845,55.852195301984636,67.95450828154688
2024-09-29,0.11360715702176094,44,28.306411434744845,55.852195301984636,67.95450828154688,1.2197467684745789,44,28.306411434744845,55.852195301984636,67.95450828154688
2024-09-30,0.11389664188027382,44,28.306411434744845,55.852195301984636,67.95450828154688,1.2142216563224792,44,28.306411434744845,55.852195301984636,67.95450828154688
2024-10-01,0.11390263587236404,44,28.306411434744845,55.852195301984636,67.95450828154688,1.2331705689430237,44,28.306411434744845,55.852195301984636,67.95450828154688
2024-10-02,0.11459366604685783,44,28.306411434744845,55.852195301984636,67.95450828154688,1.2503499388694763,44,28.306411434744845,55.852195301984636,67.95450828154688
2024-10-03,0.11432057246565819,44,28.306411434744845,55.852195301984636,67.95450828154688,1.228507399559021,44,28.306411434744845,55.852195301984636,67.95450828154688
2024-10-04,0.11627979949116707,44,28.306411434744845,55.852195301984636,67.95450828154688,1.2249162793159485,44,28.306411434744845,55.852195301984636,67.95450828154688
2024-10-05,0.11764435097575188,44,28.306411434744845,55.852195301984636,67.95450828154688,1.2485764622688293,44,28.306411434744845,55.852195301984636,67.95450828154688
2024-10-06,0.11915994063019753,44,28.306411434744845,55.852195301984636,67.95450828154688,1.2846869826316833,44,28.306411434744845,55.852195301984636,67.95450828154688
2024-10-07,0.11793998256325722,44,28.306411434744845,55.852195301984636,67.95450828154688,1.26870995759964,44,28.306411434744845,55.852195301984636,67.95450828154688
2024-10-08,0.11753074079751968,44,28.306411434744845,55.852195301984636,67.95450828154688,1.213174819946289,44,28.306411434744845,55.852195301984636,67.95450828154688
2024-10-09,0.12048972398042679,44,28.306411434744845,55.852195301984636,67.95450828154688,1.2032099962234497,44,28.306411434744845,55.852195301984636,67.95450828154688
2024-10-10,0.12152192741632462,44,28.306411434744845,55.852195301984636,67.95450828154688,1.1800398230552673,44,28.306411434744845,55.852195301984636,67.95450828154688
2024-10-11,0.12350228428840637,44,28.306411434744845,55.852195301984636,67.95450828154688,1.1659733653068542,44,28.306411434744845,55.852195301984636,67.95450828154688
2024-10-12,0.12176016345620155,44,28.306411434744845,55.852195301984636,67.95450828154688,1.1714949011802673,44,28.306411434744845,55.852195301984636,67.95450828154688
2024-10-13,0.12343086674809456,44,28.306411434744845,55.852195301984636,67.95450828154688,1.179867923259735,44,28.306411434744845,55.852195301984636,67.95450828154688
2024-10-14,0.12299700826406479,44,28.306411434744845,55.852195301984636,67.95450828154688,1.1934837698936462,44,28.306411434744845,55.852195301984636,67.95450828154688
2024-10-15,0.12009889259934425,44,28.306411434744845,55.852195301984636,67.95450828154688,1.1573190093040466,44,28.306411434744845,55.852195301984636,67.95450828154688
2024-10-16,0.12112098932266235,44,28.306411434744845,55.852195301984636,67.95450828154688,1.1502167582511902,44,28.306411434744845,55.852195301984636,67.95450828154688
2024-10-17,0.11875424534082413,44,28.306411434744845,55.852195301984636,67.95450828154688,1.1267242431640625,44,28.306411434744845,55.852195301984636,67.95450828154688
2024-10-18,0.12019393593072891,44,28.306411434744845,55.852195301984636,67.95450828154688,1.104275405406952,44,28.306411434744845,55.852195301984636,67.95450828154688
2024-10-19,0.12105407938361168,44,28.306411434744845,55.852195301984636,67.95450828154688,1.0981091260910034,44,28.306411434744845,55.852195301984636,67.95450828154688
2024-10-20,0.12100578472018242,44,28.306411434744845,55.852195301984636,67.95450828154688,1.1069298386573792,44,28.306411434744845,55.852195301984636,67.95450828154688
2024-10-21,0.12041087448596954,44,28.306411434744845,55.852195301984636,67.95450828154688,1.1020988821983337,44,28.306411434744845,55.852195301984636,67.95450828154688
2024-10-22,0.1230388879776001,44,28.306411434744845,55.852195301984636,67.95450828154688,1.1128907203674316,44,28.306411434744845,55.852195301984636,67.95450828154688
2024-10-23,0.12498956173658371,44,28.306411434744845,55.852195301984636,67.95450828154688,1.1303169131278992,44,28.306411434744845,55.852195301984636,67.95450828154688
2024-10-24,0.12721067667007446,44,28.306411434744845,55.852195301984636,67.95450828154688,1.1363977789878845,44,28.306411434744845,55.852195301984636,67.95450828154688
2024-10-25,0.13135496526956558,44,28.306411434744845,55.852195301984636,67.95450828154688,1.1538177132606506,44,28.306411434744845,55.852195301984636,67.95450828154688
2024-10-26,0.13148009032011032,44,28.306411434744845,55.852195301984636,67.95450828154688,1.1180716156959534,44,28.306411434744845,55.852195301984636,67.95450828154688
2024-10-27,0.1392574980854988,44,28.306411434744845,55.852195301984636,67.95450828154688,1.1041507720947266,44,28.306411434744845,55.852195301984636,67.95450828154688
2024-10-28,0.13887155801057816,44,28.306411434744845,55.852195301984636,67.95450828154688,1.1185312867164612,44,28.306411434744845,55.852195301984636,67.95450828154688
2024-10-29,0.1393437534570694,44,28.306411434744845,55.852195301984636,67.95450828154688,1.1168100833892822,44,28.306411434744845,55.852195301984636,67.95450828154688
2024-10-30,0.13866809010505676,44,28.306411434744845,55.852195301984636,67.95450828154688,1.1095215678215027,44,28.306411434744845,55.852195301984636,67.95450828154688
2024-10-31,0.13873565942049026,44,28.306411434744845,55.852195301984636,67.95450828154688,1.1248965859413147,44,28.306411434744845,55.852195301984636,67.95450828154688
2024-11-01,0.14117313921451569,44,28.306411434744845,55.852195301984636,67.95450828154688,1.172304928302765,44,28.306411434744845,55.852195301984636,67.95450828154688
2024-11-02,0.13937871903181076,44,28.306411434744845,55.852195301984636,67.95450828154688,1.1773288249969482,44,28.306411434744845,55.852195301984636,67.95450828154688
2024-11-03,0.139663465321064,44,28.306411434744845,55.852195301984636,67.95450828154688,1.168562412261963,44,28.306411434744845,55.852195301984636,67.95450828154688
2024-11-04,0.14165863394737244,44,28.306411434744845,55.852195301984636,67.95450828154688,1.1659302115440369,44,28.306411434744845,55.852195301984636,67.95450828154688
2024-11-05,0.144407257437706,44,28.306411434744845,55.852195301984636,67.95450828154688,1.1658469438552856,44,28.306411434744845,55.852195301984636,67.95450828154688
2024-11-06,0.14190920442342758,44,28.306411434744845,55.852195301984636,67.95450828154688,1.171150803565979,44,28.306411434744845,55.852195301984636,67.95450828154688
2024-11-07,0.1356281116604805,44,28.306411434744845,55.852195301984636,67.95450828154688,1.1668581366539001,44,28.306411434744845,55.852195301984636,67.95450828154688
2024-11-08,0.1320342794060707,44,28.306411434744845,55.852195301984636,67.95450828154688,1.14783376455307,44,28.306411434744845,55.852195301984636,67.95450828154688
2024-11-09,0.13332229107618332,44,28.306411434744845,55.852195301984636,67.95450828154688,1.1276524066925049,44,28.306411434744845,55.852195301984636,67.95450828154688
2024-11-10,0.13522173464298248,44,28.306411434744845,55.852195301984636,67.95450828154688,1.1174787878990173,44,28.306411434744845,55.852195301984636,67.95450828154688
2024-11-11,0.13804226368665695,44,28.306411434744845,55.852195301984636,67.95450828154688,1.099785327911377,44,28.306411434744845,55.852195301984636,67.95450828154688
2024-11-12,0.13891180604696274,44,28.306411434744845,55.852195301984636,67.95450828154688,1.1032748222351074,44,28.306411434744845,55.852195301984636,67.95450828154688
2024-11-13,0.1373308151960373,44,28.306411434744845,55.852195301984636,67.95450828154688,1.1173681616783142,44,28.306411434744845,55.852195301984636,67.95450828154688
2024-11-14,0.135719396173954,44,28.306411434744845,55.852195301984636,67.95450828154688,1.1196146607398987,44,28.306411434744845,55.852195301984636,67.95450828154688
2024-11-15,0.13844963163137436,44,28.306411434744845,55.852195301984636,67.95450828154688,1.1135112643241882,44,28.306411434744845,55.852195301984636,67.95450828154688
2024-11-16,0.14182902872562408,44,28.306411434744845,55.852195301984636,67.95450828154688,1.125548541545868,44,28.306411434744845,55.852195301984636,67.95450828154688
2024-11-17,0.14747802913188934,44,28.306411434744845,55.852195301984636,67.95450828154688,1.1566261649131775,44,28.306411434744845,55.852195301984636,67.95450828154688
2024-11-18,0.1560548096895218,44,28.306411434744845,55.852195301984636,67.95450828154688,1.1834202408790588,44,28.306411434744845,55.852195301984636,67.95450828154688
2024-11-19,0.16919074207544327,44,28.306411434744845,55.852195301984636,67.95450828154688,1.1879411935806274,44,28.306411434744845,55.852195301984636,67.95450828154688
2024-11-20,0.20612600445747375,44,28.306411434744845,55.852195301984636,67.95450828154688,1.2210384011268616,44,28.306411434744845,55.852195301984636,67.95450828154688
2024-11-21,0.2823753207921982,44,28.306411434744845,55.852195301984636,67.95450828154688,1.4080665111541748,44,28.306411434744845,55.852195301984636,67.95450828154688
2024-11-22,0.37252935767173767,44,28.306411434744845,55.852195301984636,67.95450828154688,1.553493618965149,44,28.306411434744845,55.852195301984636,67.95450828154688
2024-11-23,0.4469417333602905,44,28.306411434744845,55.852195301984636,67.95450828154688,1.7211436033248901,44,28.306411434744845,55.852195301984636,67.95450828154688
2024-11-24,0.4840313792228699,44,28.306411434744845,55.852195301984636,67.95450828154688,1.8748538494110107,44,28.306411434744845,55.852195301984636,67.95450828154688
2024-11-25,0.48858271539211273,44,28.306411434744845,55.852195301984636,67.95450828154688,1.9393401145935059,44,28.306411434744845,55.852195301984636,67.95450828154688
2024-11-26,0.4756408780813217,44,28.306411434744845,55.852195301984636,67.95450828154688,1.959551751613617,44,28.306411434744845,55.852195301984636,67.95450828154688
2024-11-27,0.44977961480617523,44,28.306411434744845,55.852195301984636,67.95450828154688,1.9136645197868347,44,28.306411434744845,55.852195301984636,67.95450828154688
2024-11-28,0.42609846591949463,44,28.306411434744845,55.852195301984636,67.95450828154688,1.8252382278442383,44,28.306411434744845,55.852195301984636,67.95450828154688
2024-11-29,0.41653090715408325,44,28.306411434744845,55.852195301984636,67.95450828154688,1.76668781042099,44,28.306411434744845,55.852195301984636,67.95450828154688
2024-11-30,0.40994693338871,44,28.306411434744845,55.852195301984636,67.95450828154688,1.7731136679649353,44,28.306411434744845,55.852195301984636,67.95450828154688
2024-12-01,0.39866724610328674,44,28.306411434744845,55.852195301984636,67.95450828154688,1.7642887830734253,44,28.306411434744845,55.852195301984636,67.95450828154688
2024-12-02,0.3902933895587921,44,28.306411434744845,55.852195301984636,67.95450828154688,1.7187002897262573,44,28.306411434744845,55.852195301984636,67.95450828154688
2024-12-03,0.38802923262119293,44,28.306411434744845,55.852195301984636,67.95450828154688,1.6512259244918823,44,28.306411434744845,55.852195301984636,67.95450828154688
2024-12-04,0.3675704449415207,44,28.306411434744845,55.852195301984636,67.95450828154688,1.434130609035492,44,28.306411434744845,55.852195301984636,67.95450828154688
2024-12-05,0.3877657651901245,44,28.306411434744845,55.852195301984636,67.95450828154688,1.4484038352966309,44,28.306411434744845,55.852195301984636,67.95450828154688
2024-12-06,0.4312608540058136,44,28.306411434744845,55.852195301984636,67.95450828154688,1.6398780941963196,44,28.306411434744845,55.852195301984636,67.95450828154688
2024-12-07,0.45334264636039734,44,28.306411434744845,55.852195301984636,67.95450828154688,1.7710820436477661,44,28.306411434744845,55.852195301984636,67.95450828154688
2024-12-08,0.461436003446579,44,28.306411434744845,55.852195301984636,67.95450828154688,1.773925006389618,44,28.306411434744845,55.852195301984636,67.95450828154688
2024-12-09,0.4670611321926117,44,28.306411434744845,55.852195301984636,67.95450828154688,1.7998658418655396,44,28.306411434744845,55.852195301984636,67.95450828154688
2024-12-10,0.4721103310585022,44,28.306411434744845,55.852195301984636,67.95450828154688,1.776908814907074,44,28.306411434744845,55.852195301984636,67.95450828154688
2024-12-11,0.4779421240091324,44,28.306411434744845,55.852195301984636,67.95450828154688,1.8234053254127502,44,28.306411434744845,55.852195301984636,67.95450828154688
2024-12-12,0.47998349368572235,44,28.306411434744845,55.852195301984636,67.95450828154688,1.8755019307136536,44,28.306411434744845,55.852195301984636,67.95450828154688
2024-12-13,0.47201623022556305,44,28.306411434744845,55.852195301984636,67.95450828154688,1.8942219018936157,44,28.306411434744845,55.852195301984636,67.95450828154688
2024-12-14,0.4525560736656189,44,28.306411434744845,55.852195301984636,67.95450828154688,1.783141016960144,44,28.306411434744845,55.852195301984636,67.95450828154688
2024-12-15,0.4302292764186859,44,28.306411434744845,55.852195301984636,67.95450828154688,1.6592387557029724,44,28.306411434744845,55.852195301984636,67.95450828154688
2024-12-16,0.41895782947540283,44,28.306411434744845,55.852195301984636,67.95450828154688,1.5719407200813293,44,28.306411434744845,55.852195301984636,67.95450828154688
2024-12-17,0.4241962283849716,44,28.306411434744845,55.852195301984636,67.95450828154688,1.5878878831863403,44,28.306411434744845,55.852195301984636,67.95450828154688
2024-12-18,0.4276280552148819,44,28.306411434744845,55.852195301984636,67.95450828154688,1.6372432708740234,44,28.306411434744845,55.852195301984636,67.95450828154688
2024-12-19,0.41151952743530273,44,28.306411434744845,55.852195301984636,67.95450828154688,1.5651711225509644,44,28.306411434744845,55.852195301984636,67.95450828154688
2024-12-20,0.3971521407365799,44,28.306411434744845,55.852195301984636,67.95450828154688,1.520686686038971,44,28.306411434744845,55.852195301984636,67.95450828154688
2024-12-21,0.4017178565263748,44,28.306411434744845,55.852195301984636,67.95450828154688,1.5560374855995178,44,28.306411434744845,55.852195301984636,67.95450828154688
2024-12-22,0.39894823729991913,44,28.306411434744845,55.852195301984636,67.95450828154688,1.540262520313263,44,28.306411434744845,55.852195301984636,67.95450828154688
2024-12-23,0.3937457799911499,44,28.306411434744845,55.852195301984636,67.95450828154688,1.5280924439430237,44,28.306411434744845,55.852195301984636,67.95450828154688
2024-12-24,0.3756074756383896,44,28.306411434744845,55.852195301984636,67.95450828154688,1.4298660159111023,44,28.306411434744845,55.852195301984636,67.95450828154688
2024-12-25,0.37911257147789,44,28.306411434744845,55.852195301984636,67.95450828154688,1.4363725781440735,44,28.306411434744845,55.852195301984636,67.95450828154688
2024-12-26,0.39659540355205536,44,28.306411434744845,55.852195301984636,67.95450828154688,1.5147197842597961,44,28.306411434744845,55.852195301984636,67.95450828154688
2024-12-27,0.4126925617456436,44,28.306411434744845,55.852195301984636,67.95450828154688,1.6016126871109009,44,28.306411434744845,55.852195301984636,67.95450828154688
2024-12-28,0.4181409031152725,44,28.306411434744845,55.852195301984636,67.95450828154688,1.6552147269248962,44,28.306411434744845,55.852195301984636,67.95450828154688
2024-12-29,0.42053283751010895,44,28.306411434744845,55.852195301984636,67.95450828154688,1.6897776126861572,44,28.306411434744845,55.852195301984636,67.95450828154688
2024-12-30,0.4201355278491974,44,28.306411434744845,55.852195301984636,67.95450828154688,1.6865198612213135,44,28.306411434744845,55.852195301984636,67.95450828154688
2024-12-31,0.4126540422439575,44,28.306411434744845,55.852195301984636,67.95450828154688,1.6703420281410217,44,28.306411434744845,55.852195301984636,67.95450828154688
2025-01-01,0.4126627892255783,44,28.306411434744845,55.852195301984636,67.95450828154688,1.6394662857055664,44,28.306411434744845,55.852195301984636,67.95450828154688
2025-01-02,0.42586827278137207,44,28.306411434744845,55.852195301984636,67.95450828154688,1.7028672099113464,44,28.306411434744845,55.852195301984636,67.95450828154688
2025-01-03,0.41194094717502594,44,28.306411434744845,55.852195301984636,67.95450828154688,1.6242475509643555,44,28.306411434744845,55.852195301984636,67.95450828154688
2025-01-04,0.42168520390987396,44,28.306411434744845,55.852195301984636,67.95450828154688,1.6342126727104187,44,28.306411434744845,55.852195301984636,67.95450828154688
2025-01-05,0.4324842095375061,44,28.306411434744845,55.852195301984636,67.95450828154688,1.6343414187431335,44,28.306411434744845,55.852195301984636,67.95450828154688
2025-01-06,0.4099482297897339,44,28.306411434744845,55.852195301984636,67.95450828154688,1.5349989533424377,44,28.306411434744845,55.852195301984636,67.95450828154688
2025-01-07,0.40632179379463196,44,28.306411434744845,55.852195301984636,67.95450828154688,1.5198304057121277,44,28.306411434744845,55.852195301984636,67.95450828154688
2025-01-08,0.4256478101015091,44,28.306411434744845,55.852195301984636,67.95450828154688,1.592445433139801,44,28.306411434744845,55.852195301984636,67.95450828154688
2025-01-09,0.4193619638681412,44,28.306411434744845,55.852195301984636,67.95450828154688,1.6217917203903198,44,28.306411434744845,55.852195301984636,67.95450828154688
2025-01-10,0.4301595240831375,44,28.306411434744845,55.852195301984636,67.95450828154688,1.6427546739578247,44,28.306411434744845,55.852195301984636,67.95450828154688
2025-01-11,0.429749459028244,44,28.306411434744845,55.852195301984636,67.95450828154688,1.6461687088012695,44,28.306411434744845,55.852195301984636,67.95450828154688
2025-01-12,0.41793686151504517,44,28.306411434744845,55.852195301984636,67.95450828154688,1.5902164578437805,44,28.306411434744845,55.852195301984636,67.95450828154688
2025-01-13,0.40187661349773407,44,28.306411434744845,55.852195301984636,67.95450828154688,1.5234056115150452,44,28.306411434744845,55.852195301984636,67.95450828154688
2025-01-14,0.39116041362285614,44,28.306411434744845,55.852195301984636,67.95450828154688,1.4296165704727173,44,28.306411434744845,55.852195301984636,67.95450828154688
2025-01-15,0.39881718158721924,44,28.306411434744845,55.852195301984636,67.95450828154688,1.459253966808319,44,28.306411434744845,55.852195301984636,67.95450828154688
2025-01-16,0.4124344736337662,44,28.306411434744845,55.852195301984636,67.95450828154688,1.4625510573387146,44,28.306411434744845,55.852195301984636,67.95450828154688
2025-01-17,0.41852006316185,44,28.306411434744845,55.852195301984636,67.95450828154688,1.5279847383499146,44,28.306411434744845,55.852195301984636,67.95450828154688
2025-01-18,0.400765985250473,44,28.306411434744845,55.852195301984636,67.95450828154688,1.4211429953575134,44,28.306411434744845,55.852195301984636,67.95450828154688
2025-01-19,0.405244916677475,44,28.306411434744845,55.852195301984636,67.95450828154688,1.4138952493667603,44,28.306411434744845,55.852195301984636,67.95450828154688
2025-01-20,0.45775066316127777,44,28.306411434744845,55.852195301984636,67.95450828154688,1.6599027514457703,44,28.306411434744845,55.852195301984636,67.95450828154688
2025-01-21,0.5048120319843292,44,28.306411434744845,55.852195301984636,67.95450828154688,1.9725995659828186,44,28.306411434744845,55.852195301984636,67.95450828154688
2025-01-22,0.5404884517192841,44,28.306411434744845,55.852195301984636,67.95450828154688,2.1647446155548096,44,28.306411434744845,55.852195301984636,67.95450828154688
2025-01-23,0.5763583779335022,44,28.306411434744845,55.852195301984636,67.95450828154688,2.3549342155456543,44,28.306411434744845,55.852195301984636,67.95450828154688
2025-01-24,0.5883380770683289,44,28.306411434744845,55.852195301984636,67.95450828154688,2.5761510133743286,44,28.306411434744845,55.852195301984636,67.95450828154688
2025-01-25,0.5738314688205719,44,28.306411434744845,55.852195301984636,67.95450828154688,2.569856882095337,44,28.306411434744845,55.852195301984636,67.95450828154688
2025-01-26,0.5186699628829956,44,28.306411434744845,55.852195301984636,67.95450828154688,2.3519502878189087,44,28.306411434744845,55.852195301984636,67.95450828154688
2025-01-27,0.4635531008243561,44,28.306411434744845,55.852195301984636,67.95450828154688,1.9144867658615112,44,28.306411434744845,55.852195301984636,67.95450828154688
2025-01-28,0.39803460240364075,44,28.306411434744845,55.852195301984636,67.95450828154688,1.579511284828186,44,28.306411434744845,55.852195301984636,67.95450828154688
2025-01-29,0.4017076641321182,44,28.306411434744845,55.852195301984636,67.95450828154688,1.5133060216903687,44,28.306411434744845,55.852195301984636,67.95450828154688
2025-01-30,0.40385901927948,44,28.306411434744845,55.852195301984636,67.95450828154688,1.5091941356658936,44,28.306411434744845,55.852195301984636,67.95450828154688
2025-01-31,0.41797561943531036,44,28.306411434744845,55.852195301984636,67.95450828154688,1.573572039604187,44,28.306411434744845,55.852195301984636,67.95450828154688
2025-02-01,0.43383222818374634,44,28.306411434744845,55.852195301984636,67.95450828154688,1.6446654200553894,44,28.306411434744845,55.852195301984636,67.95450828154688
2025-02-02,0.42728208005428314,44,28.306411434744845,55.852195301984636,67.95450828154688,1.5749366879463196,44,28.306411434744845,55.852195301984636,67.95450828154688
2025-02-03,0.4043511152267456,44,28.306411434744845,55.852195301984636,67.95450828154688,1.5609568357467651,44,28.306411434744845,55.852195301984636,67.95450828154688
2025-02-04,0.4186631292104721,44,28.306411434744845,55.852195301984636,67.95450828154688,1.64454984664917,44,28.306411434744845,55.852195301984636,67.95450828154688
2025-02-05,0.493896022439003,44,28.306411434744845,55.852195301984636,67.95450828154688,2.0725640058517456,44,28.306411434744845,55.852195301984636,67.95450828154688
2025-02-06,0.5521740317344666,44,28.306411434744845,55.852195301984636,67.95450828154688,2.2823376655578613,44,28.306411434744845,55.852195301984636,67.95450828154688
2025-02-07,0.5287223160266876,44,28.306411434744845,55.852195301984636,67.95450828154688,2.166203498840332,44,28.306411434744845,55.852195301984636,67.95450828154688
2025-02-08,0.4718189686536789,44,28.306411434744845,55.852195301984636,67.95450828154688,1.9085274934768677,44,28.306411434744845,55.852195301984636,67.95450828154688
2025-02-09,0.4856457859277725,44,28.306411434744845,55.852195301984636,67.95450828154688,1.9652773141860962,44,28.306411434744845,55.852195301984636,67.95450828154688
2025-02-10,0.509563535451889,44,28.306411434744845,55.852195301984636,67.95450828154688,2.1609597206115723,44,28.306411434744845,55.852195301984636,67.95450828154688
2025-02-11,0.5301539599895477,44,28.306411434744845,55.852195301984636,67.95450828154688,2.3583089113235474,44,28.306411434744845,55.852195301984636,67.95450828154688
2025-02-12,0.5519344508647919,44,28.306411434744845,55.852195301984636,67.95450828154688,2.4861252307891846,44,28.306411434744845,55.852195301984636,67.95450828154688
2025-02-13,0.5157784223556519,44,28.306411434744845,55.852195301984636,67.95450828154688,2.22510826587677,44,28.306411434744845,55.852195301984636,67.95450828154688
2025-02-14,0.4985814690589905,44,28.306411434744845,55.852195301984636,67.95450828154688,2.1664652824401855,44,28.306411434744845,55.852195301984636,67.95450828154688
2025-02-15,0.49974341690540314,44,28.306411434744845,55.852195301984636,67.95450828154688,2.311966300010681,44,28.306411434744845,55.852195301984636,67.95450828154688
2025-02-16,0.5046450793743134,44,28.306411434744845,55.852195301984636,67.95450828154688,2.4482522010803223,44,28.306411434744845,55.852195301984636,67.95450828154688
2025-02-17,0.5031160116195679,44,28.306411434744845,55.852195301984636,67.95450828154688,2.5914297103881836,44,28.306411434744845,55.852195301984636,67.95450828154688
2025-02-18,0.48761245608329773,44,28.306411434744845,55.852195301984636,67.95450828154688,2.5841124057769775,44,28.306411434744845,55.852195301984636,67.95450828154688
2025-02-19,0.45627090334892273,44,28.306411434744845,55.852195301984636,67.95450828154688,2.4781737327575684,44,28.306411434744845,55.852195301984636,67.95450828154688
2025-02-20,0.4142928123474121,44,28.306411434744845,55.852195301984636,67.95450828154688,2.3635724782943726,44,28.306411434744845,55.852195301984636,67.95450828154688
2025-02-21,0.37663619220256805,44,28.306411434744845,55.852195301984636,67.95450828154688,2.228464722633362,44,28.306411434744845,55.852195301984636,67.95450828154688
2025-02-22,0.3614274114370346,44,28.306411434744845,55.852195301984636,67.95450828154688,2.119829297065735,44,28.306411434744845,55.852195301984636,67.95450828154688
2025-02-23,0.34513235092163086,44,28.306411434744845,55.852195301984636,67.95450828154688,2.070889115333557,44,28.306411434744845,55.852195301984636,67.95450828154688
2025-02-24,0.30641642212867737,44,28.306411434744845,55.852195301984636,67.95450828154688,1.9511241912841797,44,28.306411434744845,55.852195301984636,67.95450828154688
2025-02-25,0.3152431696653366,44,28.306411434744845,55.852195301984636,67.95450828154688,1.9170045852661133,44,28.306411434744845,55.852195301984636,67.95450828154688
2025-02-26,0.319118395447731,44,28.306411434744845,55.852195301984636,67.95450828154688,1.9072766304016113,44,28.306411434744845,55.852195301984636,67.95450828154688
2025-02-27,0.34232906997203827,44,28.306411434744845,55.852195301984636,67.95450828154688,1.9289349913597107,44,28.306411434744845,55.852195301984636,67.95450828154688
2025-02-28,0.36195702850818634,44,28.306411434744845,55.852195301984636,67.95450828154688,1.967574119567871,44,28.306411434744845,55.852195301984636,67.95450828154688
