date,requested_latitude,requested_longitude,era5_latitude,era5_longitude,t2m_mean_c,t2m_min_c,t2m_max_c,dewpoint_mean_c,precipitation_mm,wind_speed_mean_ms,wind_speed_max_ms,surface_pressure_mean_hpa,solar_radiation_mj_m2
2024-01-01,36.68110348873534,3.4773461625838635,36.75,3.5,12.33669,9.106842,15.006012,8.906138,5.9785843,2.4941475,3.4036407,1003.1281,3.3808641
2024-01-02,36.68110348873534,3.4773461625838635,36.75,3.5,13.06369,10.459137,17.485748,8.621368,0.3142357,2.5359364,3.1579907,1006.12274,9.9538555
2024-01-03,36.68110348873534,3.4773461625838635,36.75,3.5,14.494324,9.628082,20.811676,7.352173,0.0,3.079549,4.2449,1003.30646,10.354303
2024-01-04,36.68110348873534,3.4773461625838635,36.75,3.5,14.795512,10.219147,20.67276,7.80248,0.0,2.2891808,3.261651,999.7866,10.5399685
2024-01-05,36.68110348873534,3.4773461625838635,36.75,3.5,13.7187395,10.712311,16.697174,8.15509,5.0873756,4.8031535,8.7785,991.5755,5.5953918
2024-01-06,36.68110348873534,3.4773461625838635,36.75,3.5,12.267354,10.475739,13.696686,6.500692,12.8932,8.347176,10.206648,995.2225,7.938048
2024-01-07,36.68110348873534,3.4773461625838635,36.75,3.5,12.356557,11.074371,13.689606,3.5938313,1.9593239,7.3895736,9.449081,999.41473,8.765952
2024-01-08,36.68110348873534,3.4773461625838635,36.75,3.5,11.362854,8.306061,13.646637,3.3186035,0.44679642,4.913815,6.4747114,1001.2954,8.788928
2024-01-09,36.68110348873534,3.4773461625838635,36.75,3.5,10.686584,7.1959534,14.653229,4.763275,0.0,2.1670828,3.5741155,1003.30273,9.34976
2024-01-10,36.68110348873534,3.4773461625838635,36.75,3.5,11.990987,10.524811,13.717438,8.923076,2.7775764,3.3803742,5.0851355,1001.9699,3.6499841
2024-01-11,36.68110348873534,3.4773461625838635,36.75,3.5,11.562001,9.375397,12.815094,10.099701,7.7052116,3.007289,4.5582123,1001.9658,5.150464
2024-01-12,36.68110348873534,3.4773461625838635,36.75,3.5,11.034312,8.420807,13.5065,7.8268332,1.3360977,1.7018894,2.90786,1008.0578,7.814144
2024-01-13,36.68110348873534,3.4773461625838635,36.75,3.5,10.189229,6.281891,14.746246,6.027954,0.0,1.3994433,2.7329664,1008.79974,11.37728
2024-01-14,36.68110348873534,3.4773461625838635,36.75,3.5,14.123088,7.7516174,20.551666,7.0210266,0.0,3.5794246,4.841557,1003.0428,11.121728
2024-01-15,36.68110348873534,3.4773461625838635,36.75,3.5,16.850962,13.962311,20.117584,4.340505,0.0,5.23154,6.2931166,998.4389,11.079489
2024-01-16,36.68110348873534,3.4773461625838635,36.75,3.5,17.38327,14.411285,21.887604,6.2286477,0.0,3.5791569,4.951249,998.6038,11.148736
2024-01-17,36.68110348873534,3.4773461625838635,36.75,3.5,17.796457,12.850983,24.288483,6.3206887,0.0,4.307572,6.0681787,995.06366,11.319488
2024-01-18,36.68110348873534,3.4773461625838635,36.75,3.5,17.254507,13.720612,21.335358,10.652008,0.0,3.435276,5.138465,997.2214,9.152704
2024-01-19,36.68110348873534,3.4773461625838635,36.75,3.5,16.050283,13.321686,20.011871,9.53242,1.7166138,3.267216,5.433546,994.85547,5.219008
2024-01-20,36.68110348873534,3.4773461625838635,36.75,3.5,13.132182,11.169098,14.575592,10.804352,5.695343,4.042501,7.1876154,1003.6917,5.3500156
2024-01-21,36.68110348873534,3.4773461625838635,36.75,3.5,11.514424,9.426666,13.88736,6.4873557,0.58078766,2.6292307,3.7337065,1015.4087,10.711552
2024-01-22,36.68110348873534,3.4773461625838635,36.75,3.5,10.658905,6.648834,13.862946,4.6217346,0.0,1.0630871,1.878651,1018.264,12.214208
2024-01-23,36.68110348873534,3.4773461625838635,36.75,3.5,10.963593,6.0384827,16.290436,6.4688315,0.0,1.3852884,1.9811379,1019.2243,12.191551
2024-01-24,36.68110348873534,3.4773461625838635,36.75,3.5,12.806203,8.060699,18.14737,8.766418,0.0,1.2361187,1.9399257,1020.08734,12.010048
2024-01-25,36.68110348873534,3.4773461625838635,36.75,3.5,14.881206,8.425934,22.055084,10.158,0.0,1.8920879,2.8985143,1016.0538,12.536448
2024-01-26,36.68110348873534,3.4773461625838635,36.75,3.5,15.449422,9.034821,22.614655,10.682587,0.0,1.8577482,2.3464568,1013.47363,12.759616
2024-01-27,36.68110348873534,3.4773461625838635,36.75,3.5,14.95105,9.6961975,21.644196,10.610097,0.0,2.147609,3.4857728,1011.9743,12.965504
2024-01-28,36.68110348873534,3.4773461625838635,36.75,3.5,14.594411,9.43692,20.66983,11.039418,0.0,2.3247392,3.442155,1010.33466,13.149569
2024-01-29,36.68110348873534,3.4773461625838635,36.75,3.5,14.741771,10.995026,20.605377,10.612905,0.0,2.1453602,3.2510808,1010.7696,12.918079
2024-01-30,36.68110348873534,3.4773461625838635,36.75,3.5,13.36026,10.354401,16.89859,11.062398,0.010967255,1.8212696,2.7196205,1013.2658,11.601919
2024-01-31,36.68110348873534,3.4773461625838635,36.75,3.5,12.7326355,9.367828,16.359528,10.370351,0.021457672,1.742848,3.7593155,1015.6135,11.807295
2024-02-01,36.68110348873534,3.4773461625838635,36.75,3.5,11.656016,9.398834,14.062897,9.380656,0.33330917,1.6676588,3.4571693,1015.8433,8.991168
2024-02-02,36.68110348873534,3.4773461625838635,36.75,3.5,11.651896,7.542633,15.433746,8.567932,0.40245056,1.6116129,3.0285733,1014.2469,12.388736
2024-02-03,36.68110348873534,3.4773461625838635,36.75,3.5,12.6214905,9.215973,16.39981,9.356059,0.24318695,1.796978,3.316138,1015.0336,10.8780155
2024-02-04,36.68110348873534,3.4773461625838635,36.75,3.5,12.513763,7.837555,18.171295,8.3879595,0.0,1.8505231,2.750478,1014.28076,14.186688
2024-02-05,36.68110348873534,3.4773461625838635,36.75,3.5,13.84021,8.5121155,20.59317,8.455129,0.0,2.363014,3.4763606,1012.47394,14.457983
2024-02-06,36.68110348873534,3.4773461625838635,36.75,3.5,14.656474,10.475494,19.634674,5.830149,0.0,3.3121073,4.6539755,1008.37225,12.796544
2024-02-07,36.68110348873534,3.4773461625838635,36.75,3.5,14.024292,10.097076,18.845856,8.057719,0.0,3.8765392,6.454896,1005.967,14.091264
2024-02-08,36.68110348873534,3.4773461625838635,36.75,3.5,14.448517,10.034821,20.756256,5.374105,0.0,2.853886,4.024134,999.73944,14.231232
2024-02-09,36.68110348873534,3.4773461625838635,36.75,3.5,17.389719,12.971588,20.262115,3.936432,0.5750656,4.9756775,6.3684235,986.5298,4.41056
2024-02-10,36.68110348873534,3.4773461625838635,36.75,3.5,15.667827,13.377838,16.353668,9.395142,5.0907135,7.629354,10.768507,982.53827,10.889343
2024-02-11,36.68110348873534,3.4773461625838635,36.75,3.5,13.546041,10.789215,15.531403,6.8689675,3.7631989,6.049689,8.55919,993.91724,11.906752
2024-02-12,36.68110348873534,3.4773461625838635,36.75,3.5,15.81014,12.014069,19.214264,13.096222,5.862236,5.761421,8.083005,996.8763,6.7491198
2024-02-13,36.68110348873534,3.4773461625838635,36.75,3.5,16.065054,12.100494,19.213043,13.140778,0.04005432,2.9594724,4.545135,1005.79425,14.372543
2024-02-14,36.68110348873534,3.4773461625838635,36.75,3.5,14.39561,9.203522,19.834137,10.839742,0.0,2.27161,3.8149757,1007.77167,15.55488
2024-02-15,36.68110348873534,3.4773461625838635,36.75,3.5,18.2423,13.022614,23.405426,9.878774,0.0,3.2478087,4.241455,1000.7054,13.720576
2024-02-16,36.68110348873534,3.4773461625838635,36.75,3.5,15.071492,14.052155,16.807037,12.23821,5.760193,4.057083,6.3418617,1002.04364,10.959105
2024-02-17,36.68110348873534,3.4773461625838635,36.75,3.5,14.029826,13.551666,14.584137,12.711497,25.153637,4.7533345,6.7812867,1006.8789,3.376192
2024-02-18,36.68110348873534,3.4773461625838635,36.75,3.5,14.804637,12.216949,17.544586,13.0112915,0.6713867,1.8132099,3.4552965,1014.5928,12.550655
2024-02-19,36.68110348873534,3.4773461625838635,36.75,3.5,13.5130415,11.23941,16.00821,11.366139,0.05865097,1.5240002,3.303635,1013.77313,10.77952
2024-02-20,36.68110348873534,3.4773461625838635,36.75,3.5,13.378856,10.178375,17.144684,10.485219,0.3681183,2.0381393,4.419944,1010.7234,15.617089
2024-02-21,36.68110348873534,3.4773461625838635,36.75,3.5,13.411977,10.929108,16.888092,9.002899,0.11920929,1.9319118,2.8866026,1009.55597,14.7763195
2024-02-22,36.68110348873534,3.4773461625838635,36.75,3.5,16.052713,10.96402,22.213531,9.001607,0.0,3.011113,3.9039981,1000.0009,16.23059
2024-02-23,36.68110348873534,3.4773461625838635,36.75,3.5,14.180237,10.695709,16.740387,7.8391623,7.647991,5.293238,7.2760506,994.2752,7.20672
2024-02-24,36.68110348873534,3.4773461625838635,36.75,3.5,10.643433,9.582184,11.825592,6.8511558,13.174534,5.0400877,8.159857,996.1628,10.265408
2024-02-25,36.68110348873534,3.4773461625838635,36.75,3.5,13.113109,9.06192,16.992096,7.3321533,0.027179718,4.830109,6.8419585,999.27814,13.241856
2024-02-26,36.68110348873534,3.4773461625838635,36.75,3.5,15.067078,11.355621,17.968903,9.315236,4.456997,6.282038,8.414469,990.3411,10.17856
2024-02-27,36.68110348873534,3.4773461625838635,36.75,3.5,10.6900835,9.57608,12.145905,8.274017,21.169186,5.6242175,7.584919,992.3206,12.108225
2024-02-28,36.68110348873534,3.4773461625838635,36.75,3.5,10.440521,9.582184,11.23941,8.808533,32.483578,5.410685,7.5117936,997.5781,7.453696
2024-02-29,36.68110348873534,3.4773461625838635,36.75,3.5,13.2049055,10.981598,15.904694,9.007579,14.95266,6.3454037,8.453342,997.2461,13.61632
2024-03-01,36.68110348873534,3.4773461625838635,36.75,3.5,12.172618,8.026276,14.535309,6.802429,2.7246475,5.9921246,10.07783,998.28534,12.749696
2024-03-02,36.68110348873534,3.4773461625838635,36.75,3.5,12.511647,7.1593323,18.25064,6.679586,0.0,2.8087213,3.5723205,996.0599,18.866558
2024-03-03,36.68110348873534,3.4773461625838635,36.75,3.5,12.479665,10.415924,14.248444,5.7285056,7.5559616,6.3244004,8.051148,993.7586,11.950464
2024-03-04,36.68110348873534,3.4773461625838635,36.75,3.5,13.16093,10.596344,16.286285,7.865275,1.2636185,5.6466866,8.247451,1000.87823,14.103681
2024-03-05,36.68110348873534,3.4773461625838635,36.75,3.5,14.087789,9.4305725,17.450104,10.286336,0.44870377,3.3857718,6.017198,1005.11346,15.413185
2024-03-06,36.68110348873534,3.4773461625838635,36.75,3.5,12.612407,7.847809,17.978912,8.977142,0.0038146973,2.497358,4.3684497,1004.53467,18.673025
2024-03-07,36.68110348873534,3.4773461625838635,36.75,3.5,15.795064,9.69278,21.521637,9.860474,0.0,2.6387577,4.2543716,996.1097,17.177664
2024-03-08,36.68110348873534,3.4773461625838635,36.75,3.5,14.175751,10.010895,18.203522,9.625671,3.0970573,3.7860892,6.0031524,995.28656,8.85248
2024-03-09,36.68110348873534,3.4773461625838635,36.75,3.5,14.804016,8.703766,21.72525,8.421498,1.1587143,3.8531435,7.6002536,988.6692,19.177471
2024-03-10,36.68110348873534,3.4773461625838635,36.75,3.5,14.427531,11.492584,16.893951,8.176758,4.975319,6.209018,8.306394,989.73364,18.012735
2024-03-11,36.68110348873534,3.4773461625838635,36.75,3.5,14.480316,11.87027,16.644196,9.237091,3.0407906,5.9986596,7.4745646,999.50616,16.255232
2024-03-12,36.68110348873534,3.4773461625838635,36.75,3.5,13.759044,9.573883,17.898834,8.995809,0.005722046,2.3405368,3.0175025,1005.3343,19.601025
2024-03-13,36.68110348873534,3.4773461625838635,36.75,3.5,13.955852,8.736725,19.716705,9.794423,0.0,2.8580437,4.8861027,1000.74384,20.927807
2024-03-14,36.68110348873534,3.4773461625838635,36.75,3.5,14.023427,10.000397,18.134674,10.777832,0.00333786,1.8893343,3.5828242,1001.8215,19.552704
2024-03-15,36.68110348873534,3.4773461625838635,36.75,3.5,14.546641,9.222809,19.809723,11.13329,0.0052452087,2.1105301,2.9237401,1004.4119,20.599169
2024-03-16,36.68110348873534,3.4773461625838635,36.75,3.5,15.696055,11.61319,20.08902,12.052754,0.0,1.8697696,2.5767825,1008.0381,20.799616
2024-03-17,36.68110348873534,3.4773461625838635,36.75,3.5,16.85906,10.638824,23.1044,11.5051775,0.0,2.088909,3.5062296,1005.9799,21.27917
2024-03-18,36.68110348873534,3.4773461625838635,36.75,3.5,17.947104,13.580963,23.990387,10.783061,0.0,2.9023125,4.4317656,1000.69464,19.939327
2024-03-19,36.68110348873534,3.4773461625838635,36.75,3.5,16.632364,12.662018,20.417877,13.211141,0.0,1.4949409,2.93665,999.91144,16.227455
2024-03-20,36.68110348873534,3.4773461625838635,36.75,3.5,19.030172,12.426666,25.895905,12.971974,0.0,2.969467,4.32907,997.97284,21.10675
2024-03-21,36.68110348873534,3.4773461625838635,36.75,3.5,20.589111,16.19571,25.372711,12.289418,0.0,3.244687,4.26896,1001.5266,20.341185
2024-03-22,36.68110348873534,3.4773461625838635,36.75,3.5,18.225525,14.283112,23.847565,13.331014,0.00047683716,2.9054813,5.183238,1000.6434,21.025793
2024-03-23,36.68110348873534,3.4773461625838635,36.75,3.5,17.054382,11.913483,22.176422,12.169148,0.0,2.9831562,4.806476,999.5855,22.571074
2024-03-24,36.68110348873534,3.4773461625838635,36.75,3.5,19.099457,14.774078,23.79898,12.512604,0.3824234,3.1317728,4.4935403,994.9704,18.126272
2024-03-25,36.68110348873534,3.4773461625838635,36.75,3.5,19.117401,14.583405,24.879547,11.869415,0.121593475,3.8630593,6.5688753,984.91473,20.780354
2024-03-26,36.68110348873534,3.4773461625838635,36.75,3.5,15.186279,10.656403,20.510895,10.3689575,4.312992,5.37102,9.559902,981.83527,18.527935
2024-03-27,36.68110348873534,3.4773461625838635,36.75,3.5,14.97467,11.422028,18.430084,7.6590476,1.1854172,7.643145,11.42102,988.4687,19.314625
2024-03-28,36.68110348873534,3.4773461625838635,36.75,3.5,18.428995,14.584869,24.322418,7.8204246,0.0,3.8682292,5.1664,992.75757,23.394302
2024-03-29,36.68110348873534,3.4773461625838635,36.75,3.5,22.143179,16.08316,26.928375,0.6792908,0.0,6.097117,8.324959,986.791,24.057663
2024-03-30,36.68110348873534,3.4773461625838635,36.75,3.5,16.681253,14.344635,20.609772,8.600545,0.0,3.0952873,5.2928104,986.4084,17.304
2024-03-31,36.68110348873534,3.4773461625838635,36.75,3.5,20.25173,16.029938,28.019196,10.437602,0.0,3.5522082,5.357096,987.9119,21.64915
2024-04-01,36.68110348873534,3.4773461625838635,36.75,3.5,16.03591,12.108551,18.522125,9.752034,0.187397,4.5371327,6.917699,999.1362,18.683584
2024-04-02,36.68110348873534,3.4773461625838635,36.75,3.5,15.425984,10.090485,20.283112,9.464274,0.0,2.331715,4.815446,1003.46515,24.043839
2024-04-03,36.68110348873534,3.4773461625838635,36.75,3.5,16.465017,12.287994,20.89566,10.4033,0.0,2.13017,3.3605258,1003.26605,24.456638
2024-04-04,36.68110348873534,3.4773461625838635,36.75,3.5,16.408163,10.459137,22.007965,11.010671,0.0,2.0853868,3.7641568,1003.5185,24.972672
2024-04-05,36.68110348873534,3.4773461625838635,36.75,3.5,21.379354,13.615387,28.566315,9.834117,0.0,2.99164,4.1542697,1001.76434,25.178303
2024-04-06,36.68110348873534,3.4773461625838635,36.75,3.5,25.148071,20.10733,30.60904,6.9821877,0.0,4.2742987,5.975408,1000.8449,25.315071
2024-04-07,36.68110348873534,3.4773461625838635,36.75,3.5,26.47695,21.780426,30.940826,6.3143616,0.0,4.4339075,6.106827,998.52905,24.306303
2024-04-08,36.68110348873534,3.4773461625838635,36.75,3.5,22.717936,17.11026,26.496246,10.602885,0.011444092,3.1992626,5.607817,996.3127,22.18368
2024-04-09,36.68110348873534,3.4773461625838635,36.75,3.5,16.796621,12.738434,18.969635,10.532979,1.3108253,3.9214637,5.9416428,1005.8747,19.534977
2024-04-10,36.68110348873534,3.4773461625838635,36.75,3.5,14.560924,10.349518,18.684723,8.023743,0.0019073486,2.2815526,4.531826,1010.2949,24.366913
2024-04-11,36.68110348873534,3.4773461625838635,36.75,3.5,12.661916,10.390289,15.6527405,8.90684,22.619724,3.3033886,7.603114,1009.83575,16.04384
2024-04-12,36.68110348873534,3.4773461625838635,36.75,3.5,14.541412,11.432037,17.565582,10.639659,1.1219978,2.468281,5.1790514,1011.1719,20.628353
2024-04-13,36.68110348873534,3.4773461625838635,36.75,3.5,15.275502,11.676666,18.407623,11.873352,1.1906624,2.2739592,4.5966206,1008.9771,23.664959
2024-04-14,36.68110348873534,3.4773461625838635,36.75,3.5,16.829172,14.33609,20.264313,13.835225,0.08869171,2.8814497,5.454338,1005.0778,25.237503
2024-04-15,36.68110348873534,3.4773461625838635,36.75,3.5,17.133322,13.9947815,20.020905,13.975159,0.1449585,2.0758398,4.639795,1001.1035,24.801472
2024-04-16,36.68110348873534,3.4773461625838635,36.75,3.5,17.74533,13.825104,22.21402,12.332947,0.0071525574,1.7893167,3.235361,998.6862,25.685312
2024-04-17,36.68110348873534,3.4773461625838635,36.75,3.5,17.203491,13.131989,21.421783,12.269765,0.0,3.3234336,6.137986,996.93585,26.000576
2024-04-18,36.68110348873534,3.4773461625838635,36.75,3.5,16.350525,12.44278,20.384186,11.051036,0.00047683716,3.3992748,4.3912373,998.1282,25.961664
2024-04-19,36.68110348873534,3.4773461625838635,36.75,3.5,14.797546,10.587799,17.464508,7.324473,0.094890594,4.5194964,5.643893,1003.507,25.855423
2024-04-20,36.68110348873534,3.4773461625838635,36.75,3.5,15.739166,9.738678,21.032867,8.619426,0.0,4.477539,6.9581294,997.2647,23.025984
2024-04-21,36.68110348873534,3.4773461625838635,36.75,3.5,15.757863,13.131744,18.571198,7.7294006,0.0,4.2898445,5.1605253,997.3306,26.067135
2024-04-22,36.68110348873534,3.4773461625838635,36.75,3.5,15.105245,11.79776,18.499908,9.004262,0.18692017,3.889428,5.583397,996.9167,26.708736
2024-04-23,36.68110348873534,3.4773461625838635,36.75,3.5,14.74057,11.656891,17.718903,8.892863,0.8444786,2.7620442,3.8080995,997.81006,21.88544
2024-04-24,36.68110348873534,3.4773461625838635,36.75,3.5,13.950276,9.981354,17.743805,6.917979,0.9179115,1.9178196,3.3758998,999.86115,25.770496
2024-04-25,36.68110348873534,3.4773461625838635,36.75,3.5,15.637797,9.612946,21.650543,8.102345,0.0,2.16408,5.060175,993.3689,26.53357
2024-04-26,36.68110348873534,3.4773461625838635,36.75,3.5,17.784689,12.954742,22.212555,10.189484,0.0,2.2754352,4.2979937,991.30975,27.032896
2024-04-27,36.68110348873534,3.4773461625838635,36.75,3.5,18.320312,13.505768,25.08902,11.180919,0.0,2.7963264,5.52766,990.01825,26.310593
2024-04-28,36.68110348873534,3.4773461625838635,36.75,3.5,17.0654,13.212311,20.909576,12.731812,0.021457672,2.7734401,5.9506865,994.26385,24.585472
2024-04-29,36.68110348873534,3.4773461625838635,36.75,3.5,16.014994,14.542145,18.57193,13.7977705,2.878666,3.5753224,6.0700545,996.50714,14.16704
2024-04-30,36.68110348873534,3.4773461625838635,36.75,3.5,14.291301,13.022614,15.139069,12.593475,16.64257,4.340871,5.175812,997.37335,5.205376
2024-05-01,36.68110348873534,3.4773461625838635,36.75,3.5,17.21586,12.436188,21.247955,10.9574175,1.5573502,5.3192086,6.8718033,995.8538,24.446209
2024-05-02,36.68110348873534,3.4773461625838635,36.75,3.5,16.452932,12.762604,19.67984,8.649312,0.32663345,4.126812,6.473018,1000.7527,23.68544
2024-05-03,36.68110348873534,3.4773461625838635,36.75,3.5,16.32194,11.1214905,20.706451,8.566406,0.0,1.468907,3.5739338,1002.98615,28.33741
2024-05-04,36.68110348873534,3.4773461625838635,36.75,3.5,17.80835,11.351959,23.454987,10.307861,0.0,1.7198839,2.8658798,1001.3046,28.269634
2024-05-05,36.68110348873534,3.4773461625838635,36.75,3.5,19.56301,13.33316,24.979889,10.660573,0.0,2.0093417,3.4299445,998.17267,28.224064
2024-05-06,36.68110348873534,3.4773461625838635,36.75,3.5,20.222483,14.942047,24.847565,12.683696,0.0,1.832161,3.681304,995.95703,19.072384
2024-05-07,36.68110348873534,3.4773461625838635,36.75,3.5,19.45701,16.777008,22.604889,15.018158,0.7343292,2.513567,4.8644185,999.6687,24.195967
2024-05-08,36.68110348873534,3.4773461625838635,36.75,3.5,17.501638,14.538483,20.398834,12.30368,0.9021759,2.2946503,3.9387996,1003.14667,25.652544
2024-05-09,36.68110348873534,3.4773461625838635,36.75,3.5,17.499685,13.671051,21.245514,11.897197,0.5197525,2.2980156,3.6357224,1002.90753,24.356094
2024-05-10,36.68110348873534,3.4773461625838635,36.75,3.5,18.403433,12.563385,23.798004,11.585541,0.0,3.464096,6.084843,1000.44824,28.720512
2024-05-11,36.68110348873534,3.4773461625838635,36.75,3.5,20.002808,13.8871155,26.180328,12.934316,0.0,3.2189782,5.6474433,998.92755,28.358208
2024-05-12,36.68110348873534,3.4773461625838635,36.75,3.5,22.652842,16.284088,29.523102,14.079071,0.11634827,2.5096924,5.356597,997.06757,25.732544
2024-05-13,36.68110348873534,3.4773461625838635,36.75,3.5,20.9145,17.31778,24.977936,16.395731,0.44584274,2.4000306,3.856701,995.38666,24.523071
2024-05-14,36.68110348873534,3.4773461625838635,36.75,3.5,21.516968,16.68277,26.929596,14.355763,0.0,2.2958472,4.5511565,990.6797,27.889729
2024-05-15,36.68110348873534,3.4773461625838635,36.75,3.5,20.174622,15.72818,24.582672,12.920868,0.0,2.894888,5.821968,991.07465,28.262657
2024-05-16,36.68110348873534,3.4773461625838635,36.75,3.5,19.195353,14.223053,23.475494,11.413686,0.0,2.6618214,4.648271,993.59326,28.472193
2024-05-17,36.68110348873534,3.4773461625838635,36.75,3.5,19.856516,14.74942,24.409332,11.592326,0.0,2.2828143,4.249643,993.9942,28.47072
2024-05-18,36.68110348873534,3.4773461625838635,36.75,3.5,19.839722,15.5589905,23.23526,12.250183,0.1001358,2.0143566,4.0090065,994.09424,25.833408
2024-05-19,36.68110348873534,3.4773461625838635,36.75,3.5,19.988993,16.578033,23.926422,14.3003435,0.11110306,2.0418198,4.0338554,993.4199,27.189568
2024-05-20,36.68110348873534,3.4773461625838635,36.75,3.5,18.67985,16.022614,23.203522,14.016826,1.9721985,3.2560139,5.608705,995.09344,19.742783
2024-05-21,36.68110348873534,3.4773461625838635,36.75,3.5,19.95105,14.747711,25.125885,11.09257,0.0,2.523555,4.5309496,999.1092,29.125055
2024-05-22,36.68110348873534,3.4773461625838635,36.75,3.5,20.099264,15.275787,24.729156,12.2526655,0.0,2.0943475,4.1312685,1000.55566,29.114368
2024-05-23,36.68110348873534,3.4773461625838635,36.75,3.5,20.969198,15.885895,25.141022,14.062836,0.06771088,3.38307,6.0037775,998.25336,24.814848
2024-05-24,36.68110348873534,3.4773461625838635,36.75,3.5,24.700195,20.437408,30.19693,14.07019,0.24318695,3.131606,5.81923,996.2039,21.435265
2024-05-25,36.68110348873534,3.4773461625838635,36.75,3.5,22.294891,18.370026,26.192535,17.087912,0.0,2.8011532,3.7215052,999.57526,28.206528
2024-05-26,36.68110348873534,3.4773461625838635,36.75,3.5,24.577393,16.575104,31.460602,12.193889,0.0,2.4701293,4.90715,999.26514,27.717247
2024-05-27,36.68110348873534,3.4773461625838635,36.75,3.5,25.14862,19.778473,31.278229,14.681294,0.0,2.918646,5.4361305,997.7508,28.181438
2024-05-28,36.68110348873534,3.4773461625838635,36.75,3.5,22.40924,18.865387,25.76773,18.473562,0.024795532,3.3967555,5.284484,1000.2829,26.046015
2024-05-29,36.68110348873534,3.4773461625838635,36.75,3.5,22.577728,17.947906,27.622711,14.663472,0.0,3.2983475,4.9554486,999.4385,29.049599
2024-05-30,36.68110348873534,3.4773461625838635,36.75,3.5,25.12214,17.125397,31.569977,12.054738,0.0,2.8530376,5.0741878,993.76434,29.26688
2024-05-31,36.68110348873534,3.4773461625838635,36.75,3.5,22.61852,19.16275,26.00357,15.981069,0.00047683716,5.5812583,8.299869,993.38574,27.734337
2024-06-01,36.68110348873534,3.4773461625838635,36.75,3.5,21.595175,18.909088,25.22696,15.844707,0.039577484,5.6764507,7.513277,996.22345,25.181953
2024-06-02,36.68110348873534,3.4773461625838635,36.75,3.5,20.930777,17.780426,23.958405,14.784495,0.010967255,5.474396,6.9430695,999.21796,25.771776
2024-06-03,36.68110348873534,3.4773461625838635,36.75,3.5,20.775858,16.738922,25.050934,14.08252,0.0,4.598001,6.445631,998.88055,28.789505
2024-06-04,36.68110348873534,3.4773461625838635,36.75,3.5,21.427622,17.021149,26.210846,14.812123,0.0,3.6663768,5.4405894,997.5462,27.444607
2024-06-05,36.68110348873534,3.4773461625838635,36.75,3.5,23.105722,16.518707,29.028229,11.987224,0.0,2.784848,4.4374804,999.3714,29.574017
2024-06-06,36.68110348873534,3.4773461625838635,36.75,3.5,26.39866,18.36612,33.326324,13.466472,0.0,3.1189644,5.415111,997.9677,28.56704
2024-06-07,36.68110348873534,3.4773461625838635,36.75,3.5,31.08544,23.010162,37.075104,13.510173,0.3170967,3.9066784,7.5556035,995.72003,27.317888
2024-06-08,36.68110348873534,3.4773461625838635,36.75,3.5,26.225098,22.391022,32.701813,14.5731,0.0,3.471948,6.277553,993.5862,22.77088
2024-06-09,36.68110348873534,3.4773461625838635,36.75,3.5,23.984476,19.579498,27.525055,13.053986,0.0,4.2556596,7.0523334,993.73175,28.948927
2024-06-10,36.68110348873534,3.4773461625838635,36.75,3.5,23.019867,18.428131,27.199127,13.173442,0.020980835,2.1906364,4.2285504,994.8143,27.64621
2024-06-11,36.68110348873534,3.4773461625838635,36.75,3.5,22.491568,20.096588,25.339264,16.12562,0.10204315,2.498649,4.152791,996.58887,25.33888
2024-06-12,36.68110348873534,3.4773461625838635,36.75,3.5,22.372171,18.73233,25.99649,17.363098,0.005722046,2.6638231,4.5035076,999.4863,26.278145
2024-06-13,36.68110348873534,3.4773461625838635,36.75,3.5,22.83725,18.201813,27.171295,15.91864,0.011920929,2.4286888,3.9759939,1002.8309,28.57728
2024-06-14,36.68110348873534,3.4773461625838635,36.75,3.5,27.50884,18.403717,34.089752,13.499054,0.0,3.4868107,6.438492,997.25323,28.577473
2024-06-15,36.68110348873534,3.4773461625838635,36.75,3.5,27.186136,23.451324,30.717438,15.233826,0.084877014,3.1801236,6.173547,995.9388,22.03168
2024-06-16,36.68110348873534,3.4773461625838635,36.75,3.5,25.752878,22.014801,29.924957,17.153208,1.6293526,2.0177727,4.068768,996.4428,28.199486
2024-06-17,36.68110348873534,3.4773461625838635,36.75,3.5,25.682535,21.172028,30.4086,18.45878,0.022411346,2.1516392,5.063749,994.4028,27.57888
2024-06-18,36.68110348873534,3.4773461625838635,36.75,3.5,25.239023,22.804596,30.174713,20.691446,0.0019073486,2.7462037,5.6903253,994.76105,24.15981
2024-06-19,36.68110348873534,3.4773461625838635,36.75,3.5,24.430552,21.940094,28.215485,16.816477,0.02193451,2.4402401,5.3884645,997.45966,24.275967
2024-06-20,36.68110348873534,3.4773461625838635,36.75,3.5,23.49826,20.189606,26.520416,13.606232,0.0,2.802121,5.04706,1000.24457,28.461632
2024-06-21,36.68110348873534,3.4773461625838635,36.75,3.5,22.863312,18.102203,26.713531,14.013804,0.0,2.4832757,4.1172333,1002.5943,29.22752
2024-06-22,36.68110348873534,3.4773461625838635,36.75,3.5,23.40513,18.345367,27.411774,15.947337,0.0,2.319088,4.5671844,1001.6086,29.233406
2024-06-23,36.68110348873534,3.4773461625838635,36.75,3.5,23.529593,18.904938,27.50772,16.205017,0.0047683716,3.1107159,4.977382,997.72363,25.411137
2024-06-24,36.68110348873534,3.4773461625838635,36.75,3.5,23.440125,19.642242,26.800446,16.257456,0.0,4.490589,6.1674633,996.1279,28.412289
2024-06-25,36.68110348873534,3.4773461625838635,36.75,3.5,23.779306,18.605377,28.238434,15.288055,0.0,3.1645317,4.784527,994.9004,29.13952
2024-06-26,36.68110348873534,3.4773461625838635,36.75,3.5,27.202667,20.807281,32.62271,16.976776,0.0,5.0348587,8.377139,991.0513,28.037762
2024-06-27,36.68110348873534,3.4773461625838635,36.75,3.5,25.717773,22.418365,28.098053,20.21993,0.0,2.9141762,4.742528,992.77216,28.705727
2024-06-28,36.68110348873534,3.4773461625838635,36.75,3.5,23.998495,20.886627,27.32193,20.081076,0.035762787,2.6683834,4.5119295,996.85724,22.146816
2024-06-29,36.68110348873534,3.4773461625838635,36.75,3.5,25.147482,21.874176,29.218658,16.10727,0.0,2.8815012,5.430881,998.9077,27.675968
2024-06-30,36.68110348873534,3.4773461625838635,36.75,3.5,24.690256,20.883942,28.65689,16.043833,0.0,2.3612616,4.7695093,997.03827,28.343935
2024-07-01,36.68110348873534,3.4773461625838635,36.75,3.5,24.575775,21.459625,28.020905,18.727875,0.14543533,3.268282,5.2017956,998.96405,27.082432
2024-07-02,36.68110348873534,3.4773461625838635,36.75,3.5,24.528086,20.859772,28.075836,17.768911,0.53596497,2.1195974,3.8277946,1000.02246,27.841599
2024-07-03,36.68110348873534,3.4773461625838635,36.75,3.5,25.369802,20.021393,29.966705,15.954427,0.0,1.8024468,3.7400868,997.2703,28.63104
2024-07-04,36.68110348873534,3.4773461625838635,36.75,3.5,25.944885,20.039703,31.092194,13.798696,0.0,3.2630641,5.5102286,997.15814,29.342209
2024-07-05,36.68110348873534,3.4773461625838635,36.75,3.5,27.856873,21.387115,35.48355,15.604146,0.0,4.685735,7.3850346,993.0433,28.833536
2024-07-06,36.68110348873534,3.4773461625838635,36.75,3.5,25.694702,23.108063,27.898346,19.274313,0.0,4.2783957,7.744139,992.46954,27.630081
2024-07-07,36.68110348873534,3.4773461625838635,36.75,3.5,25.21815,21.371002,28.416412,18.410828,0.0,2.572005,4.3101,995.45636,28.302528
2024-07-08,36.68110348873534,3.4773461625838635,36.75,3.5,24.820343,21.898346,27.298492,21.16506,0.08440018,2.7587764,4.4344044,996.80743,24.778114
2024-07-09,36.68110348873534,3.4773461625838635,36.75,3.5,25.818716,22.493317,28.62027,22.011179,0.0,2.4023435,4.248665,997.3553,26.77248
2024-07-10,36.68110348873534,3.4773461625838635,36.75,3.5,25.803812,22.7294,29.570465,21.647919,0.04673004,2.5377986,3.9821818,1000.1678,25.885952
2024-07-11,36.68110348873534,3.4773461625838635,36.75,3.5,27.409128,21.980621,32.85074,20.825998,0.0,1.9259081,3.3120854,998.7402,28.032703
2024-07-12,36.68110348873534,3.4773461625838635,36.75,3.5,27.684458,22.892975,32.02481,20.003876,0.0009536743,1.892131,3.4181447,995.7075,27.65792
2024-07-13,36.68110348873534,3.4773461625838635,36.75,3.5,27.906576,23.059723,32.514557,19.334848,0.0,2.4560492,4.1775737,994.10626,28.094656
2024-07-14,36.68110348873534,3.4773461625838635,36.75,3.5,27.466818,23.249664,31.565826,20.022299,0.0,1.7461153,3.731766,995.9987,27.830208
2024-07-15,36.68110348873534,3.4773461625838635,36.75,3.5,27.850962,22.338287,33.04483,18.861654,0.0,1.4312357,3.0814717,996.7796,28.375874
2024-07-16,36.68110348873534,3.4773461625838635,36.75,3.5,28.151297,23.37613,32.3273,16.630941,0.0,2.201064,4.220115,997.50323,28.153408
2024-07-17,36.68110348873534,3.4773461625838635,36.75,3.5,27.791239,24.194489,31.662262,21.334198,0.012397766,3.5847561,5.5110364,997.7627,26.516544
2024-07-18,36.68110348873534,3.4773461625838635,36.75,3.5,28.315247,24.407867,32.363922,22.476461,0.0014305115,2.591801,4.7467465,998.81476,27.128574
2024-07-19,36.68110348873534,3.4773461625838635,36.75,3.5,28.330261,25.009918,32.20987,22.638693,0.0,2.0574,3.644587,999.13495,26.720062
2024-07-20,36.68110348873534,3.4773461625838635,36.75,3.5,29.651001,23.46109,35.59854,19.585672,0.0,1.6974002,3.4141953,994.5,27.987778
2024-07-21,36.68110348873534,3.4773461625838635,36.75,3.5,29.68451,25.194977,35.21231,19.590027,0.018119812,3.495734,7.048529,993.7546,27.301311
2024-07-22,36.68110348873534,3.4773461625838635,36.75,3.5,26.950226,23.515045,30.467194,19.298056,0.09775162,3.920782,5.4652376,1000.4904,27.574593
2024-07-23,36.68110348873534,3.4773461625838635,36.75,3.5,26.80719,21.637604,31.209381,16.684998,0.0,3.4195058,5.4260736,1002.27435,28.174911
2024-07-24,36.68110348873534,3.4773461625838635,36.75,3.5,27.90626,22.518463,33.399323,15.659139,0.0,2.848362,4.706824,999.61115,28.189695
2024-07-25,36.68110348873534,3.4773461625838635,36.75,3.5,28.964743,22.70816,35.41617,16.54014,0.0,2.7235057,4.7456,994.0815,26.090689
2024-07-26,36.68110348873534,3.4773461625838635,36.75,3.5,28.735474,23.504059,34.938873,19.124472,0.0,3.435529,5.756477,992.7578,25.218815
2024-07-27,36.68110348873534,3.4773461625838635,36.75,3.5,29.389221,24.424469,33.65396,19.335836,0.0,2.4310164,5.083484,994.4069,26.091969
2024-07-28,36.68110348873534,3.4773461625838635,36.75,3.5,31.359854,26.243317,36.90738,16.00347,0.002861023,2.8286068,4.061036,996.3296,25.657856
2024-07-29,36.68110348873534,3.4773461625838635,36.75,3.5,30.564362,25.697418,36.125397,16.936514,0.0,3.683635,5.824389,997.42194,27.340862
2024-07-30,36.68110348873534,3.4773461625838635,36.75,3.5,30.908966,23.884918,37.50186,15.622365,0.0,3.7551148,6.339428,996.56866,27.831104
2024-07-31,36.68110348873534,3.4773461625838635,36.75,3.5,31.477518,25.724518,38.45865,16.986694,0.0,2.2907908,3.8376787,995.33295,27.501888
2024-08-01,36.68110348873534,3.4773461625838635,36.75,3.5,30.48112,25.602692,36.369293,20.12381,0.0,2.0634758,4.998104,995.1116,26.67488
2024-08-02,36.68110348873534,3.4773461625838635,36.75,3.5,29.816437,25.868805,34.726715,20.468363,0.0,1.8917056,3.191504,993.38837,21.402817
2024-08-03,36.68110348873534,3.4773461625838635,36.75,3.5,27.985819,24.372711,31.523346,21.958344,0.08058548,3.0266142,4.642702,995.97485,25.801344
2024-08-04,36.68110348873534,3.4773461625838635,36.75,3.5,28.11145,23.506989,32.37906,19.477621,0.0,3.3472655,5.4395347,996.8083,27.163776
2024-08-05,36.68110348873534,3.4773461625838635,36.75,3.5,28.325918,22.323883,33.67154,16.672037,0.0,2.8722382,4.9928794,995.41504,27.666561
2024-08-06,36.68110348873534,3.4773461625838635,36.75,3.5,29.853851,23.061432,35.951813,14.671295,0.0,2.7953417,5.0254235,993.5843,26.928257
2024-08-07,36.68110348873534,3.4773461625838635,36.75,3.5,32.13148,25.084381,38.596344,14.186035,0.0,3.6623917,6.909661,992.24445,26.30048
2024-08-08,36.68110348873534,3.4773461625838635,36.75,3.5,30.137726,26.86612,34.519928,21.369455,0.0,2.1496718,3.7734787,994.82513,25.715584
2024-08-09,36.68110348873534,3.4773461625838635,36.75,3.5,28.730234,25.465485,32.482574,23.584951,0.00047683716,2.5770257,5.1720247,998.2376,25.725824
2024-08-10,36.68110348873534,3.4773461625838635,36.75,3.5,30.673431,25.100006,37.381012,18.004547,0.1411438,4.55782,7.9583054,997.4773,25.035776
2024-08-11,36.68110348873534,3.4773461625838635,36.75,3.5,30.180573,24.889069,35.767975,19.34086,0.0,2.6584651,5.1725025,995.1839,25.721216
2024-08-12,36.68110348873534,3.4773461625838635,36.75,3.5,29.085001,25.016266,33.5065,24.048462,0.0,2.2366478,4.6841197,994.31024,24.824127
2024-08-13,36.68110348873534,3.4773461625838635,36.75,3.5,28.14504,24.178375,32.26944,22.713358,0.0019073486,1.9470152,3.6891944,993.3183,25.319744
2024-08-14,36.68110348873534,3.4773461625838635,36.75,3.5,27.499655,24.354889,31.281647,20.715597,0.015258789,2.0265448,6.1754904,994.11273,22.964672
2024-08-15,36.68110348873534,3.4773461625838635,36.75,3.5,25.888702,23.28897,28.647858,21.02944,2.172947,2.8762844,5.344316,997.34033,19.202305
2024-08-16,36.68110348873534,3.4773461625838635,36.75,3.5,26.07785,22.49112,30.037994,20.695444,0.9441376,2.0874527,3.5900319,998.77313,23.363392
2024-08-17,36.68110348873534,3.4773461625838635,36.75,3.5,26.71636,23.224762,30.338776,20.92453,0.7734299,2.5466778,4.1629333,998.6851,22.787712
2024-08-18,36.68110348873534,3.4773461625838635,36.75,3.5,28.35789,22.582916,34.007477,18.41397,0.0,2.100459,4.2868257,995.33936,25.47437
2024-08-19,36.68110348873534,3.4773461625838635,36.75,3.5,27.993784,24.75943,31.583893,20.135519,0.0,3.0343435,5.4099627,995.2116,24.605375
2024-08-20,36.68110348873534,3.4773461625838635,36.75,3.5,27.49234,22.684723,31.885162,17.947815,0.0,2.666705,4.0986123,996.5452,25.5984
2024-08-21,36.68110348873534,3.4773461625838635,36.75,3.5,26.945871,21.554352,31.485992,17.771597,0.0,3.3022327,5.134483,998.7134,23.941568
2024-08-22,36.68110348873534,3.4773461625838635,36.75,3.5,28.300516,22.144684,33.938873,17.113352,0.0,2.0256653,4.8555655,996.6611,24.161537
2024-08-23,36.68110348873534,3.4773461625838635,36.75,3.5,28.553558,23.69815,33.35147,18.180807,0.0,2.5358474,5.5008206,996.71875,24.32256
2024-08-24,36.68110348873534,3.4773461625838635,36.75,3.5,29.894358,24.200592,36.34073,17.112173,0.042915344,2.3903813,4.3279867,995.6774,23.245377
2024-08-25,36.68110348873534,3.4773461625838635,36.75,3.5,30.098562,26.683502,34.205963,19.628937,0.04386902,2.5827682,3.546788,996.2632,22.199871
2024-08-26,36.68110348873534,3.4773461625838635,36.75,3.5,27.620504,24.682037,31.139801,23.559153,0.066280365,3.8882892,6.242801,997.18243,21.962368
2024-08-27,36.68110348873534,3.4773461625838635,36.75,3.5,26.946106,23.604645,31.433746,21.477182,0.060081482,3.1685867,5.6760845,997.29834,21.892544
2024-08-28,36.68110348873534,3.4773461625838635,36.75,3.5,27.44758,22.616364,32.31949,20.748352,0.0,3.2333615,5.435485,996.9465,23.455168
2024-08-29,36.68110348873534,3.4773461625838635,36.75,3.5,27.782349,22.986237,32.370514,21.695984,0.0,3.4258301,5.669875,996.54694,23.08192
2024-08-30,36.68110348873534,3.4773461625838635,36.75,3.5,28.45164,24.954987,32.552155,21.413544,0.009536743,2.471318,4.8399153,996.3714,21.245247
2024-08-31,36.68110348873534,3.4773461625838635,36.75,3.5,29.931152,25.41568,34.535065,19.197174,0.0076293945,2.6326792,5.314158,995.7034,20.73024
2024-09-01,36.68110348873534,3.4773461625838635,36.75,3.5,28.949636,25.55484,32.977936,20.93982,0.00047683716,3.0843563,5.1406927,994.2502,21.98323
2024-09-02,36.68110348873534,3.4773461625838635,36.75,3.5,27.305502,24.720612,31.119781,22.785004,0.086307526,2.4239051,4.1549225,995.4302,22.121792
2024-09-03,36.68110348873534,3.4773461625838635,36.75,3.5,27.542603,23.883453,32.10025,22.773703,0.009536743,2.1072998,5.412654,995.582,22.056831
2024-09-04,36.68110348873534,3.4773461625838635,36.75,3.5,26.9923,24.173492,30.802643,23.011332,0.83589554,1.7099886,3.140044,994.8291,17.915905
2024-09-05,36.68110348873534,3.4773461625838635,36.75,3.5,26.711721,23.555817,30.693024,21.231598,0.97990036,3.4800498,6.4893975,993.54376,22.101822
2024-09-06,36.68110348873534,3.4773461625838635,36.75,3.5,29.370432,24.895172,34.48526,18.40734,0.13637543,2.9680917,5.945258,990.1326,20.740864
2024-09-07,36.68110348873534,3.4773461625838635,36.75,3.5,31.573303,28.649078,35.99991,19.459787,0.5927086,3.8812382,6.22032,993.3011,21.468033
2024-09-08,36.68110348873534,3.4773461625838635,36.75,3.5,26.409546,24.329254,30.048492,20.476889,3.959179,2.7580159,4.464749,995.7315,8.422848
2024-09-09,36.68110348873534,3.4773461625838635,36.75,3.5,25.83786,22.828522,29.309235,20.684122,2.3117065,3.2789934,6.35027,998.5999,17.058752
2024-09-10,36.68110348873534,3.4773461625838635,36.75,3.5,25.147055,21.34903,29.199371,17.754791,0.3476143,2.2703888,3.5552773,999.6453,21.537857
2024-09-11,36.68110348873534,3.4773461625838635,36.75,3.5,24.593607,19.823883,29.152008,16.98342,0.0014305115,1.9486135,3.8375518,998.01904,22.22739
2024-09-12,36.68110348873534,3.4773461625838635,36.75,3.5,25.238281,21.714508,29.552643,17.905813,0.76675415,3.1642685,5.425199,997.8511,20.422207
2024-09-13,36.68110348873534,3.4773461625838635,36.75,3.5,23.465769,21.014801,26.823395,17.402933,0.95796585,4.525212,8.235472,1000.7088,17.596416
2024-09-14,36.68110348873534,3.4773461625838635,36.75,3.5,22.268717,18.474762,24.717682,12.533946,0.0052452087,5.415325,6.132581,1004.321,20.781824
2024-09-15,36.68110348873534,3.4773461625838635,36.75,3.5,21.71643,16.27237,27.32315,9.736542,0.0,3.0975323,4.5253363,1001.251,22.834946
2024-09-16,36.68110348873534,3.4773461625838635,36.75,3.5,22.038778,16.252838,27.614899,11.183879,0.0,2.5134099,4.2495284,997.7317,22.39648
2024-09-17,36.68110348873534,3.4773461625838635,36.75,3.5,22.488882,19.130524,26.36319,13.261119,0.052452087,3.3549407,4.543938,995.8374,19.85312
2024-09-18,36.68110348873534,3.4773461625838635,36.75,3.5,22.297598,17.874908,26.586334,14.278127,0.0,3.826392,6.284276,996.14355,20.422272
2024-09-19,36.68110348873534,3.4773461625838635,36.75,3.5,22.183573,19.171295,27.005035,17.394663,2.8409958,3.5426986,5.2219157,996.32666,13.563136
2024-09-20,36.68110348873534,3.4773461625838635,36.75,3.5,23.750345,19.318268,28.172516,18.3461,0.49686432,2.8064365,5.564229,997.9216,20.01715
2024-09-21,36.68110348873534,3.4773461625838635,36.75,3.5,24.248474,22.444977,26.305817,18.6975,6.6804886,2.8004525,5.8992014,996.91583,8.3392
2024-09-22,36.68110348873534,3.4773461625838635,36.75,3.5,24.436697,21.170319,28.059723,19.406912,4.638672,2.5392873,3.2940578,997.9559,14.726848
2024-09-23,36.68110348873534,3.4773461625838635,36.75,3.5,23.241507,19.806793,27.773102,17.733866,0.042915344,3.0845845,4.4501176,998.1844,18.76768
2024-09-24,36.68110348873534,3.4773461625838635,36.75,3.5,23.580872,19.1586,28.714996,14.620494,0.0,2.2143757,4.1274796,998.31903,19.937664
2024-09-25,36.68110348873534,3.4773461625838635,36.75,3.5,23.902029,19.972565,28.450592,14.666229,0.0,2.6645448,4.1086407,999.792,19.872255
2024-09-26,36.68110348873534,3.4773461625838635,36.75,3.5,25.609964,20.41153,31.806305,14.35204,0.0,2.2231643,4.1989584,998.242,20.003584
2024-09-27,36.68110348873534,3.4773461625838635,36.75,3.5,24.945353,21.471832,30.086334,17.095001,0.0,3.0647926,5.01792,998.30194,19.766785
2024-09-28,36.68110348873534,3.4773461625838635,36.75,3.5,22.721445,20.668121,25.618805,18.143473,1.6055107,3.6297557,6.463266,1002.3335,15.72768
2024-09-29,36.68110348873534,3.4773461625838635,36.75,3.5,22.6238,19.053864,26.879303,16.787954,0.0,4.188585,6.2991934,1004.70996,19.285057
2024-09-30,36.68110348873534,3.4773461625838635,36.75,3.5,23.797598,19.533844,28.845612,18.363413,0.0,2.9871445,5.115035,1001.93604,18.828417
2024-10-01,36.68110348873534,3.4773461625838635,36.75,3.5,24.02651,20.116364,28.687897,19.604523,0.0,1.4968106,3.7014318,998.8135,18.52064
2024-10-02,36.68110348873534,3.4773461625838635,36.75,3.5,24.237173,20.361237,28.47696,18.50293,0.0,2.3995416,3.9954555,995.1272,18.857088
2024-10-03,36.68110348873534,3.4773461625838635,36.75,3.5,22.61558,18.35733,25.730865,17.320099,9.353638,3.901511,8.531202,993.4113,10.844864
2024-10-04,36.68110348873534,3.4773461625838635,36.75,3.5,20.276419,16.751862,23.130524,17.7606,3.9801598,2.3915951,3.839498,996.8037,11.660032
2024-10-05,36.68110348873534,3.4773461625838635,36.75,3.5,21.72407,17.332916,26.230865,15.738994,0.09918213,1.7450358,2.8439927,997.88745,16.910912
2024-10-06,36.68110348873534,3.4773461625838635,36.75,3.5,23.337667,18.522125,28.877106,16.578012,0.0,1.9226441,2.7691548,996.7845,17.989632
2024-10-07,36.68110348873534,3.4773461625838635,36.75,3.5,27.168264,20.855133,32.613922,14.802449,0.4620552,4.2288613,6.2721324,992.81134,15.367359
2024-10-08,36.68110348873534,3.4773461625838635,36.75,3.5,23.188568,20.219635,26.51944,17.86431,1.0757446,4.1755414,7.0390244,996.6045,14.859648
2024-10-09,36.68110348873534,3.4773461625838635,36.75,3.5,23.032654,18.214752,27.903717,16.833181,0.0,1.8165083,3.166448,994.5173,15.436864
2024-10-10,36.68110348873534,3.4773461625838635,36.75,3.5,23.014414,19.8107,26.137115,17.128305,0.22506714,4.5746207,7.749009,995.5342,14.367552
2024-10-11,36.68110348873534,3.4773461625838635,36.75,3.5,21.45337,18.657135,25.083893,16.744263,0.20599365,2.5328436,3.5324683,998.90985,15.743937
2024-10-12,36.68110348873534,3.4773461625838635,36.75,3.5,23.809204,18.778473,28.680328,16.551859,0.0,2.3825634,4.6696544,997.70636,17.164608
2024-10-13,36.68110348873534,3.4773461625838635,36.75,3.5,28.314157,23.807526,32.95694,15.684123,0.0,3.2738807,4.603189,998.4205,17.002495
2024-10-14,36.68110348873534,3.4773461625838635,36.75,3.5,28.452454,24.193024,34.29532,14.42038,0.0,3.442477,5.148481,998.4567,17.341185
2024-10-15,36.68110348873534,3.4773461625838635,36.75,3.5,25.200348,22.687164,26.794098,14.858887,0.8673668,4.096694,5.951709,997.3947,4.214656
2024-10-16,36.68110348873534,3.4773461625838635,36.75,3.5,25.621286,23.041656,29.891998,16.845377,1.3370514,3.2897348,5.2538896,996.8926,16.041088
2024-10-17,36.68110348873534,3.4773461625838635,36.75,3.5,22.698751,19.8732,26.658356,16.50946,2.0551682,3.9365435,6.7458024,1000.8763,13.092416
2024-10-18,36.68110348873534,3.4773461625838635,36.75,3.5,18.7293,17.050934,20.66861,12.646962,4.1542053,4.633656,6.3933005,1002.9414,11.883841
2024-10-19,36.68110348873534,3.4773461625838635,36.75,3.5,18.979126,16.277985,21.758942,11.8185835,0.34427643,3.3233624,4.9616375,1002.9832,10.887424
2024-10-20,36.68110348873534,3.4773461625838635,36.75,3.5,19.757996,16.730133,23.243805,13.99824,0.63085556,1.953811,3.3352156,1005.4861,13.860096
2024-10-21,36.68110348873534,3.4773461625838635,36.75,3.5,19.832571,16.648346,23.31778,14.521881,0.3042221,1.8402001,3.2878716,1006.0666,12.347072
2024-10-22,36.68110348873534,3.4773461625838635,36.75,3.5,19.764383,16.31778,23.047028,15.9877825,0.24318695,1.9149076,4.3517036,1006.36957,13.130624
2024-10-23,36.68110348873534,3.4773461625838635,36.75,3.5,20.43815,16.978424,24.171295,16.385977,0.041484833,2.648298,4.515461,1006.9424,14.705023
2024-10-24,36.68110348873534,3.4773461625838635,36.75,3.5,20.804026,18.653229,23.746735,18.047647,3.6115646,1.4830728,2.9093513,1005.03546,9.558592
2024-10-25,36.68110348873534,3.4773461625838635,36.75,3.5,20.75946,18.013824,23.737701,17.844482,3.1609535,1.1557697,2.5033393,1001.5196,10.855552
2024-10-26,36.68110348873534,3.4773461625838635,36.75,3.5,19.19336,15.79068,21.765533,14.938457,6.1831474,3.3310983,6.0679927,999.4077,10.2201605
2024-10-27,36.68110348873534,3.4773461625838635,36.75,3.5,17.08133,13.863922,19.794098,14.291748,5.0759315,2.1932886,3.8245122,999.84863,6.7544317
2024-10-28,36.68110348873534,3.4773461625838635,36.75,3.5,19.91388,16.262848,24.13028,16.747986,0.32567978,2.666592,4.655387,1000.57245,14.464384
2024-10-29,36.68110348873534,3.4773461625838635,36.75,3.5,24.221506,19.375885,28.081451,13.819987,0.01001358,4.4836326,6.6004972,998.01215,11.1173115
2024-10-30,36.68110348873534,3.4773461625838635,36.75,3.5,24.033926,20.19693,27.480133,16.40217,0.9894371,3.6049116,5.8027005,998.98444,12.735041
2024-10-31,36.68110348873534,3.4773461625838635,36.75,3.5,21.45408,18.011871,25.536774,16.231934,0.64373016,1.689539,3.4875684,1001.45636,12.797568
2024-11-01,36.68110348873534,3.4773461625838635,36.75,3.5,20.843018,17.67276,24.270905,16.612213,1.2602806,1.1099372,2.2609043,1000.9155,12.051584
2024-11-02,36.68110348873534,3.4773461625838635,36.75,3.5,20.300833,17.780182,24.228912,17.25709,0.082969666,1.9196168,4.977772,1001.334,13.399231
2024-11-03,36.68110348873534,3.4773461625838635,36.75,3.5,21.711374,17.895905,26.266998,14.281952,0.20885468,2.1256444,3.357064,1003.6745,12.20928
2024-11-04,36.68110348873534,3.4773461625838635,36.75,3.5,22.958231,19.307281,27.612213,15.129344,0.21362305,2.2150838,3.5450509,1003.8511,13.39328
2024-11-05,36.68110348873534,3.4773461625838635,36.75,3.5,20.997965,17.44107,25.567535,15.617269,0.0023841858,2.1597214,3.1153343,1005.0203,13.400128
2024-11-06,36.68110348873534,3.4773461625838635,36.75,3.5,19.58782,16.246002,23.719635,16.389578,0.05865097,1.4122845,3.3626728,1005.7277,12.112832
2024-11-07,36.68110348873534,3.4773461625838635,36.75,3.5,20.398825,17.021393,25.369537,14.744019,0.4553795,1.9325528,3.1472502,1004.1353,12.486592
2024-11-08,36.68110348873534,3.4773461625838635,36.75,3.5,19.147217,16.714996,22.38736,16.017324,1.5873909,2.3159816,3.3369484,1004.9495,10.5911045
2024-11-09,36.68110348873534,3.4773461625838635,36.75,3.5,18.839844,16.525787,21.586334,16.042032,1.3260841,2.1185005,3.2719285,1005.6829,10.108096
2024-11-10,36.68110348873534,3.4773461625838635,36.75,3.5,17.056122,16.132477,18.17984,15.270366,24.646759,3.2646294,4.9475894,1004.4368,7.194304
2024-11-11,36.68110348873534,3.4773461625838635,36.75,3.5,16.366446,15.325104,17.33609,15.000569,17.41457,2.7370281,3.8523688,1004.47705,6.8920956
2024-11-12,36.68110348873534,3.4773461625838635,36.75,3.5,16.150696,13.924225,18.48819,13.0711975,3.1309128,2.044189,2.9659312,1000.7793,9.041664
2024-11-13,36.68110348873534,3.4773461625838635,36.75,3.5,19.14152,13.853424,23.99112,10.701406,0.0,3.855978,5.24098,996.98663,12.063616
2024-11-14,36.68110348873534,3.4773461625838635,36.75,3.5,20.451538,16.968903,25.062653,12.2213545,0.0,2.9899232,4.409558,1000.4888,12.3107195
2024-11-15,36.68110348873534,3.4773461625838635,36.75,3.5,18.421408,15.928375,22.620514,14.443309,0.11968613,3.532529,5.379576,1002.4585,11.68832
2024-11-16,36.68110348873534,3.4773461625838635,36.75,3.5,19.610983,15.2916565,25.63858,12.874817,0.0,2.241724,3.3947515,1002.1678,11.883584
2024-11-17,36.68110348873534,3.4773461625838635,36.75,3.5,19.497711,15.99234,24.885895,11.922302,0.0,2.8649704,4.52553,1001.4499,12.183808
2024-11-18,36.68110348873534,3.4773461625838635,36.75,3.5,18.548777,15.46402,22.779205,13.66859,0.0,1.6943836,3.127677,1001.4815,11.576961
2024-11-19,36.68110348873534,3.4773461625838635,36.75,3.5,17.673227,14.693756,21.133698,14.351735,0.00047683716,1.7917061,3.1350923,1001.6929,7.710336
2024-11-20,36.68110348873534,3.4773461625838635,36.75,3.5,18.857504,16.777985,21.250885,13.640096,0.8363724,5.7121887,8.889476,1000.6782,8.864384
2024-11-21,36.68110348873534,3.4773461625838635,36.75,3.5,18.482004,16.50528,21.4169,11.693339,0.059604645,4.97802,6.005099,998.7797,10.665408
2024-11-22,36.68110348873534,3.4773461625838635,36.75,3.5,17.58016,15.705719,19.361237,11.513275,3.698349,5.3220673,8.97355,1000.6916,7.896896
2024-11-23,36.68110348873534,3.4773461625838635,36.75,3.5,16.89454,13.749908,20.392487,12.318054,0.14543533,2.2885687,4.1926994,1008.5127,11.067968
2024-11-24,36.68110348873534,3.4773461625838635,36.75,3.5,19.247599,17.115631,22.727448,8.574188,0.0,5.4493732,7.0252724,1008.7905,11.61568
2024-11-25,36.68110348873534,3.4773461625838635,36.75,3.5,19.528818,16.79898,23.927155,8.878571,0.0,5.214884,6.9702597,1005.6453,11.380928
2024-11-26,36.68110348873534,3.4773461625838635,36.75,3.5,18.181528,15.131989,22.862701,12.083038,0.0,2.426957,4.2965136,1005.39886,11.016447
2024-11-27,36.68110348873534,3.4773461625838635,36.75,3.5,17.187887,13.914703,21.13736,12.96168,0.124931335,1.9208158,2.9579737,1005.85956,8.921024
2024-11-28,36.68110348873534,3.4773461625838635,36.75,3.5,16.628592,13.233063,20.167877,14.235443,0.041484833,1.6109896,2.9299424,1008.54913,9.289088
2024-11-29,36.68110348873534,3.4773461625838635,36.75,3.5,15.41095,12.652985,19.939362,12.771657,0.028133392,2.3222945,3.3374517,1009.71027,9.6311035
2024-11-30,36.68110348873534,3.4773461625838635,36.75,3.5,16.213156,12.196686,20.569977,12.776489,0.04529953,1.854256,2.93278,1009.2998,9.774208
2024-12-01,36.68110348873534,3.4773461625838635,36.75,3.5,15.433574,12.514801,19.054108,12.564778,0.061035156,1.220468,2.1940696,1007.9449,8.49696
2024-12-02,36.68110348873534,3.4773461625838635,36.75,3.5,14.776814,11.425934,19.502594,11.518809,0.0009536743,1.5506334,2.0878344,1006.56476,9.632128
2024-12-03,36.68110348873534,3.4773461625838635,36.75,3.5,15.532288,11.673248,20.920563,11.178325,0.0052452087,1.8544794,2.6175516,1004.35175,10.06304
2024-12-04,36.68110348873534,3.4773461625838635,36.75,3.5,14.331065,13.452301,15.714508,11.085754,27.039051,4.447422,7.1372695,1002.8923,1.8980479
2024-12-05,36.68110348873534,3.4773461625838635,36.75,3.5,14.535716,11.437897,17.193268,9.325358,0.9036064,4.0074096,5.752586,1010.0295,8.095104
2024-12-06,36.68110348873534,3.4773461625838635,36.75,3.5,15.771678,13.279449,18.150055,11.089559,0.310421,3.9317303,4.9842224,1008.77686,7.984704
2024-12-07,36.68110348873534,3.4773461625838635,36.75,3.5,17.244629,13.889313,21.264313,10.621968,1.3813972,3.8904045,5.6607885,1003.80493,10.317376
2024-12-08,36.68110348873534,3.4773461625838635,36.75,3.5,14.5858965,12.895172,16.165924,5.832377,1.2984276,7.2858243,9.720383,1000.0957,8.607616
2024-12-09,36.68110348873534,3.4773461625838635,36.75,3.5,12.257283,9.156403,13.666412,5.7956443,8.893013,5.0933137,6.370066,997.96826,6.767616
2024-12-10,36.68110348873534,3.4773461625838635,36.75,3.5,11.071889,8.701324,14.165436,5.708435,0.9636879,3.7217572,5.7122445,1000.79083,8.235328
2024-12-11,36.68110348873534,3.4773461625838635,36.75,3.5,11.555501,7.158844,16.66397,4.8239646,0.47969818,2.601277,3.2215724,1000.7443,10.208897
2024-12-12,36.68110348873534,3.4773461625838635,36.75,3.5,12.29005,8.977936,16.801422,7.299825,0.16593933,2.3327868,3.296419,1001.6794,10.323711
2024-12-13,36.68110348873534,3.4773461625838635,36.75,3.5,12.602916,8.543854,17.952545,7.3322654,0.0,1.6789042,2.5651796,1005.7,10.424512
2024-12-14,36.68110348873534,3.4773461625838635,36.75,3.5,12.425212,8.379303,16.988922,8.667694,0.08773804,1.2694365,2.240619,1011.251,9.8528
2024-12-15,36.68110348873534,3.4773461625838635,36.75,3.5,12.603455,9.913239,16.019684,8.046458,0.86402893,1.9485394,3.4506154,1014.9619,8.138304
2024-12-16,36.68110348873534,3.4773461625838635,36.75,3.5,11.503154,7.785553,15.178864,6.7707825,0.3142357,2.2692611,3.830084,1020.7099,6.497472
2024-12-17,36.68110348873534,3.4773461625838635,36.75,3.5,10.896545,6.5384827,16.361237,5.7221274,0.0,1.7111162,2.84567,1017.0207,10.601472
2024-12-18,36.68110348873534,3.4773461625838635,36.75,3.5,11.921031,7.6219788,17.532623,5.4389853,0.0,2.1749446,2.7861516,1013.5795,10.375168
2024-12-19,36.68110348873534,3.4773461625838635,36.75,3.5,15.714641,10.477936,21.261871,5.0029397,0.23269653,3.6711314,5.763401,1006.6326,8.416256
2024-12-20,36.68110348873534,3.4773461625838635,36.75,3.5,14.123668,9.844879,17.082672,9.187022,1.8076897,3.3018453,6.0730133,1008.25415,8.77472
2024-12-21,36.68110348873534,3.4773461625838635,36.75,3.5,11.371572,8.152008,15.187408,6.2374268,0.00047683716,1.4903752,2.5347066,1011.8699,9.282112
2024-12-22,36.68110348873534,3.4773461625838635,36.75,3.5,11.479451,7.469635,16.045807,6.0720725,0.0,3.5432158,4.4441385,1009.8247,10.361408
2024-12-23,36.68110348873534,3.4773461625838635,36.75,3.5,13.101868,10.816559,14.462067,7.8059793,3.8051605,3.7863238,7.1267505,1003.9436,6.02752
2024-12-24,36.68110348873534,3.4773461625838635,36.75,3.5,12.829529,9.716217,15.510162,6.1356406,0.27132034,3.5774546,6.186466,1007.72284,7.0352
2024-12-25,36.68110348873534,3.4773461625838635,36.75,3.5,12.880402,8.36319,14.834625,8.126648,2.808094,3.005469,5.650373,1009.77264,7.1799684
2024-12-26,36.68110348873534,3.4773461625838635,36.75,3.5,11.01059,7.306305,14.922028,6.425649,0.59986115,2.3261263,3.3649185,1010.5169,8.621569
2024-12-27,36.68110348873534,3.4773461625838635,36.75,3.5,11.604533,8.881744,14.313873,8.092458,0.12731552,1.2924097,2.2138648,1011.60126,7.839552
2024-12-28,36.68110348873534,3.4773461625838635,36.75,3.5,10.574585,6.4618225,15.697662,6.7003174,0.0,1.9865685,3.0424094,1012.0303,10.360256
2024-12-29,36.68110348873534,3.4773461625838635,36.75,3.5,10.781372,7.0226135,16.436432,6.333689,0.0,1.9295444,3.5788283,1011.25977,10.532864
2024-12-30,36.68110348873534,3.4773461625838635,36.75,3.5,11.06309,7.1390686,16.288239,5.9861145,0.0,1.9810705,3.6186435,1011.3333,9.450176
2024-12-31,36.68110348873534,3.4773461625838635,36.75,3.5,11.99297,9.291168,15.962555,6.690155,0.69618225,2.1809142,3.2771585,1010.94336,8.811647
2025-01-01,36.68110348873534,3.4773461625838635,36.75,3.5,11.8958845,9.174225,15.402985,8.5459795,0.074863434,1.4819536,2.4595318,1009.48114,8.529024
2025-01-02,36.68110348873534,3.4773461625838635,36.75,3.5,12.612773,10.23819,15.355133,10.3038435,1.2407303,2.074975,2.7414143,1009.1951,8.319296
2025-01-03,36.68110348873534,3.4773461625838635,36.75,3.5,12.644277,10.240387,16.365631,9.201711,0.49638748,3.4545543,4.802246,1008.15106,9.786048
2025-01-04,36.68110348873534,3.4773461625838635,36.75,3.5,13.026408,9.7118225,17.76358,6.382487,0.0,2.4885578,3.6640599,1006.39795,10.603136
2025-01-05,36.68110348873534,3.4773461625838635,36.75,3.5,13.888774,8.286285,18.73233,4.2671103,0.0038146973,3.754324,5.1395917,1001.3885,9.136641
2025-01-06,36.68110348873534,3.4773461625838635,36.75,3.5,15.266368,12.855621,18.663727,5.0574646,0.4210472,4.609654,5.782443,995.85675,10.744192
2025-01-07,36.68110348873534,3.4773461625838635,36.75,3.5,13.167816,9.588776,15.616119,8.517894,4.161358,4.9453773,7.376146,1003.28534,8.396481
2025-01-08,36.68110348873534,3.4773461625838635,36.75,3.5,13.242961,8.850983,19.25064,5.910044,0.0,2.8076108,4.083643,1005.2751,11.079232
2025-01-09,36.68110348873534,3.4773461625838635,36.75,3.5,14.803833,11.493317,18.906647,8.032654,0.012874603,4.2385635,5.436684,1005.042,9.346048
2025-01-10,36.68110348873534,3.4773461625838635,36.75,3.5,14.730652,11.479401,19.015045,10.76002,0.0019073486,3.0437515,4.24665,1007.9577,10.616448
2025-01-11,36.68110348873534,3.4773461625838635,36.75,3.5,14.705943,11.2836,18.087067,10.70464,2.8033257,5.250672,8.527641,1005.3416,9.378048
2025-01-12,36.68110348873534,3.4773461625838635,36.75,3.5,12.424275,10.085602,14.451324,6.494995,5.894184,4.763554,5.91111,1005.60645,9.086784
2025-01-13,36.68110348873534,3.4773461625838635,36.75,3.5,10.1483965,8.928864,11.540192,7.531016,30.011654,5.0582943,6.8477106,1006.80145,6.336512
2025-01-14,36.68110348873534,3.4773461625838635,36.75,3.5,9.578217,8.390289,11.060211,7.077128,4.9214363,1.9086334,4.163599,1007.4681,8.2832
2025-01-15,36.68110348873534,3.4773461625838635,36.75,3.5,9.520172,7.675934,11.714264,7.1660256,3.5977364,2.1252813,3.6050735,1008.021,7.9674883
2025-01-16,36.68110348873534,3.4773461625838635,36.75,3.5,9.625508,8.707184,11.547272,6.8967385,6.9909096,2.0249119,2.911867,1004.0276,7.104512
2025-01-17,36.68110348873534,3.4773461625838635,36.75,3.5,10.027385,6.8297424,12.52652,7.0770364,10.306835,2.5113847,5.265903,1004.4104,7.8495355
2025-01-18,36.68110348873534,3.4773461625838635,36.75,3.5,12.610219,11.759918,13.504303,11.034068,49.729824,5.6939254,7.1666102,1001.91315,5.790208
2025-01-19,36.68110348873534,3.4773461625838635,36.75,3.5,12.020213,9.92276,14.170563,8.207611,3.958702,4.4236712,6.2780175,1003.3183,7.742976
2025-01-20,36.68110348873534,3.4773461625838635,36.75,3.5,11.948628,8.280914,16.771881,6.547455,0.2875328,2.2362201,3.2277315,1003.9299,12.222528
2025-01-21,36.68110348873534,3.4773461625838635,36.75,3.5,14.509938,10.0729065,20.227692,7.121145,0.03194809,3.7003698,4.6601205,1000.6426,10.993088
2025-01-22,36.68110348873534,3.4773461625838635,36.75,3.5,16.351288,12.678131,20.680328,6.5762124,0.0,4.402247,5.1020026,998.5369,11.000959
2025-01-23,36.68110348873534,3.4773461625838635,36.75,3.5,15.89915,11.771393,20.703033,7.7203064,0.0,2.9460373,4.3430176,1000.7663,12.079168
2025-01-24,36.68110348873534,3.4773461625838635,36.75,3.5,14.761271,9.059967,21.780914,8.29189,0.0,2.028651,3.5200868,1005.10675,12.690432
2025-01-25,36.68110348873534,3.4773461625838635,36.75,3.5,16.518179,12.309967,21.639069,7.8525186,0.0,3.439843,5.039409,1002.9007,11.452032
2025-01-26,36.68110348873534,3.4773461625838635,36.75,3.5,15.155416,11.494293,20.384186,9.264984,0.0,2.2668912,3.811052,1005.8728,12.637695
2025-01-27,36.68110348873534,3.4773461625838635,36.75,3.5,18.079102,14.4479065,23.07071,7.9844155,0.0,4.3050904,5.243847,1001.5542,11.353216
2025-01-28,36.68110348873534,3.4773461625838635,36.75,3.5,16.072641,11.8246155,18.852936,8.748932,5.709648,6.8647504,9.738293,1002.88727,12.2544
2025-01-29,36.68110348873534,3.4773461625838635,36.75,3.5,14.320231,12.732574,16.468903,6.726766,0.1988411,4.4078574,6.4798436,1005.39764,12.092159
2025-01-30,36.68110348873534,3.4773461625838635,36.75,3.5,13.696126,10.9322815,16.565094,7.9638877,9.128094,3.265649,5.768858,1001.01434,10.642817
2025-01-31,36.68110348873534,3.4773461625838635,36.75,3.5,11.168935,8.693024,13.139069,8.681122,1.7948151,1.7671639,3.6500118,1006.48676,9.509312
2025-02-01,36.68110348873534,3.4773461625838635,36.75,3.5,10.458241,8.481842,12.245026,8.614197,6.2789917,2.0150568,2.9352338,1004.34595,9.074112
2025-02-02,36.68110348873534,3.4773461625838635,36.75,3.5,9.888448,8.14444,11.511627,7.907084,8.384228,3.4829922,4.958327,1000.9136,8.621568
2025-02-03,36.68110348873534,3.4773461625838635,36.75,3.5,10.86552,9.315582,12.693268,8.805705,6.9384575,2.4820085,3.8185735,1005.5424,6.670208
2025-02-04,36.68110348873534,3.4773461625838635,36.75,3.5,11.170929,7.1805725,14.68692,8.5104475,0.30994415,1.8668667,2.8783405,1009.1705,11.632704
2025-02-05,36.68110348873534,3.4773461625838635,36.75,3.5,11.849579,9.485992,14.552399,9.129201,1.4157295,1.3215364,2.8149912,1013.7752,11.272256
2025-02-06,36.68110348873534,3.4773461625838635,36.75,3.5,10.281819,6.494293,13.480133,6.94752,0.58603287,1.8564817,2.8434086,1011.24274,10.004288
2025-02-07,36.68110348873534,3.4773461625838635,36.75,3.5,10.609395,7.3158264,15.059967,6.5074463,0.002861023,2.230024,2.784489,1005.9621,12.823999
2025-02-08,36.68110348873534,3.4773461625838635,36.75,3.5,12.116771,8.099518,16.58316,7.717234,2.2001266,3.3745317,6.1670904,1005.34283,11.302144
2025-02-09,36.68110348873534,3.4773461625838635,36.75,3.5,11.516429,7.594635,16.078766,6.0643106,0.0,1.5875593,2.8792012,1009.3733,14.3248
2025-02-10,36.68110348873534,3.4773461625838635,36.75,3.5,11.911987,6.87442,17.74234,6.2722983,0.0,2.6275904,3.9314468,1005.55585,15.034624
2025-02-11,36.68110348873534,3.4773461625838635,36.75,3.5,13.676564,9.604401,19.536285,6.9871116,0.0,2.7712533,3.9732645,1002.9721,15.106112
2025-02-12,36.68110348873534,3.4773461625838635,36.75,3.5,14.891144,10.840973,19.7836,7.3584695,2.655983,3.0661192,4.894335,1000.93915,14.712576
2025-02-13,36.68110348873534,3.4773461625838635,36.75,3.5,12.861501,11.443268,14.257477,10.782725,12.493134,3.7742455,5.1949735,1001.9056,9.962048
2025-02-14,36.68110348873534,3.4773461625838635,36.75,3.5,13.423604,10.259918,17.933258,9.166351,0.5669594,2.3880134,3.0427895,1002.51105,14.41984
2025-02-15,36.68110348873534,3.4773461625838635,36.75,3.5,13.40865,8.532135,18.598297,8.9531145,0.0,1.8603157,3.0567582,999.0881,15.770752
2025-02-16,36.68110348873534,3.4773461625838635,36.75,3.5,14.626353,9.921295,20.364166,10.826294,0.0,2.1078105,3.5598915,996.4655,13.062656
2025-02-17,36.68110348873534,3.4773461625838635,36.75,3.5,13.952067,10.616364,17.859283,11.328583,0.06818771,1.9666098,2.671167,999.97064,14.613631
2025-02-18,36.68110348873534,3.4773461625838635,36.75,3.5,15.567922,9.6315,22.110504,8.271149,0.0,2.7378285,3.5662885,998.9272,16.534529
2025-02-19,36.68110348873534,3.4773461625838635,36.75,3.5,17.665731,12.713043,22.00357,8.030507,0.0,3.178009,5.1620603,1002.3471,15.319361
2025-02-20,36.68110348873534,3.4773461625838635,36.75,3.5,14.121907,10.4774475,17.628815,11.138631,0.019550323,1.7967752,3.2486534,1008.8049,14.195072
2025-02-21,36.68110348873534,3.4773461625838635,36.75,3.5,14.204356,11.26236,18.404694,11.165924,0.005722046,2.0635586,3.7186868,1008.8325,16.284864
2025-02-22,36.68110348873534,3.4773461625838635,36.75,3.5,17.104776,12.131012,21.236237,8.108663,0.0,3.4392166,6.2384086,1005.304,16.021183
2025-02-23,36.68110348873534,3.4773461625838635,36.75,3.5,15.1874895,12.64151,18.640533,12.203949,1.3375282,1.5743837,3.629061,1009.2474,14.979008
2025-02-24,36.68110348873534,3.4773461625838635,36.75,3.5,13.938965,10.650543,17.53775,11.823354,0.34189224,1.3695283,3.2325103,1012.44293,15.066177
2025-02-25,36.68110348873534,3.4773461625838635,36.75,3.5,15.131917,10.994293,19.466217,10.85616,0.9403229,3.1998074,5.36928,1007.28534,15.766849
2025-02-26,36.68110348873534,3.4773461625838635,36.75,3.5,13.54897,9.334137,15.780426,9.606557,11.939526,2.605925,5.37607,1007.50775,14.820929
2025-02-27,36.68110348873534,3.4773461625838635,36.75,3.5,12.943868,7.917633,18.0961,7.954651,0.0,2.0597723,3.4007528,1004.0613,14.84576
2025-02-28,36.68110348873534,3.4773461625838635,36.75,3.5,15.331665,11.463043,19.637848,9.237457,0.114917755,2.7407935,4.2408347,998.11676,13.381504
