"ALIMENTATION - Débit (m3/h)","ALIMENTATION - Débit (m3/h) PX","ALIMENTATION - Pression HP (bar)","PERMEAT - Conductivité (µS/cm)","PERMEAT - Débit (m3/h)","PERMEAT - Pression Sortie (bar)","Rack","Date"
522.72,422.29,61.6,210.6,419.75,60.51,"Rack A",2024-02-19
523.49,421.99,61.58,209.2,419.8,60.55,"Rack A",2024-02-20
522.93,425.2,61.53,209.7,424.03,60.43,"Rack A",2024-02-21
524,421.38,61.51,211.1,419.7,60.48,"Rack A",2024-02-22
522.66,422.85,61.33,208,420.7,60.31,"Rack A",2024-02-24
523.05,419.3,61.52,207.5,417.33,60.47,"Rack A",2024-02-25
523.09,418.83,61.52,202.7,417.36,60.46,"Rack A",2024-02-26
522.66,419.13,61.81,204,417.14,60.74,"Rack A",2024-02-27
523.17,425.5,61.5,210,421.52,60.54,"Rack B",2024-02-19
522.75,424.96,61.51,209,420.73,60.54,"Rack B",2024-02-20
521.79,428.06,61.43,209.3,424.05,60.46,"Rack B",2024-02-21
522.78,424.78,61.42,210.6,420.6,60.44,"Rack B",2024-02-22
521.79,423.23,61.43,203,419.1,60.54,"Rack B",2024-02-24
522.09,422.94,61.4,206.3,418.72,60.41,"Rack B",2024-02-25
523.02,421.96,61.47,202.3,417.74,60.49,"Rack B",2024-02-26
522.65,422.95,61.68,203,418.53,60.69,"Rack B",2024-02-27
522.37,424.59,62.01,188.9,418.08,60.91,"Rack C",2024-02-19
521.49,424.19,62.02,188,417.86,60.93,"Rack C",2024-02-20
,,,,,,"Rack C",2024-02-21
521.34,423.59,61.78,191.7,417.72,60.7,"Rack C",2024-02-22
521.85,425.2,61.77,199,419,60.91,"Rack C",2024-02-24
519.66,420.94,61.85,187.7,414.85,60.75,"Rack C",2024-02-25
519.92,421.13,61.93,183.3,415.38,60.83,"Rack C",2024-02-26
521.32,421.66,62.15,184,415.89,61.04,"Rack C",2024-02-27
522.42,424.72,62.2,195.5,419.88,61.18,"Rack D",2024-02-19
522.55,424.84,62.18,194.5,419.94,61.16,"Rack D",2024-02-20
,,,,,,"Rack D",2024-02-21
522.55,425.24,62.03,198.2,420.14,61,"Rack D",2024-02-22
522.28,428.22,62.12,201,419.8,61.18,"Rack D",2024-02-24
523.7,422.59,61.07,194,417.81,61.03,"Rack D",2024-02-25
522.56,424.18,62.19,188.9,418.94,61.16,"Rack D",2024-02-26
522.29,422.08,62.45,190.9,417.59,61.41,"Rack D",2024-02-27
524.94,421.86,61.66,203.5,419.51,60.58,"Rack A",2024-03-03
522.73,419.54,61.83,201.3,416.97,60.75,"Rack A",2024-03-04
,,,,,,"Rack A",2024-03-05
523.04,423.43,61.97,208.7,421.54,60.89,"Rack A",2024-03-06
522.43,423.49,62.01,207,420.87,60.93,"Rack A",2024-03-07
522.3,421.4,62.1,205,420,61,"Rack A",2024-03-09
523.57,420.92,61.85,203.8,418.74,60.75,"Rack A",2024-03-10
523.18,421.83,62.05,202.4,419.6,60.95,"Rack A",2024-03-11
522.79,421.17,62.08,203,415.67,60.97,"Rack A",2024-03-12
522.77,421.36,62.03,206.5,419.01,60.91,"Rack A",2024-03-13
522.03,420.91,62.25,205.1,419.81,61.13,"Rack A",2024-03-14
522.22,422.43,62.15,207.4,421.26,61.02,"Rack A",2024-03-16
522.95,423.07,62.09,212.6,420.92,60.96,"Rack A",2024-03-17
522.16,423.46,62.05,211.5,421.92,60.92,"Rack A",2024-03-18
523.78,423.82,62,217.8,421.61,60.86,"Rack A",2024-03-19
523.21,422.34,62.03,215.3,421.07,60.89,"Rack A",2024-03-20
523.15,419.91,62.2,207.2,417.4,61.04,"Rack A",2024-03-21
522.12,417.77,62.44,205.2,415.4,61.27,"Rack A",2024-03-24
522.31,417.35,62.47,204.2,416.04,61.28,"Rack A",2024-03-25
523.91,420.2,62.28,213.5,418.17,61.07,"Rack A",2024-03-26
522.89,420.5,62.23,212.7,418.05,61.04,"Rack A",2024-03-27
523.53,418.91,62.07,210.1,417.23,60.87,"Rack A",2024-03-28
522,421,62.13,211,419,60.91,"Rack A",2024-03-30
522.06,422.76,62.25,213.7,420.87,61.02,"Rack A",2024-03-31
522.16,426.3,61.55,206.3,422.09,60.56,"Rack B",2024-03-03
523.16,423.81,61.7,203.9,419.94,60.71,"Rack B",2024-03-04
,,,,,,"Rack B",2024-03-05
522.95,424.19,61.67,210,419.79,60.68,"Rack B",2024-03-06
523.36,423.8,61.7,208.6,419.53,60.71,"Rack B",2024-03-07
523.3,422,61.81,206.7,417,60.81,"Rack B",2024-03-09
523.98,421.08,61.56,205.6,416.9,60.55,"Rack B",2024-03-10
522.1,422.41,61.75,204.9,418.1,60.74,"Rack B",2024-03-11
523.4,422.16,61.73,204,417.62,60.71,"Rack B",2024-03-12
522.88,422.98,61.74,207.3,419.08,60.73,"Rack B",2024-03-13
522.61,421.34,61.9,206.1,417.02,60.88,"Rack B",2024-03-14
522.68,422.35,61.82,209.1,418.5,60.8,"Rack B",2024-03-16
522.77,423.35,61.74,214.1,419.19,60.71,"Rack B",2024-03-17
522.62,423.27,61.79,213.6,419.01,60.75,"Rack B",2024-03-18
522.47,424.17,61.64,219,419.86,60.61,"Rack B",2024-03-19
521.96,422.42,61.74,217.2,418.19,60.7,"Rack B",2024-03-20
523.28,420.54,61.85,208.9,416.47,60.8,"Rack B",2024-03-21
522.42,417.93,62.11,207,414.02,61.04,"Rack B",2024-03-24
521.92,417.75,62.13,205.4,413.59,61.06,"Rack B",2024-03-25
522.56,420.69,61.92,214.9,416.34,60.87,"Rack B",2024-03-26
521.03,420.5,61.89,214.4,416.37,60.81,"Rack B",2024-03-27
522.88,418.85,61.76,212.5,414.71,60.67,"Rack B",2024-03-28
522,422,61.78,180,417,60.67,"Rack B",2024-03-30
521.38,423.98,61.95,214.9,419.71,60.85,"Rack B",2024-03-31
521.52,424.76,62.07,183.8,419.95,60.95,"Rack C",2024-03-03
521.75,422.87,62.21,181.1,416.71,61.08,"Rack C",2024-03-04
,,,,,,"Rack C",2024-03-05
521.52,423.49,62.19,188.3,417.84,61.06,"Rack C",2024-03-06
521.43,422.91,62.23,187.3,417.46,61.11,"Rack C",2024-03-07
521.2,421.3,62.29,185,415,61.16,"Rack C",2024-03-09
520.92,420.35,62.07,184.6,414.56,60.93,"Rack C",2024-03-10
520.71,420.96,62.3,183.6,415.2,61.15,"Rack C",2024-03-11
519.63,420.81,62.29,183.7,414.86,61.13,"Rack C",2024-03-12
519.9,422.77,62.34,186.6,416.32,61.18,"Rack C",2024-03-13
523.27,420.8,62.44,185.2,414.48,61.28,"Rack C",2024-03-14
522.26,421.97,62.35,188.2,416.39,61.16,"Rack C",2024-03-16
521.99,422.66,62.29,192.7,416.69,61.1,"Rack C",2024-03-17
522.49,422.84,62.28,192,415.9,61.09,"Rack C",2024-03-18
523.27,423.14,62.22,197.5,417.1,61.02,"Rack C",2024-03-19
523.19,422.35,62.24,194.9,416.08,61.03,"Rack C",2024-03-20
523.2,419.93,62.38,187.4,414.04,61.16,"Rack C",2024-03-21
522.85,417.85,62.63,185.5,411.98,61.39,"Rack C",2024-03-24
523.94,416.88,62.69,185.7,410.78,61.44,"Rack C",2024-03-25
523.54,412.74,62.46,193.8,413.33,61.28,"Rack C",2024-03-26
522.87,420.14,62.41,193.5,413.8,61.16,"Rack C",2024-03-27
522.97,418.24,62.28,191.1,412.6,61.01,"Rack C",2024-03-28
,,,,,,"Rack C",2024-03-30
523.08,426.15,62.61,195.5,419.73,61.32,"Rack C",2024-03-31
522.58,425.37,62.21,189.3,419.8,61.14,"Rack D",2024-03-03
522.53,423.45,62.35,186.4,419.23,61.27,"Rack D",2024-03-04
,,,,,,"Rack D",2024-03-05
521.51,424.17,62.32,193.3,420.23,61.25,"Rack D",2024-03-06
521.65,423.46,62.37,192.3,419.52,61.29,"Rack D",2024-03-07
521.5,421.7,62.43,190,417,61.34,"Rack D",2024-03-09
521.25,420.53,62.22,189.8,415.88,61.13,"Rack D",2024-03-10
521.47,421.6,62.41,188.2,417.71,61.32,"Rack D",2024-03-11
521.99,421.46,62.4,188.5,416.99,61.31,"Rack D",2024-03-12
520.56,422.85,62.48,191.2,418.57,61.38,"Rack D",2024-03-13
520.86,420.64,62.6,190.7,416.03,61.49,"Rack D",2024-03-14
521.83,421.63,62.52,193.2,416.5,61.99,"Rack D",2024-03-16
522.69,422.53,62.42,197.8,417.31,61.3,"Rack D",2024-03-17
522.56,422.59,62.42,196.7,418.04,61.29,"Rack D",2024-03-18
522.91,423.57,62.33,202.3,418.49,61.2,"Rack D",2024-03-19
522.09,422.44,62.41,200.1,417.25,61.26,"Rack D",2024-03-20
523,419.83,62.51,192.9,415.8,61.35,"Rack D",2024-03-21
522.45,416.9,62.8,191.3,416.61,61.63,"Rack D",2024-03-24
523.11,416.64,62.83,190.4,414.18,61.54,"Rack D",2024-03-25
522.17,419.23,62.63,199.4,414.1,61.45,"Rack D",2024-03-26
522.91,419.84,62.55,197.8,415.6,61.32,"Rack D",2024-03-27
523.4,418.42,62.41,196.1,413.88,61.24,"Rack D",2024-03-28
523,421,62.48,197.5,416,61.22,"Rack D",2024-03-30
522.49,425.31,62.77,197.9,421.03,61.55,"Rack D",2024-03-31
522.91,423.7,62.23,213.8,422.47,60.98,"Rack A",2024-04-01
522.77,419.96,62.1,217,417.96,60.87,"Rack A",2024-04-02
522,421,62.26,226,419,61.01,"Rack A",2024-04-03
522.66,423,62.1,216,418.99,60.88,"Rack A",2024-04-07
523,420,62.14,218,418,60.85,"Rack A",2024-04-08
522,423,62.18,226,420,60.89,"Rack A",2024-04-09
522,421,62.14,226,419,60.81,"Rack A",2024-04-11
522,421,62.14,226,419,60.81,"Rack A",2024-04-13
522.49,422.09,62.05,232.2,419.89,60.73,"Rack A",2024-04-14
522.74,421.08,62.08,197,418.63,60.76,"Rack A",2024-04-15
522,422,61.94,238,421,60.62,"Rack A",2024-04-16
523.15,422.17,61.86,209.4,420.06,60.55,"Rack A",2024-04-17
523.27,421,62.06,230,418.5,60.74,"Rack A",2024-04-18
522.89,422.1,62.01,227.3,420.5,60.98,"Rack A",2024-04-20
522.86,417.85,62.43,217.9,415.71,61.09,"Rack A",2024-04-21
523.09,419.31,62.43,221.3,417.34,61.09,"Rack A",2024-04-22
522,419,62.52,220,417,61.26,"Rack A",2024-04-23
523.95,419.83,62.51,220.8,417.73,61.14,"Rack A",2024-04-24
,,,,,,"Rack A",2024-04-25
522.4,420,61.99,231,419,60.63,"Rack A",2024-04-27
521.34,424.16,62.2,206.3,447.01,60.85,"Rack A",2024-04-28
520.74,424.36,62.19,214.1,422.54,60.85,"Rack A",2024-04-29
521.05,424.82,62.14,209,423.09,60.79,"Rack A",2024-04-30
522.8,425.6,62.05,215.4,421.47,60.95,"Rack B",2024-04-01
522.63,422.92,61.88,207,418.56,60.77,"Rack B",2024-04-02
522,423,62.09,217,419,60.97,"Rack B",2024-04-03
522.53,422,61.87,217,418.56,60.78,"Rack B",2024-04-07
522,421,61.79,218,417,60.66,"Rack B",2024-04-08
522,424,61.81,227,419,60.68,"Rack B",2024-04-09
521,422,61.78,227,418,60.63,"Rack B",2024-04-11
521,422,61.78,227,418,60.63,"Rack B",2024-04-13
523.47,423.39,61.65,232.4,419.21,60.5,"Rack B",2024-04-14
523.97,422.31,61.67,197,417.32,60.25,"Rack B",2024-04-15
523,423,61.54,207,419,60.39,"Rack B",2024-04-16
523.26,422.67,61.51,210.5,418.19,60.36,"Rack B",2024-04-17
522.57,421.67,61.65,231,417.75,60.53,"Rack B",2024-04-18
521.55,422.92,61.92,227,418.59,60.76,"Rack B",2024-04-20
522.56,418.5,62.05,218.4,413.93,60.89,"Rack B",2024-04-21
522.19,420.56,61.99,221.1,416.21,60.83,"Rack B",2024-04-22
521.86,420,62.08,220,416.4,60.91,"Rack B",2024-04-23
522.48,420.46,62.09,221.1,416.3,60.92,"Rack B",2024-04-24
,,,,,,"Rack B",2024-04-25
522.4,423,61.73,230,419,60.55,"Rack B",2024-04-27
521.04,426.44,61.98,233.3,454.52,60.81,"Rack B",2024-04-28
521.94,427.12,61.94,241.3,422.52,60.78,"Rack B",2024-04-29
520.16,427.57,61.89,235,423.17,60.72,"Rack B",2024-04-30
523.3,425.63,62.61,225,420.62,61.31,"Rack C",2024-04-01
523.95,423.86,62.45,216,417.54,61.15,"Rack C",2024-04-02
522,423,62.63,216,419,60.32,"Rack C",2024-04-03
523.99,419,62.46,222,417.08,61.16,"Rack C",2024-04-07
522,420,62.4,217,414,61.05,"Rack C",2024-04-08
523,423,62.38,184,417,61.02,"Rack C",2024-04-09
521,421,62.33,224,418,60.93,"Rack C",2024-04-11
521,421,62.33,224,418,60.93,"Rack C",2024-04-13
522.56,422.44,62.2,210,416.56,60.8,"Rack C",2024-04-14
522.99,421.42,62.25,203,415.99,60.85,"Rack C",2024-04-15
522,423,62.09,215,417,60.7,"Rack C",2024-04-16
522.63,421.83,62.05,218.1,415.73,60.66,"Rack C",2024-04-17
522.46,421.3,62.21,209,414.7,60.8,"Rack C",2024-04-18
523.33,422.6,62.49,205,416,61.08,"Rack C",2024-04-20
522.59,418.06,62.61,197.5,411.92,61.19,"Rack C",2024-04-21
522.18,419.64,62.55,200.5,413.92,61.14,"Rack C",2024-04-22
522.9,419,62.66,200,412,61.23,"Rack C",2024-04-23
523.43,419.55,62.62,200.3,413.25,61.18,"Rack C",2024-04-24
,,,,,,"Rack C",2024-04-25
522.8,421.3,62.27,209,415,60.84,"Rack C",2024-04-27
520.67,424.55,62.46,210.6,,61.04,"Rack C",2024-04-28
520.23,426.14,62.47,218,419.99,61.04,"Rack C",2024-04-29
520.17,426.21,62.45,213.5,420.19,61.03,"Rack C",2024-04-30
522,425.61,62.8,219,420.96,61.57,"Rack D",2024-04-01
523.02,422.77,62.65,200,418.87,61.4,"Rack D",2024-04-02
522,424,62.81,220,419,61.96,"Rack D",2024-04-03
523.08,422,62.65,200,418.59,61.42,"Rack D",2024-04-07
523,420,62.6,202,415,61.31,"Rack D",2024-04-08
522,423,62.55,190,419,61.25,"Rack D",2024-04-09
522,421,62.52,209,417,61.39,"Rack D",2024-04-11
522,421,62.52,209,417,61.39,"Rack D",2024-04-13
522.51,422.97,62.39,214.4,418.74,61.06,"Rack D",2024-04-14
523.15,421.61,62.44,417.22,417.22,61.11,"Rack D",2024-04-15
523,423,62.27,220,419,60.94,"Rack D",2024-04-16
522.71,422.98,62.19,222,418.87,60.86,"Rack D",2024-04-17
522.6,421.4,62.41,213,416.61,61.07,"Rack D",2024-04-18
522.04,422.64,62.6,210.2,417.56,61.3,"Rack D",2024-04-20
523.61,417.98,62.61,202.7,413.8,61.41,"Rack D",2024-04-21
523.51,419.86,62.72,205.2,416.15,61.36,"Rack D",2024-04-22
523,419,62.85,204,414,61.48,"Rack D",2024-04-23
522.71,419.5,62.81,205,415.75,61.43,"Rack D",2024-04-24
,,,,,,"Rack D",2024-04-25
523.3,419.7,62.21,215,415.7,60.85,"Rack D",2024-04-27
521.09,424.16,62.5,217.5,419.44,61.15,"Rack D",2024-04-28
520.11,424.7,62.47,224.5,419.55,61.12,"Rack D",2024-04-29
520.6,425.09,62.47,219.3,420.24,61.07,"Rack D",2024-04-30
520.47,423.11,61.9,207.5,421.3,60.62,"Rack A",2024-05-01
520.76,424.94,62.13,211.3,422.95,60.79,"Rack A",2024-05-02
520,424.9,62.13,211.3,422.9,60.79,"Rack A",2024-05-03
520.1,422.3,61.93,212.6,419.51,60.58,"Rack A",2024-05-04
520.99,421.96,61.9,200.6,419.56,60.54,"Rack A",2024-05-05
520.79,424.55,61.99,202.7,422.7,60.63,"Rack A",2024-05-06
521.09,425.99,61.76,213.2,423.44,60.41,"Rack A",2024-05-07
520.19,424.81,61.83,208.5,422.38,60.47,"Rack A",2024-05-08
520.81,426.43,61.98,211,424.35,60.61,"Rack A",2024-05-09
520.83,423.64,62.13,199.9,421.74,60.74,"Rack A",2024-05-11
521.73,421.51,62.23,189.6,418.88,60.83,"Rack A",2024-05-12
521,422.67,62.14,195.5,420.5,60.75,"Rack A",2024-05-13
520.17,424.18,62.02,204.5,422.34,60.63,"Rack A",2024-05-14
,,,,,,"Rack A",2024-05-15
,,,,,,"Rack A",2024-05-16
521,423,61.56,203.4,420.02,60.18,"Rack A",2024-05-18
520.29,424.36,61.44,205.7,422.3,60.05,"Rack A",2024-05-19
521.58,421.7,61.16,207.6,419.63,59.77,"Rack A",2024-05-20
521.06,422.44,61.46,201.2,420.28,60.07,"Rack A",2024-05-21
521.18,420.28,61.15,205.4,417.7,59.76,"Rack A",2024-05-22
520.83,421.91,61.27,204,419.84,59.87,"Rack A",2024-05-23
520.97,421.28,61.09,207.7,419.8,59.7,"Rack A",2024-05-25
520.95,420.77,61.33,199.6,418.19,59.93,"Rack A",2024-05-26
521.41,422.51,61.14,213.8,420.51,59.74,"Rack A",2024-05-27
520.06,421.84,61.15,211.7,419.59,59.75,"Rack A",2024-05-28
521.67,418.95,61.32,195,416.8,59.91,"Rack A",2024-05-29
521.37,420.1,61.8,187.1,,60.37,"Rack A",2024-05-30
520.4,425.39,61.75,234.8,421.23,60.59,"Rack B",2024-05-01
520.59,427.4,61.9,238.3,422.3,60.73,"Rack B",2024-05-02
520,427,61.9,238.3,422.3,60.73,"Rack B",2024-05-03
520.08,424.67,61.7,240.3,420.29,60.53,"Rack B",2024-05-04
520.08,424.4,61.68,241.4,420,60.51,"Rack B",2024-05-05
520.75,426.61,61.77,243.6,422.26,60.59,"Rack B",2024-05-06
520.29,427.98,61.57,256.7,423.36,60.39,"Rack B",2024-05-07
520.79,426.6,61.64,210.6,422.31,60.46,"Rack B",2024-05-08
520.41,428.21,61.18,253.9,424.2,60.62,"Rack B",2024-05-09
520.64,425.46,61.86,240.9,420.41,60.66,"Rack B",2024-05-11
521.03,423.74,61.94,227.6,419.68,60.73,"Rack B",2024-05-12
520.28,421.74,61.86,234.7,420.55,60.66,"Rack B",2024-05-13
520.34,426.39,61.77,245.2,422.19,60.57,"Rack B",2024-05-14
,,,,,,"Rack B",2024-05-15
,,,,,,"Rack B",2024-05-16
521.5,425,61.35,272,420,60.15,"Rack B",2024-05-18
520.55,426.66,61.21,275.6,421.64,60.02,"Rack B",2024-05-19
520.94,425.11,60.99,277.5,420.47,59.79,"Rack B",2024-05-20
520.8,425.57,61.29,269.6,421.41,60.09,"Rack B",2024-05-21
522.97,423.16,60.94,275.6,418.65,59.74,"Rack B",2024-05-22
520.37,424.7,61.06,273.7,420.02,59.85,"Rack B",2024-05-23
520.11,423.99,60.89,278.5,419.46,59.68,"Rack B",2024-05-25
519.72,423.18,61.14,267.7,418.77,59.93,"Rack B",2024-05-26
520.83,425.24,60.94,286.5,420.45,59.73,"Rack B",2024-05-27
520.42,424.38,60.95,284,419.67,59.75,"Rack B",2024-05-28
520.97,421.63,61.14,261.2,416.64,59.92,"Rack B",2024-05-29
521.31,421.5,61.43,250.6,416.99,60.2,"Rack B",2024-05-30
520.72,425.1,62.29,212.3,419.07,60.81,"Rack C",2024-05-01
520.68,426.76,62.41,215.7,420.4,60.98,"Rack C",2024-05-02
520,426,62.41,215.7,420.4,60.98,"Rack C",2024-05-03
520.79,423.64,62.22,217.7,417.81,60.79,"Rack C",2024-05-04
520.23,424.45,62.15,217.8,418.28,60.72,"Rack C",2024-05-05
520.86,426.22,62.25,220.2,419.71,60.82,"Rack C",2024-05-06
520.01,427.3,62.06,232,421.86,60.62,"Rack C",2024-05-07
520.64,425.97,62.11,227.1,420.21,60.68,"Rack C",2024-05-08
520.85,428.25,62.25,230,421.6,60.81,"Rack C",2024-05-09
520.78,426.42,62.47,217.6,420.16,61,"Rack C",2024-05-11
520.58,423.9,62.59,206,417.91,61.12,"Rack C",2024-05-12
520.45,421.66,62.86,212.8,418.99,61.06,"Rack C",2024-05-13
520.43,427.18,62.38,221.9,421.27,60.92,"Rack C",2024-05-14
,,,,,,"Rack C",2024-05-15
,,,,,,"Rack C",2024-05-16
520.9,427,61.98,245,420.8,60.53,"Rack C",2024-05-18
520.9,428.47,61.85,248.8,421.84,60.4,"Rack C",2024-05-19
519.97,424.96,61.53,251.3,418.23,60.08,"Rack C",2024-05-20
520.7,426.81,61.86,243.7,420.53,60.4,"Rack C",2024-05-21
520.57,423.96,61.52,249.2,417.5,60.06,"Rack C",2024-05-22
520.2,425.36,61.63,247.2,419.25,60.17,"Rack C",2024-05-23
521.76,424.4,61.48,252.1,418.31,60.02,"Rack C",2024-05-25
520.8,423.73,61.73,242.5,417.42,60.27,"Rack C",2024-05-26
520.56,426.09,61.49,260,419.77,60.03,"Rack C",2024-05-27
520.66,425.57,61.49,256.6,419.41,60.03,"Rack C",2024-05-28
520.94,422.65,61.69,236.4,416.44,60.22,"Rack C",2024-05-29
520.89,420.25,61.86,227.9,414.21,60.38,"Rack C",2024-05-30
521.1,422.91,62.28,218.3,418.63,60.92,"Rack D",2024-05-01
520.38,425.57,62.38,221.3,421.01,61.03,"Rack D",2024-05-02
520,425,62.38,221.3,421,61.03,"Rack D",2024-05-03
520.95,422.26,62.22,222,418.92,60.86,"Rack D",2024-05-04
520.48,422.4,62.18,223,418.31,60.82,"Rack D",2024-05-05
520.17,425.1,62.23,223.4,420.59,60.87,"Rack D",2024-05-06
520.13,426.2,62.07,224.3,,60.71,"Rack D",2024-05-07
520.03,424.63,62.12,224.6,420.18,60.75,"Rack D",2024-05-08
521.05,426.47,62.27,226,421.31,60.9,"Rack D",2024-05-09
520.35,425.23,62.56,227.4,421.4,61.17,"Rack D",2024-05-11
520.49,424.33,62.78,227.9,419.21,61.38,"Rack D",2024-05-12
521.23,425.88,62.68,228.3,420.33,61.28,"Rack D",2024-05-13
520.86,427.95,62.51,228.8,423.33,61.12,"Rack D",2024-05-14
,,,,,,"Rack D",2024-05-15
,,,,,,"Rack D",2024-05-16
520.5,425.3,61.89,232.9,421.02,60.52,"Rack D",2024-05-18
520.65,427.17,61.76,233.4,422.27,60.38,"Rack D",2024-05-19
521.34,424.2,61.51,235.5,419.41,60.13,"Rack D",2024-05-20
520.27,426.28,61.88,237.6,421.82,60.49,"Rack D",2024-05-21
521.35,424.4,61.6,239.4,419.85,60.22,"Rack D",2024-05-22
520.75,425.91,61.73,240.2,420.63,60.35,"Rack D",2024-05-23
521.11,424.7,61.59,241.5,420.28,60.21,"Rack D",2024-05-25
521.62,424.42,61.8,243.8,419.35,60.41,"Rack D",2024-05-26
520.91,426.36,61.61,244,421.74,60.22,"Rack D",2024-05-27
521.67,425.36,61.64,245.5,421.74,60.24,"Rack D",2024-05-28
520.62,422.88,61.8,246.8,418.1,60.4,"Rack D",2024-05-29
520.51,420.74,62,248.1,416.85,60.59,"Rack D",2024-05-30
521.5,417.59,62.04,174.8,416.16,60.6,"Rack A",2024-06-01
,,,,,,"Rack A",2024-06-02
521.42,421.35,61.93,184.5,419.97,60.5,"Rack A",2024-06-03
521.26,423.78,61.99,191.6,421.31,60.88,"Rack A",2024-06-04
521.72,422.55,62.08,188.5,420.25,60.66,"Rack A",2024-06-05
521.82,425.5,61.59,211.2,422.67,60.19,"Rack A",2024-06-06
521,425.58,61.59,214.16,422.08,60.17,"Rack A",2024-06-08
521.11,426.24,61.55,220.6,424.79,60.14,"Rack A",2024-06-09
520.43,424.62,61.44,226.2,422.71,60.02,"Rack A",2024-06-10
520.37,423.37,61.47,219.3,421.35,60.03,"Rack A",2024-06-11
520.41,425.15,61.38,292.7,425.24,59.95,"Rack A",2024-06-12
521.6,424.7,61.28,230.4,422.49,59.85,"Rack A",2024-06-13
521,430.57,60.79,259.9,428.6,59.39,"Rack A",2024-06-19
521,428,60.55,262,426,59.14,"Rack A",2024-06-20
520.9,425.13,60.46,258.6,423.11,59.04,"Rack A",2024-06-22
522.8,425.48,60.42,264.3,423.39,59,"Rack A",2024-06-23
520,423,60.53,252,426,59.1,"Rack A",2024-06-24
520.03,422.03,60.71,388.9,420.2,59.29,"Rack A",2024-06-25
520.4,424,60.93,234.1,421.8,59.47,"Rack A",2024-06-26
521,426,61.52,300,423,60.03,"Rack A",2024-06-27
521,426,61.53,299,423,60.03,"Rack A",2024-06-29
520,426,60.7,360,424,59.24,"Rack A",2024-06-30
520,419.19,61.67,234,414.7,60.41,"Rack B",2024-06-01
519.99,422.47,61.81,247.3,417.77,60.58,"Rack B",2024-06-02
,,,,,,"Rack B",2024-06-03
521.15,423.25,61.61,266.7,418.65,60.38,"Rack B",2024-06-04
520.96,422.07,61.7,261.7,417.59,60.45,"Rack B",2024-06-05
521.59,426.46,61.33,293.1,421.33,60.09,"Rack B",2024-06-06
520.08,426.58,61.29,298.1,421.99,60.06,"Rack B",2024-06-08
521.12,426.65,61.29,306.7,421.93,60.05,"Rack B",2024-06-09
520.85,425.77,61.13,313.6,420.98,59.89,"Rack B",2024-06-10
520.94,424.29,61.17,304.9,419.98,59.92,"Rack B",2024-06-11
521.04,426.04,61.09,324,421.56,59.85,"Rack B",2024-06-12
520.4,426.21,60.97,319.8,421.44,59.72,"Rack B",2024-06-13
520.67,427.85,60.28,364.5,423.51,59.05,"Rack B",2024-06-19
520.1,426.8,60.14,368,422,58.93,"Rack B",2024-06-20
521.6,424.09,60.08,363.8,419.6,58.87,"Rack B",2024-06-22
520.64,423.77,60.1,364.6,419.57,58.87,"Rack B",2024-06-23
522,422,60.18,354.9,418.6,58.94,"Rack B",2024-06-24
520.81,421.2,60.39,335.8,416.47,59.13,"Rack B",2024-06-25
520.6,422,60.55,332.1,418,59.41,"Rack B",2024-06-26
521.39,425,61.16,305.1,421,59.88,"Rack B",2024-06-27
521.39,425,61.17,307.2,421,59.88,"Rack B",2024-06-29
520.2,425.5,60.37,369,420,59.11,"Rack B",2024-06-30
520.43,417.7,62.13,213,411.62,60.64,"Rack C",2024-06-01
521.21,421.42,62.24,224.5,415.38,60.74,"Rack C",2024-06-02
521.02,420.97,62.16,227.9,415.12,60.66,"Rack C",2024-06-03
521.05,423.89,62.18,238.2,417.47,60.69,"Rack C",2024-06-04
520.72,422.92,62.27,234.9,416.8,60.77,"Rack C",2024-06-05
522.22,421.37,62.03,290.2,421.15,60.61,"Rack C",2024-06-06
521.34,425.23,61.57,272.4,419.21,60.07,"Rack C",2024-06-08
520.39,425.57,61.55,280.2,419.25,60.08,"Rack C",2024-06-09
520.92,425.05,61.51,285.8,418.82,60.03,"Rack C",2024-06-10
520.78,423.8,61.53,276.9,417.82,60.04,"Rack C",2024-06-11
520.43,425.49,61.46,294.5,419.14,59.96,"Rack C",2024-06-12
520.99,425.26,61.33,290.3,419.42,59.84,"Rack C",2024-06-13
520,427.66,60.63,330,421.71,59.17,"Rack C",2024-06-19
521,425.9,60.4,334,420,58.97,"Rack C",2024-06-20
521.84,424.9,60.37,328.4,418.64,58.91,"Rack C",2024-06-22
520.62,423.89,60.43,328.5,417.19,58.94,"Rack C",2024-06-23
520,422,60.52,318.7,416.43,59.03,"Rack C",2024-06-24
520.24,421.04,60.75,,414.75,59.23,"Rack C",2024-06-25
519,424.4,61.69,296.8,418,59.51,"Rack C",2024-06-26
521,424.6,61.51,273.4,418.9,59.98,"Rack C",2024-06-27
521,424.6,61.52,274,418.9,59.98,"Rack C",2024-06-29
520.19,425.6,60.75,328,420,59.24,"Rack C",2024-06-30
520.24,418.28,62.27,252,413.7,60.84,"Rack D",2024-06-01
520.61,422.09,62.38,252,417.56,60.97,"Rack D",2024-06-02
520.66,422.06,62.38,253.1,417.6,60.95,"Rack D",2024-06-03
520.49,425.03,62.38,253.5,420.6,60.96,"Rack D",2024-06-04
520.36,424.45,62.46,254,419.06,61.03,"Rack D",2024-06-05
519.83,424.93,61.69,254.8,420.31,60.3,"Rack D",2024-06-06
,,,,,,"Rack D",2024-06-08
521.51,425.6,61.65,258.3,420.99,60.25,"Rack D",2024-06-09
521.16,423.95,61.55,293,419.71,60.15,"Rack D",2024-06-10
521.49,422.87,61.56,281.4,418.15,60.15,"Rack D",2024-06-11
521.63,,61.46,300.7,420.39,60.05,"Rack D",2024-06-12
520.81,424.76,61.37,297.2,419.85,59.95,"Rack D",2024-06-13
520.7,428.17,60.65,336.8,424.18,59.28,"Rack D",2024-06-19
520.85,426,60.45,341,421,59.07,"Rack D",2024-06-20
521.3,423.4,60.41,337,419.13,59.03,"Rack D",2024-06-22
521.46,423.86,60.43,334.7,419.24,59.03,"Rack D",2024-06-23
521.5,421.95,60.56,326,418.26,59.15,"Rack D",2024-06-24
521.57,422.16,60.84,307.8,417.99,59.41,"Rack D",2024-06-25
520,423.7,61.01,304.5,419,59.84,"Rack D",2024-06-26
520.6,425.4,61.65,279.5,420.8,60.19,"Rack D",2024-06-27
520.6,425.4,61.66,277,420.8,60.19,"Rack D",2024-06-29
520.9,426.9,60.92,334.2,421,59.49,"Rack D",2024-06-30
522,425,60.48,385,423,59.02,"Rack A",2024-07-01
520,425,60.63,375,423.7,59.16,"Rack A",2024-07-02
521.13,426.14,60.54,373.2,424.4,59.07,"Rack A",2024-07-03
521.64,423.71,60.34,387,421.72,58.87,"Rack A",2024-07-04
521.31,426.32,61.23,331,424.17,59.73,"Rack A",2024-07-06
521.11,422.8,60.7,340.1,421.06,59.2,"Rack A",2024-07-07
520.99,425.5,60.78,349.9,423.52,59.26,"Rack A",2024-07-08
520.47,425.14,60.68,369.8,423.07,59.17,"Rack A",2024-07-09
521.06,427.67,60.76,386.2,425.66,59.26,"Rack A",2024-07-10
520.63,425.75,60.62,390.8,424.03,59.12,"Rack A",2024-07-11
520.7,425.64,60.62,397.2,424.42,59.11,"Rack A",2024-07-13
521.5,426.4,60.58,399.2,424.13,59.07,"Rack A",2024-07-14
521.76,425.06,60.52,408.1,421.64,59.01,"Rack A",2024-07-15
521.33,425.03,60.45,407.6,424.13,58.93,"Rack A",2024-07-16
520.13,424.35,60.31,412.7,422.49,58.8,"Rack A",2024-07-17
520.74,424.34,60.41,403.8,412.13,58.89,"Rack A",2024-07-18
521.6,429.55,60.46,400.5,421.87,58.92,"Rack A",2024-07-20
521.93,426.07,60.33,426.8,421.87,58.92,"Rack A",2024-07-21
521.22,425.67,60.33,457.2,423.8,58.8,"Rack A",2024-07-22
522.33,423.1,60.27,431.8,421.83,58.73,"Rack A",2024-07-23
522.08,423.09,60.36,425.6,421.03,58.81,"Rack A",2024-07-24
521.34,420.86,60.46,394.5,418.72,58.9,"Rack A",2024-07-25
522.01,427.78,60.78,373.6,425.42,59.22,"Rack A",2024-07-29
522.27,425.23,60.72,359.7,423.81,59.15,"Rack A",2024-07-31
521,425,60.14,393,420,58.89,"Rack B",2024-07-01
520.6,425.2,60.07,384,420.6,59.01,"Rack B",2024-07-02
520.58,425.88,60.19,383.3,421.73,58.92,"Rack B",2024-07-03
521.35,423.79,59.97,396.4,419.12,58.7,"Rack B",2024-07-04
521.2,426.33,60.9,340.3,421.03,59.61,"Rack B",2024-07-06
521.18,423.2,60.38,348.1,418.75,59.09,"Rack B",2024-07-07
519.98,426.09,60.53,357.9,421.93,59.24,"Rack B",2024-07-08
521.17,424.9,60.26,371.2,420.45,58.98,"Rack B",2024-07-09
520.78,427.34,60.36,385.7,422.06,59.07,"Rack B",2024-07-10
521.39,425.59,60.23,391.6,421.33,58.95,"Rack B",2024-07-11
520.91,425.44,60.23,396.7,420.61,58.93,"Rack B",2024-07-13
521.01,425.55,60.23,400.1,420.72,58.94,"Rack B",2024-07-14
521.04,424.99,60.15,407.9,420.7,58.85,"Rack B",2024-07-15
520.1,424.44,60.09,408.6,419.74,58.8,"Rack B",2024-07-16
520.96,424.1,59.92,414.2,419.95,58.62,"Rack B",2024-07-17
520.57,423.53,60.05,406.6,419.46,58.75,"Rack B",2024-07-18
520.77,423.91,60.18,403.3,418.45,58.86,"Rack B",2024-07-20
521.35,426.8,60.06,430,418.45,58.86,"Rack B",2024-07-21
521.35,426.72,60.04,460.2,422.63,58.73,"Rack B",2024-07-22
521.61,423.21,60.03,435.6,418.31,58.71,"Rack B",2024-07-23
521.41,423.65,60.08,429,419.21,58.76,"Rack B",2024-07-24
521.28,423.1,60.07,405,418.66,58.75,"Rack B",2024-07-25
521.03,426.24,60.32,382.4,420.91,58.99,"Rack B",2024-07-29
519.92,425.82,60.43,381.3,422.25,59.09,"Rack B",2024-07-31
521.4,425.6,60.56,348,419,59.06,"Rack C",2024-07-01
520.3,425.7,60.65,340.9,419.3,59.14,"Rack C",2024-07-02
520.87,425.8,60.54,339.2,420.08,59.02,"Rack C",2024-07-03
521.11,424.67,60.37,350.5,419.2,58.85,"Rack C",2024-07-04
520.88,425.86,61.24,301.7,420.58,59.7,"Rack C",2024-07-06
521.47,422.21,60.83,309.6,411.51,59.29,"Rack C",2024-07-07
521.26,426.4,60.88,318.8,420.49,59.32,"Rack C",2024-07-08
520.78,425.96,60.8,399.1,420.34,59.25,"Rack C",2024-07-09
521.33,428.85,60.87,362.8,422.49,59.32,"Rack C",2024-07-10
521.33,427.11,60.7,363,421.19,59.16,"Rack C",2024-07-11
521.25,427.17,60.7,365.4,421.73,59.15,"Rack C",2024-07-13
521.21,427.3,60.7,370.6,421.42,59.14,"Rack C",2024-07-14
520.8,426.84,60.6,377.4,421,59.05,"Rack C",2024-07-15
520.64,425.21,60.5,378.8,419.76,58.95,"Rack C",2024-07-16
521.19,424.88,60.33,382,419.81,58.78,"Rack C",2024-07-17
520.57,424.91,60.45,373,419.08,58.9,"Rack C",2024-07-18
521.34,426.61,60.46,376.1,420.6,58.91,"Rack C",2024-07-20
520.64,428.11,60.37,376.1,420.6,58.91,"Rack C",2024-07-21
520.07,427.86,60.34,417.8,421.57,58.83,"Rack C",2024-07-22
521.36,424.81,60.38,394.8,419.68,58.82,"Rack C",2024-07-23
521.1,425.12,60.42,389.3,419.51,58.85,"Rack C",2024-07-24
520.41,423.19,60.54,360.4,417.3,58.96,"Rack C",2024-07-25
520.33,426.86,60.78,345,420.74,59.19,"Rack C",2024-07-29
520.9,427.64,60.93,330.6,422.45,59.33,"Rack C",2024-07-31
520.6,426.7,60.65,355,423,59.22,"Rack D",2024-07-01
520.6,426.7,60.7,347,421,59.26,"Rack D",2024-07-02
520.91,426.25,60.64,345.5,421.78,59.21,"Rack D",2024-07-03
521.5,423.69,60.4,359,419.17,58.96,"Rack D",2024-07-04
522,427.68,61.36,307.4,422.32,59.89,"Rack D",2024-07-06
521.17,423.34,60.86,318.6,417.93,59.4,"Rack D",2024-07-07
520.99,426.41,61,326,421.46,59.53,"Rack D",2024-07-08
520.69,425.02,60.78,338.6,419.9,59.31,"Rack D",2024-07-09
521.56,428.14,60.8,349.6,423.3,59.35,"Rack D",2024-07-10
520.77,426.52,60.68,356,422.69,59.23,"Rack D",2024-07-11
520.29,426.19,60.69,361.5,421,59.21,"Rack D",2024-07-13
520.74,426.82,60.65,364.5,422.2,59.18,"Rack D",2024-07-14
520.8,426.12,60.57,372.8,420.83,59.1,"Rack D",2024-07-15
520.51,425.35,60.52,372.6,421.25,59.04,"Rack D",2024-07-16
520.92,424.87,60.38,376.5,420.21,58.91,"Rack D",2024-07-17
520.69,424.6,60.51,369.4,420.21,59.04,"Rack D",2024-07-18
521.04,424.6,60.63,366.8,419.63,59.15,"Rack D",2024-07-20
520.5,427.19,60.44,366.8,419.63,59.15,"Rack D",2024-07-21
520.72,427.3,60.44,417.7,422.99,58.95,"Rack D",2024-07-22
521.32,424.45,60.45,393.1,419.8,58.97,"Rack D",2024-07-23
522.07,424.72,60.49,390.4,418.7,58.99,"Rack D",2024-07-24
520.75,422.85,60.58,379.1,417.31,59.07,"Rack D",2024-07-25
521.38,427.81,60.89,370.4,422.83,59.36,"Rack D",2024-07-29
521.41,427.31,60.93,347.7,423.31,59.41,"Rack D",2024-07-31
520.49,425.16,60.75,355,422.51,59.18,"Rack A",2024-08-01
,,,,,,"Rack A",2024-08-04
521,422,60.11,434.5,420,58.57,"Rack A",2024-08-05
,,,,,,"Rack A",2024-08-06
521,423,60.5,351,421,58.95,"Rack A",2024-08-07
521,422,60.64,321,420,59.06,"Rack A",2024-08-08
522,422,60.5,358,421,58.92,"Rack A",2024-08-11
521,422,59.77,321,420,58.27,"Rack A",2024-08-15
521.68,425.3,59.83,505.9,424.2,58.23,"Rack A",2024-08-17
520,426,59.89,507,424,58.39,"Rack A",2024-08-18
520.6,425,60.11,463,423,58.51,"Rack A",2024-08-19
519,423,60.52,397,422,58.91,"Rack A",2024-08-20
521,418,60.62,345,416.8,58.97,"Rack A",2024-08-21
521,416,60.98,310,415,59.31,"Rack A",2024-08-22
520.8,421.9,61.21,309,420.4,59.5,"Rack A",2024-08-25
520.7,425.5,60.74,387.5,423,59.06,"Rack A",2024-08-26
520.7,423,60.68,383.9,421.75,59,"Rack A",2024-08-27
520.6,422,60.82,362.4,421,59.12,"Rack A",2024-08-28
520.6,420.6,61.64,285,418,59.88,"Rack A",2024-08-29
521,421,62.05,272.5,419,60.27,"Rack A",2024-08-31
520.7,425.68,60.45,378.85,421.65,59.11,"Rack B",2024-08-01
520.36,424.99,59.81,536.2,420.31,58.51,"Rack B",2024-08-04
520,422,59.75,468,417,58.43,"Rack B",2024-08-05
520,424,60.02,428,421,58.7,"Rack B",2024-08-06
520,422,60.19,385,417,58.82,"Rack B",2024-08-07
520.6,423,60.51,353,419,59.12,"Rack B",2024-08-08
521,423,60.19,392.9,418,58.81,"Rack B",2024-08-11
520.6,423,59.57,353,419,58.1,"Rack B",2024-08-15
520.7,425.8,59.55,533,421,58.18,"Rack B",2024-08-17
520,426,59.71,535,421,58.35,"Rack B",2024-08-18
520.2,425,59.87,493,419,58.48,"Rack B",2024-08-19
519.4,425,60.36,422,421,58.93,"Rack B",2024-08-20
520.9,421,60.47,372,415,59.03,"Rack B",2024-08-21
520.6,419,60.83,339,415,59.37,"Rack B",2024-08-22
520.2,423.8,60.97,340,418,59.47,"Rack B",2024-08-25
521.7,428,60.55,424,421,59.09,"Rack B",2024-08-26
520.3,424,60.34,421,419,58.87,"Rack B",2024-08-27
521,423,60.43,400,417,58.95,"Rack B",2024-08-28
520.2,421.6,61.27,321,417,59.77,"Rack B",2024-08-29
520.15,422.17,61.66,307.6,417,60.13,"Rack B",2024-08-31
521.14,427.49,60.96,327,421.83,59.35,"Rack C",2024-08-01
521.51,425.24,60.09,463.8,418.44,58.55,"Rack C",2024-08-04
521,424,60.17,400,418.9,58.61,"Rack C",2024-08-05
520,426,60.57,362,420.6,58.99,"Rack C",2024-08-06
520.7,423,60.68,323,418,59.06,"Rack C",2024-08-07
520.5,422,60.9,297,416,59.42,"Rack C",2024-08-08
521,423,60.56,332,417,58.93,"Rack C",2024-08-11
520.5,422,59.95,297,416,58.11,"Rack C",2024-08-15
521.8,426,59.87,669,421,58.24,"Rack C",2024-08-17
520.7,426,60.01,471,421,58.38,"Rack C",2024-08-18
520.4,425,60.14,431,419,58.48,"Rack C",2024-08-19
521,424,60.66,374,428,58.97,"Rack C",2024-08-20
520.7,419.4,60.78,329,414.7,59.07,"Rack C",2024-08-21
521,418,61.09,320,414,59.17,"Rack C",2024-08-22
520.4,423.6,61.3,321,417,59.54,"Rack C",2024-08-25
520.5,426.9,60.8,392.7,420.6,59.07,"Rack C",2024-08-26
520,423,60.69,432,416,58.96,"Rack C",2024-08-27
521.7,422.8,60.83,418,416.4,59.07,"Rack C",2024-08-28
521.3,422,61.84,403.3,417,60.03,"Rack C",2024-08-29
520.8,421.3,62.07,382,417,60.24,"Rack C",2024-08-31
521.47,427.04,60.93,345.2,421.56,59.41,"Rack D",2024-08-01
520.89,425.43,60.18,485.2,421.1,58.73,"Rack D",2024-08-04
520.9,423,60.14,423,418,58.66,"Rack D",2024-08-05
521.8,,60.55,386,420,59.05,"Rack D",2024-08-06
520.9,423,60.19,346,417,59.17,"Rack D",2024-08-07
520.8,427,61.19,320,421,59.64,"Rack D",2024-08-08
521,424,60.79,356,419,59.75,"Rack D",2024-08-11
520.8,427,59.88,320,421,58.41,"Rack D",2024-08-15
520.9,426.4,59.93,550,421,58.33,"Rack D",2024-08-17
521.1,427,60.06,567,421,58.52,"Rack D",2024-08-18
521.1,426,60.24,531,421,58.68,"Rack D",2024-08-19
520,424,60.64,477,419,59.05,"Rack D",2024-08-20
520.3,419,60.78,431.6,415.1,59.16,"Rack D",2024-08-21
521.3,417,61.13,402,414,59.49,"Rack D",2024-08-22
521.9,426.1,61.66,402,420,59.96,"Rack D",2024-08-25
520.5,427.6,60.92,477,422.6,59.26,"Rack D",2024-08-26
521,423,60.75,480,418,59.09,"Rack D",2024-08-27
520.6,423.7,60.93,452,417,59.26,"Rack D",2024-08-28
519.7,421,61.89,388,414,60.15,"Rack D",2024-08-29
520.9,422.4,62.23,379,418,60.46,"Rack D",2024-08-31
520.6,420.8,62.11,268,419,60.33,"Rack A",2024-09-01
520.2,421,61.17,329.1,418.9,59.4,"Rack A",2024-09-03
520.5,425,61.11,362,423,59.33,"Rack A",2024-09-04
520.8,415.6,61.09,329.6,414,59.3,"Rack A",2024-09-05
522,421,60.94,391.7,419,59.14,"Rack A",2024-09-07
520,423,60.69,456,420,58.91,"Rack A",2024-09-08
520.4,423,60.57,496,420,58.81,"Rack A",2024-09-09
512.6,413,59.83,511,412,58.07,"Rack A",2024-09-10
520,419,60.27,554,414,58.49,"Rack A",2024-09-11
522,419.8,60.21,581,419,58.42,"Rack A",2024-09-12
521.1,417,60.55,556,414,58.71,"Rack A",2024-09-14
521,418,60.55,556,414,58.71,"Rack A",2024-09-15
521,425,61.12,549,422,59.36,"Rack A",2024-09-16
520.5,425,61.16,595,420,59.41,"Rack A",2024-09-17
521,423,61.28,584,421,59.52,"Rack A",2024-09-18
520,422,61.3,555,420,59.52,"Rack A",2024-09-19
519.99,420.98,62.17,534.4,420.99,60.32,"Rack A",2024-09-21
521.23,423.88,62.01,557.3,420.48,60.16,"Rack A",2024-09-22
522.3,422,61.89,568,420,60.04,"Rack A",2024-09-23
520.4,422,62.1,543,419,60.23,"Rack A",2024-09-24
521,426,61.8,577,421,59.94,"Rack A",2024-09-25
521,427,61.73,628,425,59.86,"Rack A",2024-09-26
520,426,61.34,603,424,59.47,"Rack A",2024-09-27
520.4,426,61.2,609,422,59.34,"Rack A",2024-09-28
521,422,61.09,599,421,59.18,"Rack A",2024-09-29
520.9,421,61.4,530,419,59.48,"Rack A",2024-09-30
520.5,423.3,61.81,301.1,418,60.28,"Rack B",2024-09-01
520.8,422,60.76,362,418,59.24,"Rack B",2024-09-03
526,425,60.71,394,419,59.18,"Rack B",2024-09-04
519.9,417,60.84,360,413,59.27,"Rack B",2024-09-05
521.6,423.2,60.65,424,418,59.08,"Rack B",2024-09-07
520.7,424.7,60.41,473,419,58.85,"Rack B",2024-09-08
520.4,424,60.26,509,419,58.77,"Rack B",2024-09-09
521,414,59.56,573,409,58.04,"Rack B",2024-09-10
520.4,421,60.07,612,416,58.53,"Rack B",2024-09-11
520.7,422,60.03,591,418,58.46,"Rack B",2024-09-12
520.7,419,60.27,490,416,58.64,"Rack B",2024-09-14
521,418,60.27,490,416,58.64,"Rack B",2024-09-15
521,424,60.81,525,449,59.19,"Rack B",2024-09-16
521.4,423,60.87,545,413,59.25,"Rack B",2024-09-17
519,421,60.99,527,416,59.37,"Rack B",2024-09-18
521,421,60.99,490,414,59.35,"Rack B",2024-09-19
520.5,424.92,62.21,402.4,419.75,60.47,"Rack B",2024-09-21
520.79,427,62.1,425.86,420.86,60.36,"Rack B",2024-09-22
521.2,425,61.92,441,422,60.19,"Rack B",2024-09-23
520.3,426,62.11,467,421,60.36,"Rack B",2024-09-24
521,430,61.91,490,425,60.14,"Rack B",2024-09-25
520,431,61.81,425,425,60.06,"Rack B",2024-09-26
521,430,61.41,540,424,59.63,"Rack B",2024-09-27
520.2,430,61.3,604,424,59.53,"Rack B",2024-09-28
520.2,422,60.86,624,413,59.06,"Rack B",2024-09-29
521.6,422,61.16,600,417,59.33,"Rack B",2024-09-30
521.4,422.4,62.3,381,413,60.45,"Rack C",2024-09-01
520.7,421.2,61.16,443,418,59.33,"Rack C",2024-09-03
521,425,61.08,477,418,59.25,"Rack C",2024-09-04
520.5,414,61.04,452,409,59.18,"Rack C",2024-09-05
522,420.5,60.85,552,414,58.99,"Rack C",2024-09-07
521.4,424,60.81,595,417,58.95,"Rack C",2024-09-08
521.5,422,60.57,635,415,58.72,"Rack C",2024-09-09
520,415,59.96,638,411,58.14,"Rack C",2024-09-10
520.5,421,60.47,642,413,58.62,"Rack C",2024-09-11
521,422,60.04,600,422,58.54,"Rack C",2024-09-12
521,420,60.68,500,414,58.8,"Rack C",2024-09-14
520,420,60.68,500,414,58.8,"Rack C",2024-09-15
521,425,61.22,511,429,59.34,"Rack C",2024-09-16
521,425,61.26,526,418,59.39,"Rack C",2024-09-17
520,423,61.4,520,418,59.51,"Rack C",2024-09-18
521,422,61.43,463,417,59.52,"Rack C",2024-09-19
519.94,418.92,62.15,375.9,412.22,60.17,"Rack C",2024-09-21
520.42,420.4,61.99,381.8,415.93,60.02,"Rack C",2024-09-22
519.9,419,61.86,405,414,59.89,"Rack C",2024-09-23
518.4,420,62.03,409,416,60.04,"Rack C",2024-09-24
518,423,61.78,442,418,59.81,"Rack C",2024-09-25
518,425,61.67,419,419,59.69,"Rack C",2024-09-26
520.7,426,61.56,471,419,59.54,"Rack C",2024-09-27
521,427,61.49,477,422,59.46,"Rack C",2024-09-28
521,424,61.44,478,419,59.39,"Rack C",2024-09-29
520.6,424,61.74,440,419,59.68,"Rack C",2024-09-30
520.8,421.7,62.28,382,413.9,60.51,"Rack D",2024-09-01
520.4,420.9,61.22,430,415.1,59.46,"Rack D",2024-09-03
521,424,61.13,462,416,59.36,"Rack D",2024-09-04
520,416,61.29,428,410,59.57,"Rack D",2024-09-05
521.5,422.6,61.04,549,416,59.24,"Rack D",2024-09-07
521,424,60.82,600,417,59.03,"Rack D",2024-09-08
521,419,60.43,633,417,58.66,"Rack D",2024-09-09
520.8,416,60.09,643,410,58.31,"Rack D",2024-09-10
520.6,420,60.38,642,412,58.59,"Rack D",2024-09-11
520,420,60.33,620,417,58.53,"Rack D",2024-09-12
520,418,60.85,514,409,58.99,"Rack D",2024-09-14
521.5,418,60.85,514,409,58.99,"Rack D",2024-09-15
,,,,,,"Rack D",2024-09-16
521,424,61.13,622,421,59.36,"Rack D",2024-09-17
520,422,61.28,583,416,59.51,"Rack D",2024-09-18
521,422,61.31,552,417,59.5,"Rack D",2024-09-19
520.35,422,62.36,505.2,416.57,60.47,"Rack D",2024-09-21
520.7,424.2,62.19,540.4,419.86,60.31,"Rack D",2024-09-22
520.7,423,62.11,548,419,60.22,"Rack D",2024-09-23
518.4,423,62.26,531,420,60.35,"Rack D",2024-09-24
518.5,427,61.99,569,421,60.1,"Rack D",2024-09-25
518,428,61.88,425,425,59.98,"Rack D",2024-09-26
520.9,427,61.48,644,422,59.54,"Rack D",2024-09-27
521,428,61.45,650,424,59.51,"Rack D",2024-09-28
521,422,61.22,651,418,59.26,"Rack D",2024-09-29
521.1,422,61.54,628,417,59.56,"Rack D",2024-09-30
521,420,61.48,516,418,59.55,"Rack A",2024-10-01
521,423,61.53,530,419,59.6,"Rack A",2024-10-02
521,423,61.53,537,419,59.6,"Rack A",2024-10-03
520,413,61.49,557,422,59.56,"Rack A",2024-10-05
519,425,61.39,569,450,59.44,"Rack A",2024-10-06
520.8,425,61.42,570,422,59.45,"Rack A",2024-10-07
519,423,61.31,572,423,59.33,"Rack A",2024-10-08
518,423.88,61.48,577.3,416.01,59.48,"Rack A",2024-10-09
,,,,,,"Rack A",2024-10-10
521.54,422.01,61.49,486,420,59.58,"Rack A",2024-10-12
521.14,422.08,61.5,483.2,421.43,59.6,"Rack A",2024-10-13
521.03,420.62,61.4,482.7,421.5,59.49,"Rack A",2024-10-14
520.99,422.31,61.53,470.4,420.54,59.62,"Rack A",2024-10-15
521.93,424.27,61.68,470.6,423.36,59.76,"Rack A",2024-10-16
521.9,424,61.67,401,421.8,59.72,"Rack A",2024-10-17
521.9,424,61.67,401,421.8,59.72,"Rack A",2024-10-18
521,419,61.67,442,416,59.74,"Rack A",2024-10-21
520,421,61.76,429,421,59.82,"Rack A",2024-10-22
,,,,,,"Rack A",2024-10-23
,,,,,,"Rack A",2024-10-24
522,418,58.49,445,416,57.5,"Rack A",2024-10-26
521.9,417,58.58,430,415,57.58,"Rack A",2024-10-27
522.1,416,58.48,421,414,57.49,"Rack A",2024-10-28
521.7,419,58.88,441,411,57.88,"Rack A",2024-10-29
521.8,419,58.78,409,416,57.78,"Rack A",2024-10-30
520,418,58.82,410,416,57.83,"Rack A",2024-10-31
520,420,61.25,590,417,59.41,"Rack B",2024-10-01
520,425,61.43,606,419,59.6,"Rack B",2024-10-02
521,425,61.42,614,420,59.58,"Rack B",2024-10-03
520.8,426,61.4,703,420,59.54,"Rack B",2024-10-05
520,424,61.27,700,457,59.43,"Rack B",2024-10-06
520,427,61.3,720,421,59.41,"Rack B",2024-10-07
521.4,425,61.17,700,420,59.27,"Rack B",2024-10-08
520.88,426.79,61.32,700.5,419.02,59.39,"Rack B",2024-10-09
,,,,,,"Rack B",2024-10-10
521.3,422.8,61.15,732,415,59.31,"Rack B",2024-10-12
520.99,422.52,61.13,785,417.31,59.29,"Rack B",2024-10-13
520.21,421.76,61.09,775.5,418.64,59.25,"Rack B",2024-10-14
520.65,422.61,61.13,745.3,422.02,59.28,"Rack B",2024-10-15
521.29,425.82,61.42,756.6,415.31,59.54,"Rack B",2024-10-16
521.29,427,61.41,756,416,59.55,"Rack B",2024-10-17
521.29,427,61.41,756,416,59.55,"Rack B",2024-10-18
521.6,421,61.39,734,417,59.51,"Rack B",2024-10-21
520.7,423,61.48,711,419,59.59,"Rack B",2024-10-22
520.6,422,61.49,710,417,59.6,"Rack B",2024-10-23
520.6,423,61.46,700,443,59.56,"Rack B",2024-10-24
521,422,61.53,720,415,59.63,"Rack B",2024-10-26
520,422,61.57,700,416,59.66,"Rack B",2024-10-27
521.7,420,61.42,694,417,59.51,"Rack B",2024-10-28
521.6,419,61.66,690,418,59.74,"Rack B",2024-10-29
520.2,420,61.65,680,418,59.72,"Rack B",2024-10-30
520.6,420,61.69,688,416,57.75,"Rack B",2024-10-31
520.3,422,61.85,426,417,59.78,"Rack C",2024-10-01
519,426,61.99,442,423,59.91,"Rack C",2024-10-02
520.2,426,61.97,448,420,59.9,"Rack C",2024-10-03
521,424,61.65,723,423,59.83,"Rack C",2024-10-05
520.9,423,61.39,705,424,59.57,"Rack C",2024-10-06
520.2,423,61.51,700,427,59.68,"Rack C",2024-10-07
521,423,58.01,485,417,56.92,"Rack C",2024-10-08
520.76,423.36,58.22,453.9,416.43,57.13,"Rack C",2024-10-09
,,,,,,"Rack C",2024-10-10
521.08,421.75,58.42,435,416,57.35,"Rack C",2024-10-12
520.23,421.14,58.43,452.8,415.51,57.35,"Rack C",2024-10-13
521.12,422.41,58.41,446.7,416.51,57.36,"Rack C",2024-10-14
520.73,419.07,58.29,450.6,413.86,57.22,"Rack C",2024-10-15
520.58,422.38,58.47,444,416.59,57.4,"Rack C",2024-10-16
520.6,422.4,58.48,446,416.6,57.41,"Rack C",2024-10-17
520.6,422.4,58.48,446,416.6,57.41,"Rack C",2024-10-18
521,422,58.64,409,417,57.56,"Rack C",2024-10-21
520.7,424,58.73,401,418,57.65,"Rack C",2024-10-22
520,424,58.82,399,418,57.77,"Rack C",2024-10-23
521.1,424,58.74,394,431,57.66,"Rack C",2024-10-24
521.1,424,58.77,402,419,57.69,"Rack C",2024-10-26
520.9,423,58.82,392,417,57.74,"Rack C",2024-10-27
520.7,421,58.63,370,418,57.54,"Rack C",2024-10-28
521.2,421,58.86,383,414,57.76,"Rack C",2024-10-29
520,422,58.85,365,414,57.76,"Rack C",2024-10-30
521.2,422,58.91,380,416,57.81,"Rack C",2024-10-31
521,421,61.64,666,417,59.65,"Rack D",2024-10-01
521,424,61.69,684,419,59.69,"Rack D",2024-10-02
520,425,61.66,750,419,59.66,"Rack D",2024-10-03
520.7,424,61.68,760,419,59.68,"Rack D",2024-10-05
520.2,426,61.54,727,439,59.54,"Rack D",2024-10-06
518.7,426,61.54,800,421,59.52,"Rack D",2024-10-07
517,423,61.45,813,418,59.42,"Rack D",2024-10-08
,424.34,61.6,808.5,419.75,59.54,"Rack D",2024-10-09
,,,,,,"Rack D",2024-10-10
520.8,421.41,61.4,859,415.55,59.41,"Rack D",2024-10-12
520.42,421.2,61.4,864.3,416.69,59.4,"Rack D",2024-10-13
519.98,420.84,61.38,857.9,416.08,59.39,"Rack D",2024-10-14
519.93,421.58,61.52,851,416.3,59.53,"Rack D",2024-10-15
519.77,423.86,61.65,827.3,419.4,59.65,"Rack D",2024-10-16
519.8,423,61.66,828,419.5,59.66,"Rack D",2024-10-17
,,,,,,"Rack D",2024-10-18
520.7,422,58.42,516,416,57.49,"Rack D",2024-10-21
521,423,58.51,494,418,57.57,"Rack D",2024-10-22
520.3,422,58.62,488,417,57.67,"Rack D",2024-10-23
520.4,424,58.51,481,438,57.57,"Rack D",2024-10-24
521.9,423,58.51,482,418,57.57,"Rack D",2024-10-26
520.2,422,58.59,469,419,57.64,"Rack D",2024-10-27
520.8,420,58.42,461,416,57.48,"Rack D",2024-10-28
521,420,58.61,457,416,57.67,"Rack D",2024-10-29
520.4,422,58.61,450,416,57.67,"Rack D",2024-10-30
520,421,58.66,448,417,57.71,"Rack D",2024-10-31
521,419,58.79,406,416,57.79,"Rack A",2024-11-03
521,419,58.77,405,417,57.78,"Rack A",2024-11-04
521,419,58.76,403,417,57.77,"Rack A",2024-11-05
521,419,58.76,405,417,57.76,"Rack A",2024-11-06
520,420,58.96,394,419,57.95,"Rack A",2024-11-10
520,419,58.98,334,416,57.96,"Rack A",2024-11-11
520,420,58.96,377,418,57.94,"Rack A",2024-11-12
521,419,59.13,375,417,58.17,"Rack A",2024-11-13
520.5,418,59.24,362,416,58.21,"Rack A",2024-11-14
520.9,417,59.45,346,416,58.41,"Rack A",2024-11-16
521,420,59.35,361,418,58.35,"Rack A",2024-11-17
520.9,419,59.42,368,416,58.38,"Rack A",2024-11-18
520.7,419,59.39,367,418,58.36,"Rack A",2024-11-19
521,419,59.44,363,417,58.4,"Rack A",2024-11-20
521,419,59.46,362,419,58.4,"Rack A",2024-11-21
520,418,59.62,346,415,58.56,"Rack A",2024-11-22
521,418,59.75,346,416,58.7,"Rack A",2024-11-24
520,428,59.92,343,417,58.85,"Rack A",2024-11-25
520.8,419,59.9,350,417,58.85,"Rack A",2024-11-26
521.6,418,60.04,348,417,58.98,"Rack A",2024-11-27
521.19,419.02,60.04,344.4,417.35,58.98,"Rack A",2024-11-28
520.6,418,60.05,343,416,58.99,"Rack A",2024-11-30
,,,,,,"Rack B",2024-11-03
,,,,,,"Rack B",2024-11-04
520,422,58.42,496,417,57.46,"Rack B",2024-11-05
521,422,58.46,484,418,57.5,"Rack B",2024-11-06
521,421,58.56,459,418,57.64,"Rack B",2024-11-10
520.8,421,58.56,447,416,57.64,"Rack B",2024-11-11
520,421,58.52,436,416,57.6,"Rack B",2024-11-12
521,420,58.53,437,417,57.6,"Rack B",2024-11-13
520.8,420,58.79,423,415,57.86,"Rack B",2024-11-14
520,419,58.93,402,415,57.99,"Rack B",2024-11-16
521,421,58.91,419,417,57.97,"Rack B",2024-11-17
521.5,421,58.94,426,416,58,"Rack B",2024-11-18
520.46,421,59.91,426,416,58.96,"Rack B",2024-11-19
520.9,420,58.97,421,414,58.03,"Rack B",2024-11-20
520.9,420,58.99,419,415,58.05,"Rack B",2024-11-21
520.7,420,59.16,405,415,58.21,"Rack B",2024-11-22
520.8,420,59.27,400,415,58.32,"Rack B",2024-11-24
519,421,59.4,396,416,58.44,"Rack B",2024-11-25
520.7,420,59.26,405,437,58.3,"Rack B",2024-11-26
520.6,420,59.44,401,416,58.49,"Rack B",2024-11-27
520.92,420.95,59.42,397.7,415.6,58.47,"Rack B",2024-11-28
521,420,59.44,395,415,58.49,"Rack B",2024-11-30
521,422,58.9,380,416,57.81,"Rack C",2024-11-03
520.2,421,58.92,380,415,57.82,"Rack C",2024-11-04
521,421,58.88,377,416,57.78,"Rack C",2024-11-05
520,422,58.6,379,416,57.8,"Rack C",2024-11-06
521,423,59.18,377,416,58.06,"Rack C",2024-11-10
521,421,59.24,368,417,58.11,"Rack C",2024-11-11
521,422,59.25,361,417,58.11,"Rack C",2024-11-12
521,421,59.47,360,416,58.33,"Rack C",2024-11-13
520.3,420.7,59.5,348,415,58.36,"Rack C",2024-11-14
520,418,59.64,332,413,58.48,"Rack C",2024-11-16
,421,59.57,347,416,58.42,"Rack C",2024-11-17
521.1,421,59.61,353,416,58.45,"Rack C",2024-11-18
520.7,421,59.6,415,415,58.44,"Rack C",2024-11-19
521,421,59.63,350,415,58.48,"Rack C",2024-11-20
521,420,59.64,348,415,58.48,"Rack C",2024-11-21
520.6,420,59.86,338,415,58.69,"Rack C",2024-11-22
521.83,421,60.01,333,415,58.85,"Rack C",2024-11-24
520.4,420,60.13,331,416,58.96,"Rack C",2024-11-25
520.6,422,60.22,344,421,59.05,"Rack C",2024-11-26
520.2,422,60.42,343,416,59.26,"Rack C",2024-11-27
520.56,422.4,60.42,340.2,416.82,59.25,"Rack C",2024-11-28
520,422,60.4,338,417,59.23,"Rack C",2024-11-30
521,421,58.65,441,417,57.71,"Rack D",2024-11-03
521,421,58.64,440,416,57.7,"Rack D",2024-11-04
521,421,58.61,436,417,57.66,"Rack D",2024-11-05
521,422,58.61,436,417,57.65,"Rack D",2024-11-06
520,412,58.8,429,417,57.84,"Rack D",2024-11-10
520.9,421,58.81,417,417,57.84,"Rack D",2024-11-11
520,422,58.8,409,416,57.82,"Rack D",2024-11-12
521,421,59.07,408,417,58.07,"Rack D",2024-11-13
520.5,420,59.13,396,415,58.13,"Rack D",2024-11-14
521,418,59.26,376,413,58.26,"Rack D",2024-11-16
521,421,59.2,392,419,58.2,"Rack D",2024-11-17
521,420,59.22,399,416,58.23,"Rack D",2024-11-18
521,420.5,59.24,415,415,58.24,"Rack D",2024-11-19
521.3,420,59.26,394,416,58.25,"Rack D",2024-11-20
521.3,419,59.28,392,414,58.27,"Rack D",2024-11-21
521,419,59.45,380,414,58.43,"Rack D",2024-11-22
520.7,419,59.64,376,415,58.62,"Rack D",2024-11-24
520,421,59.74,373,414,58.71,"Rack D",2024-11-25
521,421,59.81,381,424,58.79,"Rack D",2024-11-26
520.6,421,60.01,378,416,58.99,"Rack D",2024-11-27
520.94,421.79,59.97,374.3,417.3,58.95,"Rack D",2024-11-28
520,421,59.99,372,417,58.9,"Rack D",2024-11-30
520,419,60.04,338,418,58.98,"Rack A",2024-12-01
521,417,60.03,337,416,58.91,"Rack A",2024-12-02
520.8,419,60.12,334,417,59.05,"Rack A",2024-12-03
521,420,60.29,333,417,59.22,"Rack A",2024-12-04
520,420,60.25,317,418,59.19,"Rack A",2024-12-05
519,419,60.13,324,417,59.06,"Rack A",2024-12-07
521,419,60.15,323,418,59.08,"Rack A",2024-12-08
521.67,419.47,60.27,313.1,418.09,59.19,"Rack A",2024-12-09
520,419,60.49,305,417,59.4,"Rack A",2024-12-10
520.7,419,60.63,300,417,59.54,"Rack A",2024-12-11
521.18,424.41,60.59,380,419,59.53,"Rack A",2024-12-12
521,421,60.86,295,420,59.77,"Rack A",2024-12-14
521.56,423,60.66,319,419,59.56,"Rack A",2024-12-15
520.66,421,60.86,293,420,59.77,"Rack A",2024-12-16
520.33,420,60.95,289,418,59.84,"Rack A",2024-12-17
521.63,420,61.01,287,418,59.91,"Rack A",2024-12-18
520.99,422,61.12,286,420,60.01,"Rack A",2024-12-19
521.3,420,61.02,284,420,59.91,"Rack A",2024-12-21
521.14,420,61.17,284,418,60.06,"Rack A",2024-12-22
520.52,422,61.31,280,419,60.19,"Rack A",2024-12-23
520.59,420,61.25,279,418,60.13,"Rack A",2024-12-24
521.08,423,61.5,276,421,60.37,"Rack A",2024-12-25
520.3,423,61.5,277,422,60.32,"Rack A",2024-12-26
522,422,61.54,277,420,60.41,"Rack A",2024-12-27
520,422,61.57,278,420,60.43,"Rack A",2024-12-28
521,421,61.6,272,420,60.46,"Rack A",2024-12-29
520,421,61.66,273,419,60.52,"Rack A",2024-12-30
520,421,61.64,270,420,60.52,"Rack A",2024-12-31
521,421,59.41,388,421,58.46,"Rack B",2024-12-01
520.6,418,59.49,389,414,58.53,"Rack B",2024-12-02
521,421,59.6,382,416,58.64,"Rack B",2024-12-03
520,421,59.67,381,416,58.7,"Rack B",2024-12-04
521,422,59.6,364,417,58.64,"Rack B",2024-12-05
520,422,59.53,350,418,58.56,"Rack B",2024-12-07
521,422,59.55,367,418,58.58,"Rack B",2024-12-08
520.67,,59.6,357.9,416.43,58.64,"Rack B",2024-12-09
521,422,59.94,347,418,58.96,"Rack B",2024-12-10
521.19,422,60.06,341,417,59.08,"Rack B",2024-12-11
521.48,422.57,60.82,301,420,59.73,"Rack B",2024-12-12
520,423,60.19,335,419,59.2,"Rack B",2024-12-14
521.8,423,60.22,332,420,59.24,"Rack B",2024-12-15
520.8,423,60.18,289,419,59.19,"Rack B",2024-12-16
520.71,422,60.27,284,418,59.28,"Rack B",2024-12-17
520.99,423,60.41,282,417,59.41,"Rack B",2024-12-18
521,424,60.54,280,419,59.54,"Rack B",2024-12-19
521.54,422,60.4,276,418,59.42,"Rack B",2024-12-21
521.4,423,60.51,318,419,59.49,"Rack B",2024-12-22
520.06,424,60.61,315,419,59.62,"Rack B",2024-12-23
520.81,422,60.53,314,417,59.52,"Rack B",2024-12-24
521.8,426,60.88,310,420,59.88,"Rack B",2024-12-25
520.65,426,60.92,310,422,59.9,"Rack B",2024-12-26
521,425,60.9,309,420,59.68,"Rack B",2024-12-27
520,425,60.99,311,420,59.97,"Rack B",2024-12-28
520,424,61.02,305,419,60,"Rack B",2024-12-29
520,424,61.05,304,419,60.03,"Rack B",2024-12-30
520,423,61.05,305,419,60.02,"Rack B",2024-12-31
520.9,422,60.41,354,425,59.23,"Rack C",2024-12-01
521,420,60.41,335,414,59.24,"Rack C",2024-12-02
520.5,422,60.5,331,416,59.32,"Rack C",2024-12-03
520,423,60.64,330,417,59.46,"Rack C",2024-12-04
520.3,423,60.59,313,417,59.4,"Rack C",2024-12-05
520.7,422,60.48,319,416,59.3,"Rack C",2024-12-07
520.8,422,60.56,318,416,59.31,"Rack C",2024-12-08
520.76,422.55,60.6,309,417.14,59.41,"Rack C",2024-12-09
520,423,60.92,300,417,59.73,"Rack C",2024-12-10
520.35,423,61.02,296,417,59.82,"Rack C",2024-12-11
520.92,424.54,60.15,301,418,59.16,"Rack C",2024-12-12
521,424,61.2,291,418,59.99,"Rack C",2024-12-14
520.8,424,61.22,288,418,60.01,"Rack C",2024-12-15
520.7,424,61.6,287,419,59.97,"Rack C",2024-12-16
520.5,422,61.27,284,417,60.05,"Rack C",2024-12-17
521.08,423,61.3,283,417,60.15,"Rack C",2024-12-18
521.15,424,61.47,280,420,60.24,"Rack C",2024-12-19
521.03,424,61.36,277,418,60.15,"Rack C",2024-12-21
521.09,425,61.57,275,428,60.33,"Rack C",2024-12-22
521.02,425,61.66,273,419,60.42,"Rack C",2024-12-23
521.6,423,61.59,272,418,60.35,"Rack C",2024-12-24
520.95,426,61.87,268,421,60.62,"Rack C",2024-12-25
520.41,426,61.89,270,420,60.65,"Rack C",2024-12-26
521,425,61.92,268,420,60.67,"Rack C",2024-12-27
520,425,61.94,271,420,60.69,"Rack C",2024-12-28
521,424,61.98,265,419,60.72,"Rack C",2024-12-29
520,423,62.04,265,418,60.77,"Rack C",2024-12-30
520,423,62.04,266,418,60.79,"Rack C",2024-12-31
521,421,59.98,368,415,58.95,"Rack D",2024-12-01
521,419,60.01,368,414,58.98,"Rack D",2024-12-02
520.2,422,60.11,362,416,59.08,"Rack D",2024-12-03
521,422,60.22,361,416,59.18,"Rack D",2024-12-04
520.5,422,60.1,352,417,59.06,"Rack D",2024-12-05
520,421,59.97,358,416,58.93,"Rack D",2024-12-07
520.4,421,59.99,354,416,58.95,"Rack D",2024-12-08
521.53,421.98,60.09,343.6,416.04,59.04,"Rack D",2024-12-09
520.9,422,60.34,333,417,59.29,"Rack D",2024-12-10
520.63,421,60.48,328,415,59.43,"Rack D",2024-12-11
521.39,424,61.14,297,419,59.94,"Rack D",2024-12-12
521,422,60.67,323,417,59.6,"Rack D",2024-12-14
520.45,421,60.86,292,420,59.76,"Rack D",2024-12-15
520.96,423,60.62,319,417,59.6,"Rack D",2024-12-16
520.74,421,60.7,316,417,59.6,"Rack D",2024-12-17
520.24,422,60.82,314,416,59.8,"Rack D",2024-12-18
521.03,424.3,60.97,311,418,59.97,"Rack D",2024-12-19
519.9,422,61.01,310,417,59.94,"Rack D",2024-12-21
519.41,424,60.99,317,433,59.99,"Rack D",2024-12-22
521.23,424,61.1,304,418,60.01,"Rack D",2024-12-23
520.59,422,61.03,303,417,59.35,"Rack D",2024-12-24
519.78,425,61.35,299,420,60.27,"Rack D",2024-12-25
520.49,425,61.36,301,421,60.25,"Rack D",2024-12-26
521,424,61.4,299,420,60.38,"Rack D",2024-12-27
520,425,61.41,301,420,60.3,"Rack D",2024-12-28
521,423,61.49,296,418,60.38,"Rack D",2024-12-29
521,423,61.52,295,416,60.41,"Rack D",2024-12-30
521,423,61.5,297,417,60.41,"Rack D",2024-12-31
521.6,420.5,61.7,268.6,418,60.55,"Rack A",2025-01-01
521,420,61.67,271,419,60.55,"Rack A",2025-01-02
520,423,61.22,242,422,60.03,"Rack A",2025-01-19
521,424,61.91,273,419,60.74,"Rack A",2025-01-20
521.6,419.44,61.54,267,417.5,60.34,"Rack A",2025-01-21
521,419,61.66,260,418,60.46,"Rack A",2025-01-22
520,422,61.63,256,418,60.42,"Rack A",2025-01-23
521,420,61.7,260,417,60.5,"Rack A",2025-01-25
520,420,61.7,260,417,60.5,"Rack A",2025-01-26
520,420,61.7,260,417,60.5,"Rack A",2025-01-27
520,421,61.88,257,418,60.68,"Rack A",2025-01-28
520.8,422.9,61.07,299,418,60.04,"Rack B",2025-01-01
521,423,61.06,303,418,60.03,"Rack B",2025-01-02
520,427,60.38,266,424,59.33,"Rack B",2025-01-19
520,425,62.41,251,420,61.08,"Rack B",2025-01-20
521.51,422.9,60.74,291,418.57,59.67,"Rack B",2025-01-21
521,422,60.79,283,417,59.72,"Rack B",2025-01-22
521,426,60.75,280,418,59.69,"Rack B",2025-01-23
521,420,60.82,284,417,59.72,"Rack B",2025-01-25
521,420,60.82,284,417,59.72,"Rack B",2025-01-26
521,420,60.82,284,417,59.72,"Rack B",2025-01-27
520,423,61.07,282,419,60,"Rack B",2025-01-28
521.1,423.5,62.08,262,417,60.81,"Rack C",2025-01-01
520,423,62.05,264,418,60.79,"Rack C",2025-01-02
520,425,61.59,241,420,60.27,"Rack C",2025-01-19
520,424,61.03,277,419,59.96,"Rack C",2025-01-20
520.34,418.4,61.64,267,412.89,60.32,"Rack C",2025-01-21
521,422.9,62.13,260,417,60.8,"Rack C",2025-01-22
520,420,62.08,257,418,60.75,"Rack C",2025-01-23
521,424,62.17,260,416,60.85,"Rack C",2025-01-25
519,424,62.17,260,416,60.85,"Rack C",2025-01-26
519,424,62.17,260,416,60.85,"Rack C",2025-01-27
520,423,62.29,298,418,60.95,"Rack C",2025-01-28
520.7,422.8,61.56,291,417,60.44,"Rack D",2025-01-01
520,422,61.55,294,418,60.44,"Rack D",2025-01-02
520,428,61.38,262,423,60.22,"Rack D",2025-01-19
520,423,61.96,253,421,60.76,"Rack D",2025-01-20
521.11,420.43,61.37,286,419.91,60.2,"Rack D",2025-01-21
521.95,422,61.72,278,418,60.55,"Rack D",2025-01-22
520,423,61.67,275,419,60.5,"Rack D",2025-01-23
521,422,61.76,279,418,60.59,"Rack D",2025-01-25
521,422,61.76,279,418,60.59,"Rack D",2025-01-26
521,422,61.76,279,418,60.59,"Rack D",2025-01-27
521,424,61.9,275,418,60.72,"Rack D",2025-01-28
